"time","CNA","EAS","ECA","ENA","ESAF","ESB","GIC","MED","NCA","NEAF","NEN","NES","NEU","NWN","NWS","NZ","SAH","SAM","SAS","SAU","SCA","SEA","SEAF","TIB","WCA","WCE","WNA","WSAF","EAN","SSA"
0,0.426909004974265,-2.08439178930304,-0.368375139635676,1.44079548646911,0.993588956807528,-0.37172449228279,4.77337788451761,0.322385863470824,1.4670766835271,-1.7251687225437,-0.188566165537205,-4.63007560747564,0.0887217062642304,-0.742534256980558,1.36524288158727,1.72067103877682,NA,1.28030050454384,-2.49029852023363,-0.847579080588543,-0.0725237170355015,-0.916163284853338,-0.347020201680751,-0.946142708559917,0.885484984473166,0.324614477024256,0.911851406594058,-0.232316109006553,2.51325180883754,0.38125968240306
100,0.478667182731947,-2.20070447646058,-0.446626624859547,1.28089765872236,1.04125405708675,-0.421777691901916,2.5607912331448,0.154026208273831,0.940795680886908,-1.75303445294979,-0.433770496763659,-3.67656189489934,0.680468836202124,-0.276906522255388,1.06966353048265,2.85639020852739,NA,0.743010283633569,-2.49029852023363,0.771493876688046,-0.398878816775619,-0.86552549443193,-0.961260904709159,-1.26627555560897,0.426333499152797,0.457592430787876,0.77175616156291,0.209627797067823,-0.527825570664294,0.208617217163099
200,0.271811148158889,-1.81234779153673,-0.273933514287969,0.956410453901536,0.556010239458617,-0.456236743535624,0.727721327764365,0.0789148434943075,0.0804223979852381,-1.44085669377408,-0.322245095421409,-3.86937484960318,0.360089911679995,-0.208472604273261,1.76563550949748,1.48035163608073,NA,0.657265690476196,-1.5768973204836,0.677636266911659,0.0211104206435151,-1.09448789217054,-1.16179383956167,-1.07320258815332,0.256064994035772,1.12359888332988,0.470533664544884,0.783800024461058,-1.59120708826433,0.145202350415181
300,0.47879311111876,-1.78934072653135,-0.524707663209599,0.785431833902927,0.820474319790659,-0.449210882537018,-0.713300223098881,0.491366294715553,0.110925041175901,-1.33785445771354,-0.38276461136764,-2.86079437631928,-0.0207258369499836,-0.184163866390577,2.11077833218659,1.54115618140219,NA,1.22067776415324,-1.20291186712319,0.978285035971976,-0.363420311189718,-0.8923770122503,-0.758460705236664,-0.896952402174551,-0.554698389403583,0.813375253066764,0.586803009188357,0.877255821730418,-1.24617067537256,0.00182368679620504
400,0.791860920535383,-1.76925103661321,-0.421517728073181,0.906218626074517,0.586242381407536,-0.30326215772885,-0.71892483675888,0.294836802869089,0.136168581790415,-1.1545663447434,-0.295570912978817,-2.98189777965422,0.135156561943873,-0.401607849425588,2.20831644626993,1.75607499697455,NA,1.40314309417546,-1.20291186712319,0.721343527894208,-0.180832493086482,-0.930430858799817,-0.988225231751113,-1.23268632197976,-0.172450910949478,0.423471015915911,0.704054017850191,0.236685830427934,-0.520659629870741,0.820157283216362
500,0.735356316779079,-1.49776932775485,-0.182983103190519,0.657914979451714,1.10557050619909,-0.538418931165926,-0.597958214128263,0.133075606834614,0.0633737778449368,-1.38797725120982,-0.366512779922375,-4.87636323466084,0.111747605105425,-0.285019480278139,1.42542583342572,1.14373959366624,-1.29131355430303,1.61476365093133,-1.14338269275368,-0.329222864270438,0.203512784607609,-0.607909332133631,-0.584471333021055,-0.982265201214723,0.341837197448573,0.642317820952388,0.609831809013526,0.423806576169408,-0.62885840096202,0.795891757787631
600,0.867385126297506,-1.60755574198754,-0.0519697744580131,0.596475123189736,0.370199437117732,-0.677007512494764,-0.815983255452951,-0.187470064356687,0.0269850709300721,-1.41993741130079,-0.102294595518804,-2.88443888198608,0.356198667572477,-0.221858363370611,1.10720521204013,0.297667615984183,-1.29131355430303,1.60562242168523,-0.525041321345515,-0.234172512004721,-0.206059551861929,-0.539902017196892,-2.27580096474046,-1.18985664639401,-0.0597659808150059,0.420834949371603,0.55720301855379,0.783434984863686,-0.572724658036744,1.1641979714585
700,1.26089835768073,-1.97548649368096,-0.16043175001407,0.463491750279996,0.470452508117458,-0.694726888424623,-0.50817748944573,-0.246524245802043,-0.0991235635944384,-1.48749435357533,-0.0965759202606658,-4.5650792885531,0.219317272846348,-0.118487862916102,1.30363424160727,0.575669753823827,-1.29463899109203,1.58076017560091,-0.473951529069334,0.0210471131120356,-0.557683770529406,-0.197858119939128,-1.8819859386452,-1.26008552772277,-0.26499597343474,0.516299604841746,0.313146502638706,0.796174202452379,-2.00239973348618,0.129990798523994
800,0.707530751919577,-1.69628730062937,-0.576284313890127,0.430684801245724,0.422843231213084,-0.853814775163432,-0.60206118708718,-0.00388137630129202,-0.314440367857573,-1.4428774111749,-0.42254042877226,-4.49003888450517,0.0154350718497622,-0.029380155930177,1.30105066160019,1.39699331163781,-1.30679474282281,1.707672671169,-0.473951529069334,0.0113049465649992,-0.385610346163656,-0.208620308462426,-1.97589736406689,-1.07389353458338,-0.0666455156226125,0.392943201308274,0.537369635908858,0.557416655179438,-0.459412730115915,-0.226151115370155
900,0.6395963042627,-1.87021491396802,-0.572654433495145,0.546446460210483,0.487104318579779,-0.662076301836767,-0.380381490317438,0.0773936400996715,-0.379792414532565,-1.33829648673456,-0.371278323365199,-2.84977734826907,0.0383710783764292,-0.117553561180772,1.31760790453132,1.41976936091472,-1.30679474282281,1.70467290090164,-0.693108361938107,-0.0388581677372545,-0.725294090735853,-0.514442541179357,-1.73740118364495,-1.32369120410763,0.13672440574331,0.356220976709049,0.0988211222839598,0.547261923768872,-1.23235235786969,-0.475248863041598
1000,0.732798044076301,-1.6199060492909,-0.586830526599032,0.569580799850286,0.592906643390278,-0.523111605201425,-0.156798833125617,-0.0316645363626845,0.719615509431397,-0.762598725893102,-0.212605743525192,-2.32851329751858,-0.110745121807747,-0.268252535787892,1.73154107915037,0.930162912313135,-1.32059328512533,1.92524814177439,-1.64567136553391,0.175056634785665,-0.248264522244316,-0.892884895896752,-1.34322547883709,-1.58945211743073,-0.383500120672291,0.444921182458426,0.342158889019876,0.276398207548934,-0.705695268864042,0.218782749926899
1100,0.474877301184738,-1.51327629812165,-0.46490556683069,0.597260432167585,0.471250442158169,-0.442110955169262,-0.934878321357916,-0.0576640928029093,1.23733026472279,-0.837501740406519,-0.206630235424947,-2.49509239470551,-0.0963076637292747,-0.20262691849234,1.49205389728018,0.696420556982816,-1.32059328512533,1.98212232258513,-1.64567136553391,-0.192426616881395,-0.555035054459432,-0.402912504275604,-1.18657642455963,-1.96472488671237,-0.614460798619438,0.489786060325607,0.231375704749696,0.0444126601021924,-0.456750560298363,-0.188762849351369
1200,0.52113298163211,-1.81864576139245,-1.28915410881394,0.637265817996844,0.620982101183272,-0.594024673466351,-0.819179562406362,0.120236479521988,-0.411840668850402,-0.815784108439211,-0.176661439862287,-2.81015617208649,-0.147002290453379,-0.4556360598991,1.30524643889427,0.702938763367962,-1.26539125038281,1.47895833628028,-1.64567136553391,-0.33708055930628,-0.858820041238242,0.143609735079031,-1.7989804054831,-1.84404135064313,-0.513531003292443,0.430458995050834,0.138444672714491,0.183864779531729,0.223161312605471,0.0998917234261335
1300,0.559018619312899,-1.55821270127497,-0.809902930930323,0.721584898186997,0.413070131089948,-0.0267635170045642,-0.588225445428606,-0.0334974713258966,-1.1550917509224,-0.839101008991014,-0.0224050088274442,-2.00719791574083,-0.199358593265552,-0.0637769612533488,1.30685921984055,0.664129416241191,-1.26699983909771,1.68621025632108,-1.54437714163152,-0.433691252808783,-0.680871591490829,0.381407044317946,-2.41413981305886,-1.87090973611804,-0.650034362704516,0.55406731639521,0.396866796750328,0.0730082320727712,0.0681359420626755,0.348712927097883
1400,0.562797701637406,-1.61539719376039,-0.570590222615316,0.770022690077981,0.246490026786818,0.198679973735929,-0.271602827493428,-0.0265999419282227,0.127146982605419,-0.869090802050496,0.0893354208901798,-2.42090936673211,-0.1556740806362,0.0818253976957901,1.27067798023457,0.661332927041413,-1.27432797864073,1.57638444051702,-1.40345811607977,-0.341862912185251,-0.693482195577676,0.0243985100699327,-1.4085822110342,-1.62504206078063,-0.10632048128382,0.433650718494682,0.358679120132535,0.476595145907083,-0.111049888646034,-0.424660841185008
1500,0.388215068707894,-1.76979410611376,-0.457163422316364,0.887128872410025,0.405735311822577,0.276548393379204,-0.684291332656753,-0.00620548858596067,0.151964522126524,-0.80508542364489,0.219837147997803,-2.13097246404593,0.0907112976651098,0.196686050509228,1.38661340077021,0.0911485461835371,-1.2898116805966,1.67735508432524,-1.40345811607977,-0.222502850901557,-0.556385079017007,-0.231257961301932,-0.3983914225782,-1.21298546891482,-0.158471643146948,0.370757099508824,0.46403743628939,0.502403687885171,-0.422798102499237,-0.213442185561755
1600,0.432383578834069,-1.75336142442817,-0.161710055521489,0.763238977474613,0.382999798802346,0.164685253952156,-0.359502872614452,0.058367709792725,0.216888835666157,-0.954992254189519,0.189028055351415,-2.69264016215241,0.0520852435963514,0.200212371493726,1.22553227205582,-0.292657575185927,-1.26938384593694,1.48232343783303,-1.40345811607977,-0.199171863805802,-0.587958709830599,-0.222360788252249,-0.701233042756088,-1.01139370295101,-0.21880405716767,0.314744748944959,0.426242674554465,0.135692568414191,-0.517778742186699,-0.511660260948469
1700,0.57080937550508,-1.41999355682571,-0.14275150056941,0.645061570684651,0.414911997187345,0.550134674102458,-0.120566641796046,-0.0405443890207347,0.113383845007881,-0.869706047524925,0.131538056080628,-0.194103546795063,0.279162464831119,0.0509496699353691,1.37705858916267,-0.492623800126624,-1.24759364531672,1.44110905656571,-1.23666201942556,-0.580744759384169,-0.353451875687912,0.296045054478582,-0.851860690944875,-0.960468779876016,-0.387465443781964,0.120965766780801,0.538788697770143,-0.0107839672255583,0.458194608734014,-0.0990431359606308
1800,0.722166361938192,-1.43590773499285,-0.162858887858757,0.583364005990854,0.218168919264711,0.779704976573848,-0.0719260358107395,-0.057737229665406,0.25299743835069,-0.866577481604044,0.187338079269856,-1.06998038190186,0.101899816507683,0.273015932854051,1.21877311602502,0.182320765199501,-1.24415199145418,1.15499976329895,-1.0604360565712,-0.618995244104705,-0.429114995063012,0.728896296200148,-0.446897810755808,-0.845273933534489,-0.40412695921385,-0.041561703421259,0.319355538952857,-0.239501136400802,0.466601256065215,0.00874632844609689
1900,0.988210543392619,-1.4032940847042,0.0312184587440741,0.662709357162503,0.239128465853935,0.824155484840625,0.907959701846453,-0.0452439753251243,0.343893767596619,-0.771569738409276,0.142646527121714,0.0711720484960349,-0.224714289671266,0.164671777127315,1.09204104153761,-0.134809279754736,-1.24920089168823,1.10688842889933,-1.0604360565712,-0.581922676290348,-0.0469636681940677,0.782242514775444,-0.47573285309801,-0.797982266955324,-0.368701734260519,-0.0912205978758308,0.324439054697872,-0.33974221257816,0.282349484542883,-0.626878052897229
2000,0.517445487946727,-1.51321764308921,0.248960528471967,0.73297596756485,0.354222989011509,0.948043873228061,0.274690615516319,0.0761241248222634,-0.217087569870504,-0.642675690886336,0.027778306348897,0.633828809926474,0.057021907235811,-0.116379759831391,1.31908893035114,-0.557809959160146,-1.17283884569406,0.785151452253963,-1.0604360565712,-0.724414136071795,-0.305125398227486,0.479576811130866,-0.196740229234425,-0.830616065540964,-0.656785932978113,0.0300583983391911,0.0627124622216106,-0.690197190755613,-0.343932587344603,-0.508926808722023
2100,0.533288927512602,-1.36642068467938,0.0669352014418296,0.662601644814531,0.129233372665382,0.663173745184513,0.353918874167423,0.0673270904966914,-0.242992913860871,-0.606879509580643,-0.00197793229588275,0.177459506829247,0.137013528041766,0.0655107796780356,1.18576205377483,-0.507068763378978,-1.10075538323243,0.568017340624695,-0.586529583680888,-0.776628794777231,-0.692656164763709,0.359904177843489,-0.118432424341311,-1.15559086082071,-0.304568934740489,0.025235754031524,0.0503304018259404,-0.3237622573659,0.156868882793872,0.0463387291431495
2200,0.58571623358739,-1.40494466758498,-0.307331615824963,0.66662503166466,0.485734040814013,0.465191427614635,0.384596940574143,0.0878893631591654,-0.260017349731538,-0.120907162265697,-0.0977053360360213,0.38763218719313,-0.0254871127501397,0.227510775911372,1.28217370681627,-0.660719150317714,-1.10136410454184,0.595779151109327,-1.07708209648057,-0.538446668164623,-0.0495032914758657,0.571018370524956,-0.122206003448836,-1.20292815789294,-0.406025458746787,-0.108335074692347,0.00795187250117192,-0.393648121976351,0.245118110037996,0.3662885699887
2300,0.551569053419633,-1.39887048124305,0.00567307821885749,0.709354570463311,0.408321773396545,0.244481550585802,0.20938839844722,0.130297165836738,0.0995666806665236,-0.567889280435762,-0.0331710950160286,0.569405207332618,-0.000886557293831618,0.186754075712552,1.30715023177911,0.00870174849897512,-1.09803367473524,0.472218353276447,-0.60319171911547,-0.493650206757378,-0.106319326423164,0.238074929315776,0.00368001197284574,-1.39681989783254,0.168966715818589,-0.22502932311263,0.0323474017428531,-0.154581392219021,-1.05432396172471,-0.366346695729222
2400,0.728153776727484,-1.08615037216276,0.0354540477792654,0.669666107872303,0.315069463545535,0.186432180171188,-0.059135697493672,0.261751555823237,-0.103639974310828,-0.756091778624581,-0.1912074543481,-2.51831829389285,-0.0470290326503974,0.366902237302329,1.47496885446116,0.23835866162157,-1.07227867079117,0.369067042244489,-0.747282677055133,-0.419283381718781,-0.0601564190677344,0.0529024445524826,-0.127462725702517,-1.53697146456921,-0.529104645893287,-0.134999300989095,-0.0799578159686795,-0.323775627431827,-2.12582208236626,0.0111981547323375
2500,0.635153664605193,-1.18884795013171,-0.100260102922934,0.623441140400609,0.153783634667185,0.48580256746219,-0.446528936908555,0.224794191391507,0.0277529167020311,-0.663337068334207,-0.199355348420869,-2.48019620459475,-0.282096034559581,0.521563280671792,1.27667028530917,-0.213855253307161,-1.07252249143512,0.530997518432534,-0.804585987648684,-0.449571044102966,-0.114871261862343,0.243198240736166,-0.511676948780419,-1.10445667439352,-0.400789870761569,-0.231902516293935,-0.027538266676273,-0.588202707522281,-0.236209077423566,-0.585724341803569
2600,0.766809084587118,-1.07036933207974,-0.094207822201743,0.551747549071584,0.150333886362678,0.524842237129862,-0.248416706923442,-0.0275200588160592,0.0911700992977414,-0.527055990284826,-0.0284314765514584,-1.74285560652424,-0.242346274366937,0.456456808515301,1.55906968864385,-0.488961233904191,-1.06545873162083,0.804498165229149,-0.843095153349011,-0.424690878245557,-0.00101857054237241,0.0477106679825496,-0.483245261524871,-1.26850849300498,-0.115075420727068,-0.320758084900555,0.0760002219005295,-0.35393126823732,-0.127960240600314,-0.5822178255868
2700,0.631328999935999,-1.17084841108415,-0.576997335943411,0.534095312953065,-0.326629109007985,0.19192919499597,-0.748954504090822,-0.00215749583899312,-0.16023628978346,-0.680437219623594,0.212622462182954,-1.29622578566631,-0.0713280493752292,0.215202483372796,1.13252653299773,-0.360353624830309,-1.06545873162083,0.658890894113291,-0.71734603048528,-0.616372768588047,-0.0139194149869716,0.384612217081601,-0.265939459663388,-1.36004055514434,-0.266874663101799,-0.232605433592834,0.0230743353506719,-0.248270558694488,-0.462666278828292,-0.76821884746289
2800,0.520590251714294,-1.02472885429029,-0.525520002243887,0.483408947027009,-0.409698092046713,0.0991592635410626,-0.505713284566015,-0.281678014546206,-0.24236664170604,-0.122459045361358,0.36418219298285,0.560097129911056,0.0448491549185475,0.170862381539043,1.30538127696381,-0.274332395257455,-1.06545873162083,0.316758207911808,-1.14161687384422,-0.871435215680515,0.0711233976997673,0.17956173272497,-0.136806190398319,-0.67709141003773,-0.467774632539004,-0.207562984571761,-0.0141476256270396,-0.593489071580608,0.799456514615444,-0.569529146682096
2900,0.515432462601188,-0.879048842403876,-0.580124523107644,0.43468826160112,-0.743247054431077,-0.065144805568985,-0.325542851178968,-0.213664528699246,-0.307909326482478,-0.429667330089612,0.470936732122779,-2.61410030623371,-0.0558007555171065,0.231830645888106,1.55428646430139,-0.197837610692838,-1.05559531606931,0.0700021261312631,-1.14317730182643,-0.915913757955123,-0.422960556958964,0.283884023103647,0.148634881041205,-0.587392840931531,-0.213752138560641,-0.222169820656857,0.122623110612224,-0.370652090921858,0.0141685460217784,-1.03458439711535
3000,0.493048227244041,-0.952065091643746,-0.563967639923615,0.387699882424585,-0.791874890453136,-0.50684962109554,0.0448747919745521,-0.0579417606699065,-0.307420322875986,-0.179138781477719,0.271352730153036,-2.34352957314565,-0.010534782542609,0.143777043894793,1.54530791927605,-0.546249503583857,-1.02238224216324,6.61148810445847e-05,-1.54718700562827,-0.563346975549443,-0.509064382251395,0.0654576878512191,-0.316264790411666,-0.486370141331395,-0.265528745888085,0.0860525481102548,0.287653889130409,-0.668912170323499,-0.779879496901798,-0.61036034922303
3100,0.57619972568081,-0.881608696204443,-0.15714346658452,0.415286851670968,-0.581962949223084,-0.561531846224755,-0.512822786006424,-0.247019742487677,-0.354002257893152,-0.186304348341306,0.296934972803773,-0.0601437927685929,-0.0351691851247911,0.0686430720275863,1.24854899889366,-1.21362851379154,-1.02238224216324,0.0981993467981613,-0.67316277257818,-0.566363546916166,-0.146147686276013,-0.0577774675509002,-0.866823578710646,-0.354830087851536,-0.140343639925109,-0.0525989987820883,0.302256199556903,-0.623124693166842,0.311168044456221,-0.608013381589258
3200,0.462131152035644,-0.773135592552978,-0.0802796735919955,0.289813745078518,-0.263684251080524,-0.582737460485526,0.0177797344029991,-0.181712939321174,-0.0519393588015525,-0.210452545940215,0.420578652236844,-1.96414754662881,0.206683828834879,0.133233066570391,1.17438405808276,-1.16082386248715,-0.565280034886161,0.190085914688866,-0.752115846833207,-0.502479067277232,0.244727321037955,-0.337541309620341,-0.343404657276588,-0.551775151123517,0.131143814079413,-0.149337910372718,0.352689418397691,-0.395277042772113,-1.01014989857161,-0.636023510540552
3300,0.355122478940059,-0.693974836051028,-0.27726445401998,0.358335824352589,-0.131849167798824,-0.754362005123252,0.106898466195228,-0.121583052699395,0.162749246871696,-0.545596673237534,0.43350426464978,-2.63343271325377,0.332098270099982,0.326101719674447,1.3061579294605,-1.05704588709435,-0.376588495134154,0.303747944454328,-0.826949397439987,-0.411681124108468,-0.195981238280614,-0.199010513862234,-0.208196427077789,-0.622500388064631,0.226687082491985,-0.111234033493425,0.199656233687379,-0.32646012842124,-0.284998756138375,-0.632601253545117
3400,0.188867578683523,-0.718424647713219,-0.0498586401171927,0.469022804150985,0.00532965611416939,-0.923374858270731,0.0334518303132042,-0.0814594352763094,-0.00799412582403471,-0.578530897425335,0.274180846074915,0.0923480385915313,0.511974693581101,0.343148791310774,0.800055683609942,-0.811416672840823,-0.309298158727621,0.441925202514405,-0.44663235079458,-0.379219914250444,0.118783366294577,-0.0859469794918169,-0.150078329346285,-0.653847174355013,-0.155324442635883,0.0334236390897086,-0.00512568078924204,0.214485335531922,-0.0153818369912593,-0.256443083577439
3500,0.23978906500006,-0.78077302467897,0.0901567085046116,0.449350086349108,0.171208451058794,-1.0017945018172,-0.0131649912889605,0.134529961444235,0.155389956993144,-0.994327618268887,0.0121710089423344,-1.42692854997601,0.395065700611833,0.175183591965184,0.155677149895265,-0.44557209475112,-0.283319031479029,0.181246855730099,-0.874737540835866,-0.807928984764718,-0.378431382047733,-0.00631470980374052,-0.937816288494018,-0.710176874294098,-0.348419145080258,0.126344050025675,0.252884646334525,0.390087074659397,0.157395386993591,-0.546346738194625
3600,0.109206313458604,-0.793942466964659,0.121199930787551,0.45740311079345,-0.209324275546234,-0.908962908081159,-0.324185702907285,0.24345676008425,0.188511640749241,-1.15048288596289,0.0453244822420521,-1.64752932635536,0.255824988255894,0.111094446478756,-0.00274789760808047,-0.383035370347131,-0.284221618888491,0.150615416737115,-0.600919851660106,-0.506224837945795,-0.0973980659975277,0.123519483035927,-0.841890853409877,-0.660757170234645,0.0683005878442141,0.0422918857129854,0.213025628803751,-0.0811923583025274,0.829183466276505,0.296483422061626
3700,0.182409276540086,-0.781970050794321,-0.00922994111867957,0.505679687132226,-0.535615525980179,-0.85397848861371,-0.0516456255790284,0.113084592263878,0.303915171655386,-1.13843443451649,-0.116759058697066,-1.85617709581561,0.0292338777179522,0.306593136098767,0.170284662152779,-1.00914841418334,-0.29243092875896,0.523451170072189,-0.288673231682585,-0.539386384374864,-0.0263509340711095,0.333363897523501,-0.76831397396967,-0.496483602372318,0.00100082838042233,-0.0540034497097973,0.218785520038366,-0.14779936771307,1.24545197691124,-0.219566740079127
3800,0.172305173521119,-0.595966361107135,-0.147692491020411,0.272987249042881,0.0948280035980661,-0.951978687449867,0.28775634689931,0.0149018213738421,0.0516781877023196,-0.765172246937103,-0.0251848848333484,-2.76914756433316,-0.0474753516069803,0.276172712261549,-0.125863027250581,-0.737661394956622,-0.285295499000909,0.4500017325889,-0.0959945799166784,-0.404598144315654,-0.0306263243365312,0.208698508365104,-0.413694278552305,-0.826258456611374,-0.0924328307410094,-0.0965851583277696,0.16622304812225,-0.255428687151535,0.631227481994178,0.627967478140692
3900,0.111304278933646,-0.466496784976164,-0.241372106972486,0.155970369477053,0.609023026782287,-0.534168196989087,0.0815233442879765,-0.309674320382359,-0.353787729081263,-0.507269238099806,0.177198093483871,-2.72301683476902,-0.0522747281046614,0.34782843897566,0.261411981632,-0.180339562676315,-0.262519663233923,0.103663656342213,-0.763207019078497,-0.306203836649205,-0.205896837641622,0.383986469908825,-0.471687608514778,-0.49181114469342,-0.342440274177903,-0.100692414164731,0.16300059173428,0.0154318022657767,0.565700964629615,0.874723870472372
4000,-0.017574913221306,-0.679821752100184,0.0560503741840386,-0.115508663205159,1.24411235602912,-0.353788133113497,0.281583510123427,-0.341910611443671,0.0142557778854138,-0.325644234173819,0.228956819058061,-2.24325542066498,0.124528008761916,0.302440874485444,-0.0363847145438641,0.095910136986333,-0.11679820373424,0.0245077473385634,-1.6879784611854,-0.585134971622112,-0.00911732788017135,0.62253685022786,-0.641252109695712,-0.414679890376705,-0.408729774214807,0.110715653845241,0.0963761871089784,0.281449888123002,1.1168101543038,0.50551078183418
4100,0.0417295643025483,-0.511379968206007,0.0621947740769352,0.00240021735870944,0.976740651822124,-0.443435715167934,-0.211047839715984,-0.251965471704118,0.036104731931435,-0.320555285888216,0.112233383498574,-1.30660185307993,-0.137514962778043,0.512422939931057,-0.117803066793115,-0.147276911936262,-0.124241798767566,0.170437888508752,-1.2093679580268,-0.240058333254577,0.237859231767626,0.659262791977061,-0.570838538040814,-0.239431303368199,-0.395341774798832,0.035021499815271,0.0476427511109433,0.635638385502623,1.0562793678948,0.296496899699716
4200,-0.151256514251082,-0.36413347321191,-0.0396812286934328,0.16282576958958,0.547496752244629,-0.361446911034383,-0.174616148544668,-0.00411348499587368,0.369938005313953,-0.268627360073603,0.00327582057730348,0.547185776738736,-0.207914294213469,0.177412062363036,-0.133367677226004,0.225489417758217,-0.148860234942302,0.210033283770795,-1.09276428835714,-0.148353023603365,0.0155297476852245,0.0945340975280241,-0.525135962909424,-0.415750506973044,0.28363134529531,-0.0333119126210362,0.14071515383357,0.308947631834309,0.822179749379235,0.225537063474683
4300,-0.0250531090767025,-0.265319608979334,-0.0820430182679201,0.146542439623322,0.241190545444211,0.0198459850166269,0.0282681822042351,0.205828572079068,0.341472953149911,0.0826574504490719,0.0142261482583715,-1.78106155850966,-0.193705743155272,0.244046079368357,-0.184332345479975,0.214043288447732,-0.214194136930178,0.263857723481136,-0.915904649851263,-0.0788390237633762,-0.132942945875137,0.2566857558341,-0.364282793742408,-0.531235682520315,0.113928888126748,0.0242775547223963,0.0212493407651218,0.219132326332679,0.409784896608946,0.2088113011666
4400,-0.107156863629874,-0.383788763023512,-0.00124251743003951,0.257059504510907,0.0776506921549943,0.205842174521283,-0.169737121807781,0.0834284831308003,0.465476821771693,0.0996708351130826,-0.0997895924037087,-1.39332046769525,0.0910975865464592,-0.0166976044609835,0.113232304282018,0.211885460995209,-0.252845944759499,0.256030691690763,-0.803988164372284,0.0566996303171878,-0.0470194182900888,0.489742206016101,-0.174361175491957,-0.4139687756134,-0.017072955108593,0.0637099565461332,0.0964904592773821,0.0131208841181456,0.8406172096059,0.150425055536469
4500,-0.132776876213605,-0.342969283310568,-0.0764554847288163,0.0637093007808435,-0.0256338835666328,0.0110846938840005,-0.161656093782705,0.160005068572098,-0.0264963014575232,-0.0406771425428693,0.178177600521414,0.50376304071682,-0.0794486621871343,0.226717459979898,0.161619574170637,-0.0859647434086794,-0.557997615451668,0.26649786203366,-0.937092253879733,0.317818476781317,-0.102979500297191,0.779746040540897,0.213266151365294,-0.0993454685432893,-0.118333015919425,-0.0528806799909816,0.150001740876859,0.0422492599275781,0.50923344102876,-0.112402381634796
4600,-0.245274000265601,-0.324008379738179,0.035451752279762,0.0471897873591133,0.153759567565355,0.395185064094846,0.0587393354616042,-0.0115590346860785,-0.0476751728056639,-0.142517736077608,0.411180545930329,-1.04964384986982,-0.0621171481387768,0.239234532302309,-0.0934667064910896,-0.247959906665534,-0.616492790402328,0.121648316793924,-0.907170666790608,0.324551176025239,-0.147739357979403,0.233218500260193,0.0501289180613446,-0.252575121830191,-0.376815480705166,-0.00643182525699369,0.207698063320238,0.470377076958446,0.534838702966844,-0.0722162614265783
4700,-0.270428898822585,0.0510235047521172,-0.00523176388299409,0.0978329649791339,0.619324459341746,0.776820222543154,0.211831186205433,-0.0792695657071434,-0.157730938420419,-0.210332554528394,0.321322015554046,-0.821795125853275,0.0696344075963878,0.37468281177303,-0.129319792109355,0.124821079996076,-0.454845536445255,-0.127930991890773,-0.860181217782114,0.0756105032261684,0.282622420843064,-0.1753821974126,-0.058235211923584,-0.207750888416053,-0.485832117133065,0.0272555267190102,0.0230429476887223,0.258555819932799,0.508413821979192,-0.374936991397038
4800,-0.267973395643791,0.00572956790307203,-0.113882041214314,-0.00765456584528358,0.427603850279769,0.870646876977074,0.235724893331333,-0.226726723246895,-0.0144811342612007,-0.141199534371803,0.214817052173499,1.71074115384263,0.122741720981834,0.287217001488027,-0.36966603639681,0.2857151831865,-0.408240836100739,-0.34875833060326,-0.894900578079765,0.145485470788271,0.149683614727126,-0.0596461998362084,0.127095568301441,0.326343783854452,-0.221396617930094,0.0320956283229812,0.0594197133942946,-0.0145831189602923,0.218900174509846,-0.141762275776502
4900,-0.411119357029224,0.253707901396627,0.110598687780907,-0.091515766470486,0.205645072648917,0.825174091372841,-0.000622631561698728,0.011302943661523,-0.293296987623873,-0.183532174463155,-0.208129278623503,-0.30467465766566,-0.0828408256133737,0.244563115056678,-0.44460745614106,0.544904897919092,-0.436519562905962,-0.54750375877956,-1.06968146131965,0.220565196489925,0.399940621198808,0.0555099228227559,0.375540817439497,0.436719751625733,-0.281236750615632,-0.13821774936617,0.0674853043355271,0.356497718832602,1.07056355892667,-0.147498226614424
5000,-0.291652883369979,0.13591164531043,0.435251380730597,-0.152934060087783,-0.0136106005657098,0.952884914629239,0.396302990409843,-0.00366249732704012,-0.168300435462534,-0.108793444259613,-0.469088421544374,0.698753188587711,-0.227694700470827,0.353083180986806,-0.318201619071722,0.680867281093792,-0.519134604229132,-0.651164232456754,-0.710616161373493,0.286291785522644,-0.00277728509516331,-0.22435484933881,0.477981199333519,0.18084433210772,-0.189311201436136,-0.265422086678242,0.0802493373682556,0.32573718343222,0.683978182931243,-0.226672237953924
5100,-0.249398454727139,0.218569849455473,0.288010961482695,-0.03155411384176,0.0957823901326086,1.00773783823215,0.808858441922099,-0.197691392922599,-0.275754708341735,-0.0491562107695768,-0.328295736409084,0.736110929533268,-0.306380605874899,0.384012359161195,-0.843453655757542,0.546463990609661,-0.466140172873657,-0.598524621427693,-0.814779326523233,0.301203394690569,-0.0267949424562842,-0.28199103278738,0.673219442677618,0.195331448073309,-0.962676911047116,-0.391291990077436,-0.025263356276959,-0.392898203374301,1.18330127827845,-0.644636152703077
5200,-0.138492386877928,0.516807923997055,0.358757680177142,-0.0818475163957442,0.203204903935404,0.928590601905643,0.418057682948379,-0.221365496215078,0.0735990205900006,-0.0515018223694206,-0.350394275792934,1.00736002171517,-0.0988421238140357,0.513840162131764,-0.607998445342167,0.751863170476899,-0.429790086180364,-0.439245239966197,-0.726417150172114,0.341493324160784,-0.0525417735144124,-0.185510955356089,0.600013341825718,0.558495732602871,-0.812574568930191,-0.362977078248074,0.045823896568629,0.0745945195188998,0.6071666570035,-0.450173572894197
5300,-0.165663663657131,0.547950087861974,0.240433301937143,0.0312209366874255,0.310926682531721,0.874014392011915,-0.171780037834241,-0.0403040981510948,0.049804684735386,-0.0414311671001814,-0.266029139225848,0.516066662033368,0.110636889942527,0.51162431506566,-0.550539703864088,0.225819956191729,-0.395448488095524,-0.450420092030023,-1.12143911592875,0.400552167025379,0.12087878918876,-0.253901404107185,0.455034276557946,0.792222409832961,-0.609725385967789,-0.182379840113361,0.100459441549311,-0.14366155845295,0.00186403686577345,-0.167780665116413
5400,-0.269717419140248,0.700532708875896,0.458068215040167,-0.150505399264367,0.116258713350068,0.967856018635321,0.0691833475584078,-0.0219850083686229,-0.188737819674243,0.0597498977421548,-0.371831510764636,1.18259373430112,-0.0428423734267585,0.325502231862987,-0.344539841053403,0.0659903134893567,-0.373487693286051,-0.53354422386497,-0.855145621329925,0.413500425408644,-0.139211203984277,0.124418151130534,0.335371596998278,1.81359281306176,-0.483723654612461,-0.288379355592474,0.0956664101281744,-0.0132270412097056,-0.920407920037307,0.165055214770367
5500,-0.396773573543978,0.714202253107282,0.536399876870082,-0.304174400982583,0.289559035819915,0.628618756354379,-0.11686978413224,-0.0149714735207374,-0.207674614632166,0.133841885882583,-0.597397927570344,0.657397270598203,-0.187792174806744,0.230269149404919,-0.393650582345571,0.126399440888282,-0.199736234045354,-0.903201960193842,-0.628182021460558,0.444000116909121,0.052261142978569,-0.160391264043462,0.0318717037439047,1.63266140628254,-0.525852976282967,-0.00181277889988915,0.0782235512134627,0.361144795267096,-0.825009537455056,0.533309387724092
5600,-0.474241981211456,0.97699048621466,0.643045671643357,-0.305188486918967,0.400495157185327,0.0796934132950438,-0.532913228804375,0.0820662249156146,-0.0492875064617489,0.114019667354424,-0.202378400719267,2.9103855898806,-0.162748373339019,0.357294747868931,-0.104743814588071,-0.0678715008958453,-0.179993559026165,-1.18233762694902,-0.38171803920748,0.510059109783853,-0.120873062466038,-0.201864063276088,0.139006756441945,1.14960578142247,-0.559798122143971,-0.0132254179837326,0.0239861189237887,0.178357238369518,0.176199641486566,0.364317409639969
5700,-0.36060054517522,0.955080487741667,0.150257655876082,-0.429201123196067,0.169744119573141,-0.286984987588417,-0.122839935890075,0.162308501433678,0.437922698245972,0.593834576258389,-0.163917290837411,1.14790184578743,0.0555762101267086,0.263366138695083,-0.389838524839335,-0.202770769944366,0.0998160772909178,-1.49339042277685,0.0291492676919311,0.459799981471844,0.0968455698643668,0.190918231228428,0.264556494276939,1.23578927789419,0.150614981048017,0.142432938920298,-0.0279495930279023,0.166860477751803,0.290362670006768,0.295055109097352
5800,-0.323532030840038,1.16369128907254,0.180149974842604,-0.491983174308452,-0.0857138648208552,0.0597475820232179,-0.0700109943823947,0.001462474942966,0.175622891420974,1.54087707179419,-0.224583640035856,0.178705886046353,0.353612620815216,-0.0583945248728979,-0.623326593292574,0.353091806928451,0.95221667113457,-1.68651120233249,0.681221240528275,0.326138548438099,0.427561689649347,0.409134302899016,0.385962823207661,0.738824882490365,0.11801220623906,0.276962167546236,-0.302413816556404,0.263990041263773,0.619936897054628,-0.0648548276291885
5900,-0.120288896508871,1.01318812106695,0.398501562483741,-0.640787744804451,-0.102949157255408,0.754359788320985,-0.579940972576076,0.107688155590147,0.0815387075581614,1.45721300177281,-0.637992866551048,4.17275448234277,0.1117212765081,0.0141022884565364,-0.611973951584821,0.400663522428496,1.06173616275688,-1.65309300925301,0.823067537447342,0.28185966268092,0.429955302102866,0.0306396982472376,0.18091554070815,0.660402651990843,0.0445949550087122,-0.149334762813594,-0.336726522683869,0.105068736575929,-0.038901720395216,-0.125112954559221
6000,-0.334238984375244,1.32779055743471,0.412028427711043,-0.753907368367633,-0.321470892095962,0.525712031047247,-0.760985799430732,0.104125230085153,-0.0114708077251573,1.84153779707547,-0.273270296746997,0.259221812131946,0.0867845792149537,-0.0973480301029257,-0.837213959928797,0.434846632210948,1.0660787806632,-1.22707257665496,0.50679582154041,0.336506887002667,0.356702600250761,-0.48296171217605,0.105448672966184,0.929224269928669,0.188872818597665,0.140164098397456,-0.484213902685328,-0.239299278727254,-0.137553364340847,-0.212137650101933
6100,-0.140899137943256,1.2079196668839,0.0142025175049755,-0.680099491066996,-0.417025898618527,0.682700589774426,-0.655473101716526,0.272572745293701,0.037745357220551,1.54491178970696,-0.435937107584748,0.605212719067376,0.10736213601817,-0.262940478138034,-0.782854234404918,-0.366609949292472,0.845888575195356,-1.10336099330008,0.580423932805833,0.50741840368214,0.551046246225507,-0.401154769054866,0.295183967420598,0.864681724728652,0.390900563888458,-0.0471306032078188,-0.398779149290757,-0.400098915583636,0.339359384478532,0.342017250923911
6200,-0.387347524153323,1.09748232485118,-0.25676900914619,-0.544195609124721,-0.561905103087548,0.741320330417565,-0.0268184980987413,0.387563984526978,-0.361022542735571,1.52274917667287,-0.749386394742108,3.47786457931071,0.346382907095367,-0.219285832808264,-1.21045604751424,-0.62458558502429,0.874697031134736,-1.46911241721608,0.507898341685138,0.755072309458632,0.65376124557089,-0.423304545041074,0.353150598071375,1.11751204974897,0.346211851910575,-0.177729722516843,-0.480101315165735,-0.0951638328213167,0.303807623091447,0.242151753911223
6300,-0.416154162430448,1.35847559844106,0.125769485237184,-0.615654155713257,-0.749773754219246,0.706985745890052,-0.0357047220198654,0.195049046224624,0.0688696266572897,1.55773031988378,-0.180959186932858,0.492691393658267,0.240511365313268,-0.143720131313268,-1.66809194122816,-1.10529198051364,1.15470953489236,-1.75504997879968,0.253278809570197,0.68068605443157,0.665395680998958,-0.148344697287254,0.445727819085581,1.59197516271153,0.709833413403992,0.0184336171891685,-0.364841172821582,-0.333862165260028,-0.00426993751999093,0.00846929982747355
6400,-0.216829878988421,1.62165078806604,0.273216967598136,-0.74272599592364,-0.959041199038082,0.508071840604785,-0.123108588456567,0.205683019190868,-0.111461578744023,1.72718284166635,-0.604449471670955,0.00812174536176322,0.177830297008967,0.30793422046262,-1.57810758937303,-0.862094305224828,1.32046307096367,-1.80481479616257,0.332419735756662,0.629344340952195,0.549435378527368,-0.307035651623546,0.581592907384023,1.55493809804291,0.932646010106546,0.0696838466567647,-0.390932721775374,0.0236628036593953,-0.162380050593494,0.12766998138706
6500,-0.384929041691811,1.43982966862413,0.223280580473852,-0.898381812122057,-0.825287174617924,0.331454335113166,0.0664645936165888,0.232959985664779,-0.208697999105717,1.72718284166635,-1.47596201767639,0.962132783386652,0.39561347636765,0.324325118116296,-1.49163382448256,-0.414237343434278,1.31911727387513,-1.84667352532149,-0.195596359880873,0.826286051969085,0.402021311289215,-0.0773710640624354,0.466798366114582,1.45801932317719,0.569583314281387,-0.218254842435196,-0.4113884258555,0.0466458283185865,-0.609326142103809,0.231417024007555
6600,-0.310439618175336,1.26830616593229,0.10917633164139,-1.04530363291584,-0.221301616310987,0.183871268779294,0.436356222179135,0.157689295227395,-0.35054406174195,1.77872872603909,-1.29960427531903,1.35329705364598,0.478639328513181,-0.0731606976144972,-1.760103188331,-0.10913474877082,1.31911727387513,-2.10110573038973,0.354319067173404,0.648765597785221,0.803480334775759,-0.681295947563875,0.19418836771128,1.62101360352025,0.60359176008427,-0.205909901083039,-0.293639490947909,0.0822415122805062,-1.41823833854374,0.916286138409032
6700,-0.456991375340928,1.54341578053822,0.149150253277182,-1.05688934893595,-0.823368690555959,-0.124742700199459,0.552043283147426,0.239204029350976,-0.544360904511559,1.61721365409611,-1.37589765785618,0.86420170689659,0.572259321093356,-0.493157927841711,-1.90894414181386,-0.0335646544261945,1.35400483254653,-3.08881762040147,1.31105091952959,0.481047640939797,0.65202093997353,-0.707630169669955,0.0531095750213479,1.52474417928203,0.77163603231517,-0.176577386004864,-0.215661430755691,0.220758840071693,-0.703005925175716,0.884946735817631
6800,-0.544554630601082,1.63915190751322,-0.185875622640237,-1.0888835031819,-0.959919980371395,-0.360528771280158,0.282191522391277,0.335501967826023,-0.532306499518679,1.62485996084402,-1.66466034295306,0.591258591210833,0.572262699274107,-0.335733756113058,-1.56451638380935,0.176988147976622,1.31338378557061,-2.46785019951664,1.78849465889715,0.711273809946197,0.798444957361416,-0.431613118794739,0.491727925465921,1.53838938364293,1.08398598257136,-0.0398788051109445,-0.379942443362358,0.260206483412409,-1.11573542949002,0.566121601444277
6900,-0.613460758079166,1.57395487015298,-0.189514140199296,-1.18195824558259,-1.50524974697147,-0.116359458818053,-0.0378071463874685,0.318508159279148,0.192004726848232,2.05869852438815,-1.62163546378789,1.5552816022167,0.409646855709395,-0.49496496988922,-1.66451629714106,0.53322222699192,1.58025727734297,-1.91535849503795,1.52377897155327,0.792460533275882,0.673682392280379,-0.722598522189896,0.67500984111394,2.0484693861296,0.971093089710664,-0.332387222311323,-0.300374879817314,0.0264413240806402,-0.780359206573205,1.34085239772482
7000,-0.594204271771895,1.59725858385108,-0.141829045580878,-1.15798557635615,-1.32952548791525,-0.014976718733088,0.420277924569347,0.238265838490599,-0.0711377647412231,2.15217683316298,-1.69437107464575,0.84242620176303,0.550007874869778,-0.770071305034455,-1.33627444899416,0.63118418242426,1.42094146636139,-1.76209357907567,1.3813581349057,0.884540632500816,0.344472262491254,-0.214911845753048,0.627935154226425,2.60208744829147,0.590782541587256,-0.231184190576929,-0.379742185394934,0.30463930965317,-1.24663812788858,1.2073321545124
7100,-0.452600526302061,1.54802939423957,0.178133425824718,-1.16255787100908,-1.19122816576812,-0.0809902041334774,0.24479644578587,0.459861377778751,0.0129396192683473,1.88517401678522,-1.60101318817923,1.11631508785601,0.507058364147069,-0.772241397790353,-1.18065418957497,0.667291885949613,1.31978398132002,-1.18791151641847,1.6486620516485,1.07956553128228,0.691497827842763,-0.228130383444906,0.685350427076223,2.69883006257513,0.514279321621866,-0.180132647869148,-0.421754280428312,0.829565684359409,-1.66449880427805,0.152294994490318
7200,-0.841126640220903,1.86029533910837,-0.0485395405554492,-1.31258797377409,-0.957702388996545,-0.273311104897137,0.200082068063004,0.350945343085768,0.179708570920725,2.00050738000495,-2.47154681339957,1.62111045629048,0.413971224391218,-0.94408408725338,-1.61428142310798,0.459525966678818,1.31978398132002,-1.02432403004844,1.776773707259,1.1743249232111,0.320980524643808,-0.537445134681246,0.747080251174197,2.33656608320686,0.855396668240583,-0.613829525714157,-0.487185937134928,0.486008372096761,-0.869013595982224,0.864443195133693
7300,-0.896552204531588,1.4501692598797,0.518315093665985,-1.40506597288057,-1.14615331247284,-0.242029802047032,0.479665670480081,0.36390475312095,0.211392701734121,2.04792305576295,-3.49325032563003,1.1793663395496,0.626873322217939,0.0759771465436736,-1.33961750101473,7.61094394853057e-05,1.43797010753666,-0.939791275084568,1.74487866932617,1.37021513114049,0.1290595657855,0.024648195303289,0.74064683581765,2.42748180582504,0.55887568016971,-0.290805429395447,-0.476085490721963,0.331132762066248,-0.0892236659424422,1.88658721720459
7400,-0.810616330143306,1.62341669114121,0.581003746931593,-1.49557944992244,-1.0321944707582,-0.0532662586853281,-0.0341245568668036,0.5358901814635,-0.0918247316608214,2.00513867231897,-3.49754855374854,1.94961535251301,0.471602421120748,0.224215022346355,-1.1772049900306,-0.0675760218424339,1.46643634910228,-0.5668548954792,1.47895406911582,1.1030976993283,0.44492508400727,-0.127875339059529,0.729636270965732,2.07190134877781,0.464528281653407,-0.0848201737365523,-0.444854416128445,-0.139580338263037,-0.435226175521809,1.75259341767701
7500,-0.827878359247457,1.55680303673214,0.67403708550046,-1.5626847774262,-1.07347958458569,-0.0438271269813763,0.277697430616401,0.286583453079792,0.0187548343110336,1.96847177288294,-2.72735247740993,2.20882429452012,0.370243657355475,-0.302433212607931,-1.70887946887418,-0.144320483435971,1.48642971883531,-0.390215852899909,2.31863261386159,0.947147559694527,0.471622475705275,-0.373051486693967,0.883598028133161,2.37761802946815,0.622724472105528,0.422126665657038,-0.306509875615526,0.283605487379095,-0.126279483542147,1.20916710841453
7600,-0.580491703588908,1.7263772950969,0.317769565263893,-1.51146421582005,-0.770523579674351,-0.092802222796818,-0.53531018893648,0.173254781461331,-0.337158216508528,2.02367393414691,-1.99920579376969,2.30775985604434,0.237152846549466,-0.709436896546882,-1.96849031677621,0.0343451517773972,1.45921454174154,-0.649871723284636,2.30307956954098,0.763709427034154,0.630731301556503,-0.0428225434520969,0.907325899164441,2.32324346564474,0.72789673967336,0.446569301749425,-0.341201460946444,0.0344226804779003,0.0107900051045986,0.526884831399963
7700,-0.489567062883892,1.63905223339886,-0.088608363018808,-1.57786058435752,-0.411507765766452,-0.0235829357013569,0.151450445816832,0.430632205536105,-0.205764680961926,2.037397570873,-1.92747467947284,1.75761104537409,0.102894434625063,-0.663213121012783,-1.85577950127746,0.383773989010714,1.42588247812456,-0.600581400016763,2.1705051219221,0.593639804603625,0.00191867187925841,-0.168436739719972,0.74295484599757,1.83791054203236,0.492960074384748,0.172937417052456,-0.513552546270341,-0.229138970570787,-0.14798322016283,0.452644477331216
7800,-0.549485950043142,1.69804683080561,-0.123576918357576,-1.65359054439711,-0.355190802527702,-0.0309082786102264,0.0929439883654951,0.656600664490323,-0.137989740548489,2.03523528529312,-2.23626902350757,1.73867110945428,-0.037409298134893,-0.827703222925738,-1.84931817812232,0.74438711774294,1.2116521613356,-0.582526204019004,2.07185167106728,0.612814156316355,-0.155112726735743,-0.414365970904693,0.781141682447299,1.68321821925683,0.370205130607084,0.171523106522398,-0.395028335725588,-0.0322827853853656,-0.228955226690903,-0.00695654827546074
7900,-0.480639078418816,1.53189261998413,0.347153395859287,-1.30196520792182,-0.310665510352408,-0.197286540307458,-0.978650160340199,0.633249598183968,-0.209464926016071,1.74148050878041,-0.818555930807955,1.62079706673,0.383552676887493,-1.35358558980012,-1.6375371129534,0.758621128722914,1.15318792138207,-0.29395104918403,1.93542271691023,0.737600017660595,-0.070909189567604,-0.81295641909772,0.51397312559329,2.0692928628705,-0.279601342020882,0.397378137390201,-0.277566208017061,-0.326770378178553,-0.228880697408548,-0.0150628878769527
8000,-0.258965870759217,1.6662617306069,0.801936368506501,-1.36654989867605,-1.2229078760793,-0.331396424255583,-1.21044131757915,0.430651716763039,0.082010368183609,1.74148050878041,-0.222105540004002,2.18784057702704,0.563908425018769,-0.915256660748803,-1.38446547606669,1.36905128146431,1.08520960735548,-0.0226507268471998,2.22351779424534,0.750910739751176,-0.62886887585232,-0.442526038371857,0.594798772830525,2.18661289534822,-0.393310768315758,0.21665290014381,-0.311873058535862,0.0552008036613932,-0.837247918980068,0.13184110942402
8100,-0.130739076899372,0.958336449682436,0.420466868740925,-1.50817932556054,-1.78348149520194,-0.874870757943125,-2.2959189021288,0.66668181053007,0.173940008069052,1.74148050878041,-2.07410753573311,2.36270111100787,0.494524106083979,-0.378375137052716,-1.63529850720544,1.80745632166118,1.08094726938777,0.0762977568723735,1.96893399285278,0.610556977274279,-0.513262429810783,-0.950387841540914,0.638528408876834,2.34644655852259,-0.336533054162021,0.287966061904944,-0.267238203939823,-0.361372903251083,-0.708627915911902,0.89472928742373
8200,0.00957219678831243,0.844481023584499,0.3051522117906,-1.62463816755519,-1.66933700343298,-1.03539558544492,-2.32748051851328,0.331699499282153,-0.0326985204839079,1.74148050878041,-2.4441682224379,2.82595872212695,0.477738767098807,-0.134417147177152,-2.12724354024782,1.66178299841136,1.11878954215046,0.534517289559074,1.76314305817861,0.0991083493724454,-0.865091863263263,-1.8354571331552,0.915832695404351,2.37767899938086,-0.399943756311667,0.3055009223374,-0.239574367761382,-0.134118457575574,-1.20735349520141,2.14181836889595
8300,0.0328726105608499,1.2635470841724,0.32697555574499,-1.53197375295444,-1.31909960412797,-1.11220421018075,-1.70423320480239,0.455788116480578,-0.224798323053765,1.74148050878041,-2.16739134189148,2.89799219735004,-0.214333376499071,-0.182756963858068,-2.13264248369179,1.38725771165803,1.09569335885632,0.384413937424733,2.03358926291549,0.380082354204749,0.38726954081334,-1.86508762685008,0.7093349194943,2.55515479753436,-0.0488606406421985,0.266270782730811,-0.405584917945408,-0.634676049051114,-0.757928040985532,2.50775282444945
8400,-0.127146909656437,1.63404063810491,0.346130938249875,-1.54563628875513,-1.18230036453647,-1.17600717971047,-1.96035715172975,0.152107553045786,-0.302840833434223,1.74148050878041,-2.06465015692314,2.14081775618186,0.184460457346029,1.59996685778337,-2.36920294268646,1.35378497939727,1.09569335885632,0.952371603805021,2.51364926478269,0.834707163272289,-0.012770728226885,-1.99092560639627,0.957820233083042,2.55683731523289,0.541309621298163,0.734012563660133,-0.531707199142242,-1.18115201467582,-0.788711449899283,2.24696235828798
8500,-0.711717372930371,1.66223108925829,-0.347408864740874,-1.55568374676419,-1.05821559651495,-1.41415859532768,-2.10951897372133,0.0414410705602259,-0.452727133102388,1.74148050878041,-1.87355829345793,2.3057140490023,0.23692005565494,3.11102988296041,-2.36473247458907,1.23795427915132,1.08450238336838,0.81755563073605,2.19839556184224,0.613971635694622,0.205199986770614,-2.23251514830921,1.08485565762159,2.4643552213787,0.187687507571072,1.18154540936357,-0.630097819689636,-0.901377674090925,-0.240654390922462,1.3741899870061
8600,-1.82543198514271,1.27047168938165,-0.415271100973558,-1.61730346935886,-0.984958176923165,-1.42117170832676,-2.36079753470161,-0.243137798171661,-0.32556559345852,1.74148050878041,-2.02359864474248,2.4924025259714,0.393771447290008,2.95371941016474,-2.34499942701895,1.30483824235032,0.986834788496475,0.45236488533564,1.95831641765297,0.418499554166513,-0.13109002878346,-2.54287259142299,1.01739113123378,2.6012895896181,0.14071683212379,1.39916903141228,-0.277341656461648,-0.397561199233119,0.295367693623252,1.68422983248559
8700,-1.72261885243227,1.471216322967,-0.310741757373858,-1.91651437371601,-0.924097606358873,-1.35415674046068,-2.11981449746498,0.137170703543176,-0.0766174228137661,1.74148050878041,-1.80620217118291,2.99820551985043,0.29832593837458,2.97199309588038,-2.36696342415821,1.35230104494394,1.02102899351616,0.31384839862747,2.07492835133023,0.482862072127636,-0.319745383855408,-2.81237306683859,0.826082295385256,2.47568680450487,-0.164885093859395,1.28465640270843,-0.607858443841072,-0.754124941173038,0.665742419400454,2.02452494387131
8800,-1.27544688590407,1.54789871775667,-0.787684863005102,-2.00210449145703,-0.866850864856826,-1.34332909421036,-2.0178830239149,0.174569046312002,-0.00314313649422864,1.86852229223335,-0.883307089209651,2.14652883065201,0.500336953695695,2.80349404519448,-2.07517688080259,1.55619416416013,1.05796324147768,0.344192280843653,1.71050553061445,0.112913183260517,-0.149928621011172,-2.8612994591998,0.48254059959699,2.5550752189447,-0.166252251111351,1.62322338787628,-0.570609270801499,-0.665712573177278,0.0401256211618757,1.9989961194449
8900,-1.39195314386292,1.5055575053405,0.0140946465433208,-2.06107049343105,-0.804832486878205,-1.37664703168686,-2.10475375993024,-0.0296067435180589,0.229154346996487,1.80168195399598,-0.559361640839912,2.92533062099807,0.628619474015958,3.40186450784683,-2.36176496448055,1.36998368379591,1.26452268293789,0.378104425813044,1.54871781077411,-0.873075558130411,-0.149966021447324,-2.74188710079604,0.773659462683448,2.22185743919037,-0.31044231636443,2.00428128618231,-0.580647114307973,-0.839079980972132,0.375628494480942,2.49140131328234
9000,-1.29700161663784,1.51623895493472,0.387423939492084,-1.92505393382864,-0.982708714008534,-1.36038804749766,-2.68452743150621,0.0843871248077213,0.17233826174274,1.68862858327908,-0.139068208428998,2.63302435960882,0.4789616080582,3.70022653649918,-2.09037660376922,1.30790840076376,1.34167187449217,0.531410062746498,0.695925184393204,-0.49575301727175,-0.478496677105555,-2.34571499293762,1.11552864904328,2.35159218305554,-0.353565593410969,1.90711452284152,-0.552508943055221,-1.11213357898325,0.51861696039029,3.20797518432323
9100,-1.00936348089176,1.37876692111593,0.351699594533908,-1.76789974907545,-0.938823883359613,-1.43229190759978,-2.76234998696382,0.0402702086723133,0.0952780733670552,1.68862858327908,-0.401535554290695,3.60073267475251,0.179313854614414,3.74134316170936,-2.26003650746709,1.08898739551909,1.34847437419981,0.516658251753245,0.476262098574368,-0.0995203742017358,-0.147362838744754,-3.02831517489899,1.15182491422287,3.1270328785303,-0.725353905556012,1.82307573984204,-0.615906689778616,-0.705203657088062,-0.213598930055363,3.05344423823273
9200,-0.820943964006337,1.25189848860117,-0.0428821360698029,-1.78974608438483,-1.04577816835659,-1.33892011881129,-3.40034080346627,-0.11054452021716,0.00187695243599016,1.68862858327908,-0.43582642431282,3.83058706985777,0.0420058726872053,7.11952558029037,-2.19154955681953,1.00716177062345,1.37507746963795,-0.103734358371987,0.474364565343549,-0.345105409472803,0.000947284018455882,-3.12467063449446,1.01429898104579,3.09695857177545,-0.168825237231915,2.2217018963884,-0.740347813706459,-0.862377078003963,0.864867526350104,2.88319133450756
9300,-0.648078804484736,1.15116010246085,-0.413479473494861,-1.84358179596856,-1.22371157917743,-1.26509593080079,-3.07439673151219,-0.00472984772864866,-0.29254205788583,1.68862858327908,0.115356473304061,4.86864891594913,0.739145307930806,6.24090385887276,-2.49603856866187,0.709295241415033,1.35343081284878,-0.687587488627025,0.761018537515262,-0.238132599773957,0.775498091560667,-3.53554964114965,0.75453807287258,2.93604146199509,-0.420194888920419,2.33651359091757,-0.930140917405743,-1.09716854672581,0.664002678835521,3.44438649175709
9400,-0.442347178565912,1.071522994327,-0.47182459565746,-2.21306394758868,-1.75152314190519,-1.30475929600603,-3.4643403256242,0.00779591793293772,-0.139037963307244,1.45878708702521,-0.172007255291501,4.46493340661952,1.10149151695287,4.98338774838528,-2.62593108797376,1.03733317886259,1.41168942754589,-0.7396526342382,0.97192019100163,-0.197362411627221,0.250863598928226,-3.22569011179156,0.873188164432062,2.56379597449216,-0.507434703033654,2.38247820210986,-0.874836007547118,-1.26304866750169,1.51706922476943,4.69137140353151
9500,-0.962649588816185,0.912669348998047,-0.389905761762285,-2.29459509144969,-2.09851334593185,-1.39296785471769,-4.3992542825421,0.0890082211400691,-0.315145040638442,1.43446505646025,-0.233328370982552,5.07330092242219,1.1081708899047,5.11517342709548,-2.55254957558915,1.41353435433032,1.4263884677552,-0.291231286439088,1.23638382446138,-0.262830865263481,0.445941660439168,-3.7291192730602,1.02013339768384,2.61852910353786,0.139867667736002,2.09837905415488,-0.861285893858086,-1.65007308584845,0.768278853434726,4.28897890718239
9600,-0.97469605301336,0.975011296614926,-0.371694939136692,-2.23162332186292,-1.6661246726722,-1.65584836656338,-4.45407996551901,0.247205487989015,-0.179344868887722,1.43446505646025,-0.559491598526517,5.35197145936746,0.318756222416536,5.2944405369256,-2.50752052961811,0.327428079347993,1.4263884677552,0.138789316629199,1.15683120494889,-0.079236914954181,-0.379750436447216,-3.32928158746322,0.772370234035393,2.57115971895322,0.100038365208731,2.22438572422702,-0.887758164125111,-1.84191809684891,1.12936864511788,4.42512520362418
9700,-0.62428959798053,1.06379019688069,-0.252767291085657,-2.18522066660914,-1.01212913152225,-1.31366741686728,-4.72406122516505,0.441301559052952,-0.0793545225581876,1.61868246906824,-0.568737379952007,6.13569194178693,-0.0326738147808663,4.91222837177669,-2.66238456348361,0.272059346398817,1.42101960960536,0.581584612571793,0.48416157210006,-0.0150003244056402,-0.708234763134834,-3.4092651731015,0.924389083986225,3.10956006348946,-0.364236331653691,2.06848063301284,-1.25951874369532,-2.2214411905763,1.56632690122334,5.26441682322983
9800,-0.790221897024762,1.16381948760088,-0.29387467946694,-2.43363972522912,-0.859740912941038,-1.11154332947294,-4.8755174271858,0.392207539987409,0.197250936410702,1.66233724532557,-1.02847889837822,4.66061353951578,0.496956702838333,5.02729384203324,-2.44132700508258,-0.0651052675795419,1.38206704795638,0.301641172705141,0.557661574492683,0.14547028321743,-0.953336379885762,-3.54672695407118,0.832513430116208,4.26414360733274,-0.86740282362817,2.04670882052888,-1.13490307695907,-2.24747787151047,0.625015858139517,4.72222587827409
9900,-0.953710055774837,0.957346990241061,-0.0139483468586284,-2.30970993754389,-1.01817123450892,-1.42973668670358,-5.0313062723767,0.496309043940385,-0.300479701848425,1.5366310886758,-1.06283919596418,4.94584427149421,0.495202969206025,4.96138254613253,-2.324318011656,-0.218931494753138,1.41495087944741,-0.288912201254416,0.537687314458274,-0.0200523158925611,-0.930555285035177,-3.36752730429801,0.860336461365714,3.83735602907038,-0.431616794309495,1.73160897124359,-0.887689882334796,-1.79679886304967,0.539428639437899,4.33968643211075
10000,-0.841059376275336,0.482922798050936,-0.0660562728737808,-2.17948563218077,-1.2198911417838,-1.18292320479013,-5.26079444826665,0.369050062945691,-0.367557227819258,1.44726194868897,-0.945192866576684,6.92326170452842,1.12274328821902,6.52582795622889,-2.27693853025164,0.056485283392407,1.40809097835641,-1.11659691258687,0.472189440459928,-0.191532780977143,-1.00227217358377,-4.14171256974419,1.11089152494201,3.08224259987737,-0.25963321903054,1.43160201914739,-0.625342965549901,-1.10485736777596,0.753609510953538,4.87812872408874
10100,-0.706088322817835,0.36002304954652,0.0949935744426342,-2.20772456876286,-1.00828300227471,-1.39238331516577,-5.99638345477185,0.55014837361876,-0.412323368259285,1.46078638366374,-1.10715190232466,6.52843423643922,1.95527567041608,8.02697006617061,-2.48974121388495,0.253078096965594,1.3988386670659,-0.706211927163528,0.398090999965079,-0.200981914493463,-1.00194816074461,-4.2232719497977,0.975774501120266,1.70183902286791,-0.609028862787127,1.43326237068911,-0.86166078012164,-1.55227313316601,1.57817487157836,5.25949831727623
10200,0.0434649549786462,0.478762167742406,0.439061866724106,-2.36946146698787,-0.938790439879644,-1.42053319680544,-6.27175302028989,0.517418979495239,-0.276285258501954,1.9441813775661,-0.989310190540353,6.51352541227229,2.3218305281717,8.17376748135064,-2.26572586072255,0.335346078138603,1.36868372113376,-0.0465765318451897,0.125438283709049,-0.587230498421879,-1.08890827644838,-4.75154764993103,1.08601657205014,1.63886337580134,-0.188158072151898,1.46041246915257,-0.959294986951154,-2.07692342480676,1.21684216238259,5.7431199646455
10300,0.484998925142889,0.479888098416506,0.493297063275752,-2.41362042231272,-0.812226486804486,-1.67677928397646,-6.45616917659728,0.462529252223347,-0.401404329538373,2.00095976819253,-0.710713728541393,11.5497340046035,3.09939337996957,9.75426193055161,-2.30568859733015,0.0817027754509209,1.2019592911487,0.539536478151,0.198393447481506,-0.824119882782899,-1.13354460056781,-4.52531141430696,1.31121638952015,2.16636753471262,-1.09543670841534,1.20130692600656,-0.845141701345117,-1.76533966716717,0.820931288585916,6.42534221830053
10400,-0.417409898652379,0.434443230693835,-0.146888034281027,-2.55748292341619,-1.16871222555815,-1.58127836044137,-7.87441571646526,0.000851392594222607,-0.167904425146096,1.92793101888745,-0.965956412520263,13.749331652129,3.40613125455669,9.35033024893634,-2.68128795919754,0.5172402328779,1.27380838483465,0.431884053149125,-1.45558743017637,-0.857679584100294,-1.10964742095504,-5.18738078433857,0.223196444978831,1.62342020689461,-2.22856646513607,1.22938425056396,-0.388007753552671,-1.10727072542754,0.898799354721757,5.82404932436381
10500,-1.49702034118818,0.371803451079785,-0.50561740599794,-2.30926636579627,-1.50461738028247,-1.57908511834698,-7.68374241045707,0.159871707954605,0.366222777249416,1.89396195080076,-1.06358692001596,9.9282656325197,2.7375340557817,9.71993280269223,-2.42968708830792,1.29176768769935,1.16378224796445,0.0848408258139237,-1.79303480925536,-0.85008299254627,-0.678230213898036,-5.66864876623676,0.468932949376538,1.37996050988197,-1.59696125793797,0.791208959975643,-0.371441978108886,-1.33017542696289,2.82262153919285,5.44062209420101
10600,-0.870798785360848,0.535464126711976,-0.413620334766684,-2.60493967473491,-1.30618878688145,-1.66781436838367,-8.6141099473363,-0.203106282123447,-0.198787167582481,1.89396195080076,-0.759276353454265,11.4351937277243,1.13825179665184,9.84971526523203,-2.34269119568381,0.83339764581915,1.13045877409815,9.19085754306861e-05,-2.02378921071238,-0.883380231580251,-0.654972646519542,-5.43485909685574,0.748420926840423,2.07927164271161,-2.03345795512888,0.82493206299371,-0.421362529967073,-1.40792729392543,1.4366776433976,5.74014901803678
10700,0.0561871888808595,0.528777355011707,-0.682397126602802,-2.39992764232362,-1.18320931337359,-1.6348646747024,-8.70763422662527,-0.365430112743168,-0.0404890714382174,1.83283811703226,0.232938845819896,11.7056199633094,1.77078100247456,10.6281763828722,-1.64315539589451,0.41357465307104,1.12710842796673,-0.209817693560842,-1.56499935824897,-0.865760330952334,-0.345027011239452,-5.6707644542795,1.6143305687185,2.00768709610726,-2.2990457730573,0.543273167991152,-0.926986807237721,-1.47980917816404,0.946516711457357,6.20454722855918
10800,-0.204212636419434,-0.10763456688044,-0.64127032805016,-2.54773768169172,-1.43822414699213,-1.5719570815402,-9.27410148438359,-0.41435858389328,0.271374672187895,1.7510902352868,0.232938845819896,11.3247125022407,2.08980356459313,10.8639725384836,-1.06427928089042,0.752916038040036,1.12949313199264,-0.230044252911291,-2.14779728222474,-0.86478979314087,-0.343475794952184,-5.34648764451776,1.3403389088968,2.32743866608544,-2.00071731172686,0.0490101594551551,-1.04355324363574,-1.38155178646373,1.35467630301116,5.59598838331617
10900,-0.460136777404678,0.070617842145322,-0.62110883486738,-2.68284678605559,-1.10027273569749,-1.65580345229821,-13.4202795649041,-0.072280967190062,-0.00926585878806828,1.7510902352868,0.981279643749663,14.9710748026896,-0.0689331122191745,10.2262458286821,-0.290733509756619,1.2432567153692,1.1871775137059,-0.681679069618563,-2.30918295766363,-0.630450171164372,-0.996758047139987,-5.90372019703836,1.48220856294076,2.30036872612494,-1.95541857476214,0.603246549018467,-0.929162679406748,-1.42480127355348,0.799274944215434,4.14384706691692
11000,-0.478786738648019,-0.180115200130114,-0.720141753354291,-2.31466165186767,-1.06444864461994,-1.66409048036821,-14.0075269258897,0.0599966827713465,0.0180271087822243,1.51165519202256,-0.093318496928196,17.8727926257183,1.36198956779199,10.2939764798346,-0.757071354666522,2.02039442667361,1.1330125966694,-1.2019367276018,-1.92298075511787,-0.70766957721677,-1.07583364006518,-5.94499566192169,1.52159938195061,2.78061376868386,-2.16780000258496,0.545623790403683,-0.152184206911159,-1.78731148158937,1.00307940782154,2.37316355677972
11100,-0.0149667835222782,0.308431376560383,0.610436301563325,-0.0145735520224204,-1.42406331524768,-0.548330680620275,-13.8382716595417,-0.0609504121592144,-0.190999668582223,1.20960074970575,-0.093318496928196,22.1075293463346,1.38672633515878,10.3604776588422,-0.0363763158135621,1.19867906511986,1.0462050522711,-1.00947053902793,-1.72262206033481,-0.74896584066354,-1.07583364006518,-5.56829838742001,1.54539846961379,2.51401469965845,-1.15097921097428,0.405156056187383,0.0973765469200008,-1.35242684114082,0.70308650658282,1.02780720636107
11200,-0.0149667835222782,-0.176060283771483,0.754454762716395,-0.0145735520224204,-1.3901494295843,NA,-14.6719405992248,-0.385127398308661,0.040242140276782,1.20960074970575,-0.093318496928196,17.8710596391782,1.6761401435684,10.2856458444109,-1.51583420263056,2.53024470870262,1.00355358238334,-0.934985479350306,-2.21415829436407,-0.717947320909998,-1.07583364006518,-6.30164505356997,1.64598202555753,2.00337267780972,-2.04514820565884,0.523667314126991,-0.77627581123293,-1.47915577090759,1.35242874278346,0.425894118978276
11300,-0.0149667835222782,-0.199130348546103,0.932081012857634,-0.0145735520224204,-1.19903779437188,NA,-16.3680111248634,-0.360568536449507,0.123053394423127,1.39799203774277,-0.093318496928196,22.2927238816108,1.19388869823505,9.76763071721242,-1.38983865606539,1.62184484035209,1.00418874403855,0.439031994580854,-2.48062811505463,-0.583251046748674,-1.07583364006518,-6.80354318725248,1.83209354694285,2.08485816645025,-1.27927890865638,0.650495021296812,-0.892444380995311,-1.44173398762807,1.39940466898081,0.313350516411484
11400,-0.0149667835222782,-1.01187767955657,0.336711895925754,-0.0145735520224204,-1.01160125242958,NA,-16.1318891966375,-0.828952208922742,0.262908824509611,1.41568745385027,-0.093318496928196,22.0096067947137,1.60453516509402,12.3569915290409,-1.2638995966199,1.69128509408627,0.998693947073624,0.584704737786539,-2.93803825810835,-0.604942900415901,-1.07583364006518,-6.65065837477801,1.90025430601954,1.95491408312011,-1.05910658093666,0.476243720008808,-1.15446061737837,-1.8540239159444,0.864335111978513,-0.241950628950058
11500,-0.0149667835222782,-1.20382489582191,0.185482702736716,-0.0145735520224204,-1.30882615065457,NA,-15.0396432233315,-0.887176889115693,0.433339638024832,1.3531136182467,-0.093318496928196,29.0793977942747,1.68297690480176,13.9171284337847,-1.45787901578696,1.44262315231405,0.990216926172264,0.685973652739891,-2.81250026319732,-0.521257731746897,-1.07583364006518,-6.55205134050201,1.67866636145361,1.93161868657636,-0.897876133160928,-0.141451379938842,-1.05832824184381,-4.80862541603905,1.5380136955318,-0.146439835710379
11600,0.780275773691214,-1.89938208235106,-0.551517625780326,-0.0145735520224204,-1.4547989911793,NA,-19.889405986456,-0.952172172543016,0.290804149119845,0.2471023873578,-0.093318496928196,41.0567277478796,-1.31775932024294,14.7397017491887,-1.74439573992958,0.924263977182664,0.399448957277399,0.571306716949976,-2.74921021148294,-0.696777683858669,-1.07583364006518,-6.82210833038334,0.82901724660966,1.42627227900193,-0.649088901330803,0.408562429187239,-0.929879567162485,-4.91015255494756,0.919428308047612,0.142112218807484
11700,1.55724787482337,-2.6115339496726,-0.745181239439123,-0.281808331309707,-0.922528173063402,NA,-26.1413295098256,-1.20250585269161,0.679608263892891,-0.325326196767397,NA,40.3367675590094,-1.66546745785446,16.3626440518844,-1.40724214539399,0.296356194578852,0.0458673559855373,0.751623904434336,-3.08270013055817,-0.997921450277234,-1.07583364006518,-6.93425038114182,0.590667749994469,1.35870860119827,-1.27102030366426,-0.11227756510589,-1.47568946689761,-5.2315267091124,0.673872538154455,0.200781701577224
11800,1.55724787482337,-2.77641413772499,-0.745181239439123,-0.281808331309707,-0.734580481021087,NA,-26.9581896582311,-1.25939848804115,0.538321472203949,-0.478898938277576,NA,35.0206933697902,-1.83561123893042,14.9613659327058,-1.74508703778163,1.42129269953207,0.00318417921928399,0.632830139238393,-3.54877194673601,-0.997921450277234,-1.07583364006518,-6.45035598415012,-0.268055333731037,0.478732672611481,-2.91260967843015,0.0342713821618029,-1.26829653819333,-5.33889429963916,-0.140805662647926,0.212968047442006
11900,1.55724787482337,-3.03111948159589,-0.745181239439123,-0.281808331309707,-0.815064346720594,NA,-26.6501147179866,-1.21742493429537,0.513101217893961,-0.509880258085539,NA,34.5601741544946,-1.888744396499,15.1999344523542,-1.94358597838107,0.786666389689341,-0.0464366455658633,0.471764172271113,-3.3976553571848,-0.997921450277234,-1.07583364006518,-7.15726542629176,-0.183326115510317,0.719239983016934,-2.1648223088214,0.324250423853277,-2.38830849300376,-9.91408447471967,-0.317461069342662,0.126971391053365
12000,1.55724787482337,-2.96745530821531,-0.745181239439123,-0.281808331309707,-0.882724656404568,NA,-27.3995215450431,-1.31964029337874,0.525086220208708,-0.496079329125021,NA,43.1449821044514,4.30960164522805,17.0188830809731,-1.83228987770482,0.361456777361481,-0.0944744611346743,0.87188672725398,-3.67899469143882,-0.997921450277234,-1.07583364006518,-6.74770063721943,-0.145304062805043,0.258470769673585,-2.69438525632053,0.415462138947827,-2.16329902075311,-10.0622111384217,-1.13292409590516,-0.643954017520684
