"time","CNA","EAS","ECA","ENA","ESAF","ESB","GIC","MED","NCA","NEAF","NEN","NES","NEU","NWN","NWS","NZ","SAH","SAM","SAS","SAU","SCA","SEA","SEAF","TIB","WCA","WCE","WNA","WSAF"
-100,NA,-2.92430126795031,-0.0950744336995494,1.76381947178047,NA,NA,NA,-0.430266308461817,NA,NA,3.26391680125695,NA,0.589550609339929,-0.186708934578357,-1.29326667884846,NA,NA,NA,NA,-1.19010737407552,-2.90612366918803,-1.79960045638198,NA,0.107623662693696,0.675230557264765,0.950142901694866,0.988010358139726,NA
0,0.254756996865523,-1.74044831944624,-0.442760674721744,1.33869632049451,0.427730471033432,-0.160098016783615,4.94751173546339,0.472675722610044,1.70664748448363,-1.3174252891999,-0.0889693357356449,1.89182518559592,-0.0298200770003382,-0.967317205042217,-0.265553494688524,1.4847907309849,NA,-0.148793491459317,2.15825425320783,NA,-0.79467681998277,-0.67371131717362,0.0382074716261591,-0.625429919401372,-0.0683559576234578,0.296183281414526,1.10771883145927,1.41649411284895
100,0.498616802878862,-2.60713227431179,-0.36089975115972,1.04152317252187,0.0898212517068299,-0.117268269310767,2.79300448824062,0.242345564079054,1.24431402694046,-1.66938104685778,-0.600113786123768,1.55917860544483,0.374129792960324,-0.128530512150787,-0.414146496039542,2.51056598867231,NA,-0.852777376847359,NA,0.575504564689165,-0.915673087701234,-1.25037175809609,0.491800307812803,-0.600413008740143,-0.357621463548538,0.180079524374576,1.35840146119467,2.1800571353087
200,0.119143791499963,-2.31508125780581,-0.263312680397064,0.970833464016038,-0.57603461903885,-0.345586511340188,0.990785276968616,0.0824429380921633,1.92040106185828,-1.03769399129086,-0.31331373476815,0.778983093702299,0.292571921851969,-0.106237224534305,0.168180332818473,1.33230658920669,NA,-1.38059090591232,NA,0.115436352316426,-0.610034973209982,-1.35684044018952,0.815918146644505,-0.383246694040848,-0.369893164938231,0.828826123100874,0.800552146502409,1.94728925631071
300,0.138390416367889,-1.8831993817403,-0.53848433574262,0.578773760667597,-0.201201438938534,-0.441459659874859,-0.396756485904728,0.545383084445106,0.217381960811229,-1.11008021929675,-0.188474161754936,0.601605555520692,-0.0219808630818611,-0.313751012607904,0.295964617665493,1.41315899596949,NA,-0.146218394771339,NA,0.631130944669792,-0.906807649527469,-0.885777695614588,0.911913392401476,-0.199853830920268,-0.766836831162254,0.209057350968677,0.893977461482657,0.828859835987821
400,0.856655864544924,-2.29527365590435,-0.424455339612709,1.03694507057088,-0.51305209730326,-0.153526347211533,-0.285354197200046,0.110408568392991,0.478980574440783,-0.254317171698646,-0.458871736752249,0.814764424680313,0.117946297803695,-0.626577623965447,0.395340081685403,1.57503745207986,NA,-0.619484022389849,1.10243447032862,0.778110892643736,-0.52639446374949,-0.593663219582002,1.30996027791969,-0.0442731739128727,-0.787333824937402,0.162838003107556,1.15810103663657,0.957568116311045
500,0.625454956543724,-1.8909632479708,-0.196304598135243,0.808500994124869,-0.46394354739388,-0.592893408686243,-0.350376787170945,0.116978928417708,0.0392261396766615,-1.23131737562275,-0.0370961929184159,-2.21937672912022,0.0147767945405385,-0.146626967861002,-0.295306356068909,1.08444160748327,-1.40496612873702,0.137381889006859,-2.40249048308796,-0.300499782907817,-0.316890872239423,-0.813925768795879,-0.0437482951719736,-0.355616643623505,-0.696557916995154,0.469599883894735,0.826866737659296,0.758800605954986
600,0.737184663956278,-1.57388339174693,0.0123612773570887,0.729052869644975,0.324398634853993,-0.77589011281009,-0.592144519928154,-0.116157941562343,-0.0560016715677601,-1.06164905128511,-0.391206928833088,0.627600539564548,0.191569118360127,-1.05318243255302,0.251840779977247,0.353355909422956,NA,-1.01773733626166,NA,-0.24880593719312,-0.702323352604065,-0.725210566647182,-1.51420398251479,-0.293803255564861,-0.53346257523932,-0.264483356440963,0.851410525375588,0.645807547837214
700,1.35633731336676,-2.43590975137231,-0.147486368103664,0.453894954025894,-0.757625117833374,-0.754804739540082,-0.32813603579977,0.0721032888810166,-0.0679666239419535,-1.84862054168257,0.193406844091329,-2.74425165696512,0.23199533109796,-0.36956303495305,0.743528610282314,0.949275357178494,NA,-1.12692107859493,-0.10039316542847,1.19838104027244,-0.746843167932374,-0.146303327240333,1.01480060521323,-1.03440354412825,-0.692717475378854,0.483626905819761,0.607098572565968,1.0657193887587
800,0.340785194190847,-2.13845220703757,-0.665717400184751,0.640499173220375,-0.67651443492513,-0.742213554928177,-0.488056389400582,0.173120092588009,0.0247858391832352,-0.947042240886921,-0.565465190502694,-0.486219885207568,0.0309762444933941,-0.694138219317984,0.639370723850652,1.17634124896053,NA,-0.170768251289772,NA,0.344975521881921,-0.857553779759635,-0.184267724756933,0.0128133570000017,-0.199158549940933,-0.48699080087274,0.144533660018575,0.94840042800518,1.11143468034535
900,0.408393670279112,-2.22059050229562,-0.711484842645346,0.760640313552261,-0.151700094083909,-0.750757573057684,-0.427323150786779,-0.0832738232382115,-0.18606844427758,-1.02533640740647,-0.370923407624796,-1.18555370166878,0.0134752604800679,-0.333091475863229,1.1092008602323,1.23148583287756,NA,-1.25466395752096,NA,0.271248975693774,-0.916444034054839,-0.420255100594889,-0.632907278793979,-0.224061952442702,-0.760985174957606,0.131382440399081,0.400329686272486,0.73573325998273
1000,0.431606850983093,-1.9815504588153,-0.449694901650309,0.971683212210547,-0.0814871857451843,-0.560907295289512,-0.264592472284823,0.374367060176248,-0.294042966719231,-0.60745039288547,-0.0289090068925675,-1.52437183048273,-0.209191988604236,-0.463179609556992,1.02863035951752,0.824412829379329,-0.742273072756419,0.183279812297274,NA,0.585673097067309,-0.477098440583218,-0.592886279364173,0.494841532887735,-0.283433154394672,-0.659252957140724,0.182782406117371,0.843958559429799,0.46939242067082
1100,0.17402044533231,-1.52148853359098,-0.577038310317735,0.539740517392127,-0.415906984565634,-0.42697550863941,-1.05978306973138,0.0516456352009064,0.319080942065249,-1.28951490795077,-0.439272243245324,-0.568036023296934,0.15866559263024,-0.91240449549014,0.373221022826266,0.682788090783722,NA,-0.249694672465492,1.95923693224491,-0.253011452423997,-0.796033295146252,0.391879760791899,-0.608921968594533,-0.785683673943117,-0.744159003319014,0.588084673802932,0.647272538716976,0.809421613236853
1200,0.336702924419098,-2.27107326731123,-1.30060017333397,0.937556197875935,-0.498798731609441,-0.54728980874308,-0.673668476902122,0.132497289678639,0.0676631163193709,-1.34931244290438,-0.0684003133684677,-0.334425253993845,-0.186059356980115,-1.32386155246843,0.462376321193863,0.746075623039229,-0.261343127429419,0.677297171049336,NA,-1.4339916739714,-0.679581297122237,-0.0765625886328859,0.159020669057928,-1.23524048642724,-0.664037646312982,0.182162232882269,0.207500951017234,1.20168666026642
1300,0.299576041725577,-1.5442941962037,-0.851888000782347,0.729634757711041,-0.72547212827238,0.168649365251777,-0.0629449914613465,-0.181689370121221,-0.720786930943737,-1.49060542191662,0.0751407120822018,-1.26234881368292,-0.0253534643229537,-0.228503585601208,0.921556225035034,0.621623617917593,NA,-0.729163095831709,NA,-0.871350974546621,-0.480021176689663,0.692815540588009,0.080409457226745,-1.86201208488946,-1.62487202014452,0.513328810146807,1.05319472302316,1.4625517006814
1400,0.776794834379977,-1.98370831476561,-0.666220441823533,0.62051516294633,-0.474436136504448,0.258097091307497,-0.272830152787048,0.0018702271296352,0.182382848970242,-0.717546473668698,-0.0322539304830934,-0.776600120311391,-0.219407027961314,-0.411697251945126,0.476490376619275,0.839824947615762,-1.41667739308616,0.233976073838579,-2.40249048308796,-0.0599930227698172,-0.422099626027676,-0.348238718395454,-0.351602009729892,-0.907505777869745,-0.42653232127947,0.458247709461905,0.429733407781122,1.21554716581167
1500,-0.0943626281146422,-1.90666330859276,-0.479088428762176,1.3085772393881,-0.459012390674366,0.268164099162574,-0.499916844396609,-0.00783819648341154,-0.196378086789682,-1.16996273628226,0.435114510799315,-0.532421101718245,0.179097498249102,0.223665356478117,0.764007794863125,0.171125030741409,-0.473673241360507,0.521586853386383,1.5318777790115,-0.595810326286739,-0.368638099394591,-0.388078293928586,1.65407106970279,-1.04127950486133,0.381498074083204,0.126928631993146,0.755704604136556,0.94247239505791
1600,0.209725221171838,-2.21468962726252,-0.126456602068067,0.591845091973398,-0.174639269572269,0.195999099328902,-0.196943350162039,0.0400764777610767,0.434207371320541,-1.05274254251341,0.106822159247583,-1.68753865116791,-0.0139208762043631,-0.0598328376319996,0.44962051225653,-0.416227939204651,-0.507210110852722,-0.660005686452304,NA,0.322002295536893,-0.489115147257954,-0.25466297910865,0.133784467720091,-1.24894729580928,0.35597028811485,0.309896560906387,0.780945908663875,1.43159077569225
1700,0.467939848050392,-1.70876770487732,-0.132188241920933,0.807052096768104,0.0500343397828006,0.718992904651054,-0.00749430408096829,0.119886259520962,-0.0627704608255419,-1.09293895028687,0.0332321878886369,0.754454634728793,0.343010939644139,-0.0886876873428411,0.530029980220772,-0.505803159992569,NA,0.304454506571396,NA,-1.54382028172276,0.00177468099108372,-0.129709343559908,0.23810995224024,-1.23478074837171,-0.0645043181247716,-0.0969929191113373,0.798443917534564,1.07617809120484
1800,0.0135885018248374,-1.46864449530005,-0.0429808086872654,0.632478998746379,0.308584314014318,0.778474604977031,0.116309200376206,-0.225832614357245,0.44281953086481,-0.955587527223459,0.176990880362601,0.394681857243433,0.289459063474801,0.198352235819111,0.570938085228378,0.355034558968333,-0.474432778563767,-0.471458632020392,NA,-2.22718546219013,-0.332886746498923,1.58855642439393,1.25252937418937,-0.524118720447667,0.466328902764951,-0.145573451588088,0.566344105341333,0.52049326108619
1900,0.965175237092879,-1.45594734164392,0.203184737559491,0.835340485688063,0.118227121639141,0.724256194455535,0.987100975148324,0.0255229028653964,0.583847831842295,-0.554007835378184,0.116241493094326,1.36774871283096,-0.248491437662243,-0.399200094704092,0.5128874375732,-0.346615311341527,NA,-0.909461341766105,0.950537085151976,-0.634836132999221,0.265806110575761,0.790341310402896,0.272111072197609,-0.685425488161095,0.270374727268671,0.0327595999225821,0.659421261309135,1.1255316899597
2000,0.683601317568279,-1.28246924666576,0.207661290482104,1.0658559646038,-0.314922857972254,0.966660491398597,0.189547997278269,0.20365031388319,-0.21196786563296,-1.02287337810695,0.0713143754468828,0.0213036541710396,0.357521498528694,-0.330185271365671,0.58857928511519,-0.520662601351136,-0.700926301669727,0.144115757426769,NA,-1.6825346667158,-0.232984084636865,0.0790239125897254,0.517387729148296,-0.595503836414421,-0.205969906062453,0.058582483983145,0.250585960778419,1.37094436549242
2100,0.0670565743079863,-1.47755847036167,-0.0414508675994031,0.714374219540616,-0.14246847606432,0.487965670043635,0.592240511493366,0.0121154572406518,-0.00841769093809149,-0.720709036031583,-0.0701449124066419,-0.156607260241009,0.115854160707498,-0.0650494902653151,0.444458735368088,-0.512782088130032,-0.557180965349409,-0.224392274358959,-0.79956018005152,-0.968464948435005,-0.522710174733467,1.13720217172162,1.06827864897095,-0.413793725481031,0.537367958617294,0.165095429299881,0.478161250170015,1.07334973649848
2200,0.359394015150752,-1.35400678279722,-0.164935210496241,0.907979839640177,-0.65366763603198,0.458515430909226,0.379276872383766,0.0492636873605075,-0.413355008470436,0.364813230507534,-0.0849259331708675,-0.0623584919480524,0.116259541065158,0.320558144726964,0.267059490396164,-0.567262285359536,-1.11254157348906,0.550120427634075,-2.8468676184802,-0.537512352250508,-0.039983613484643,-0.200187032691337,1.10924192026571,0.705127594546001,0.517677964269005,-0.120713578070552,0.061028076152169,0.270465331673806
2300,0.367667489340617,-1.41293667742645,0.0482951387358305,0.732927592968511,-0.24593319872026,0.248530868497018,0.105735065674011,0.0155969869437039,0.361790259100045,-1.14904347018197,0.421245027950649,0.170306396833189,-0.17837094912899,-0.511040043464062,0.603255660942346,-0.117436289139014,-0.0743372552911009,0.431096317966675,-1.53061573245293,-0.523791499297569,0.192470794765518,0.703135336942962,0.408403493016161,-0.555837976613205,0.720389529455533,-0.260152494853009,0.261609258700532,1.43116687049546
2400,0.536937759731417,-1.08370939392794,0.258682735276075,0.825927585046383,-0.0738522057222741,0.139962509684937,-0.192321574660612,0.324371772892309,0.291925379772747,-0.930653446061512,-0.576171281355663,-1.61505236456029,0.120741287400655,-0.0864951471083928,0.831140245732376,-0.0648711625823223,-1.06526099814397,1.5658061155526,-0.526438287943598,-0.174186584345959,0.0726740236379096,1.16089858943451,0.435129142544445,-0.777283949588279,0.483927076785627,0.081207882720511,0.251183684462712,0.359130323610445
2500,0.229340231396816,-1.35288651272958,0.030924322825363,0.595536369907137,-0.459770742991167,0.442833896674186,0.259466545189772,0.298786249703267,0.482333234544425,-1.10866508245443,-0.0336846211609404,-0.848591321106268,-0.134223142432654,0.310137864397375,0.766802829226734,-0.115583419670649,NA,-0.415461945656791,-1.98733672524782,-0.397567935050139,0.180568482391332,-0.0895490903096016,0.255714459737222,-0.0717045698634138,0.134008845422575,-0.256731809394718,0.28762181733082,0.477901474328403
2600,0.831822553515744,-1.09463483496296,-0.0808523256588797,0.585524999387721,-0.126659908852537,0.551087438418967,0.268907580959043,0.0372337912711491,0.284144659106844,-0.392706648785951,0.174334728384742,0.0821096262232731,-0.231735365091772,0.712710018302804,0.825596599819633,-0.97048829609354,-1.33337780804776,0.578097039651007,-1.23284763467309,-0.171529698655867,0.314614258461336,0.18064579021817,-0.403184292375645,-0.956384484711603,0.0900474705030905,-0.129967134641721,0.19187985408871,0.811927727444476
2700,0.410192170187972,-1.30312428228227,-0.748797083824771,0.455657400151371,0.775071840824481,0.0011983883874477,-0.171559759370782,-0.0581976630448058,-0.139016474993289,-1.25102400445434,0.266414976877169,-1.86494730404263,-0.161577171495878,-0.384588985857745,0.610310118733705,-0.33623642074588,-0.447468534088521,1.3924169657439,0.244153996347139,-1.10647931519458,-0.0241422094857128,-0.174184179499049,0.8293913508047,-0.696666855359456,0.417524688363046,-0.359929438847345,0.294082722272263,0.147274052333133
2800,0.240011070519533,-1.2792540537553,-0.463728818879576,0.60464047180096,0.600174878310767,-0.0286550455194841,0.0279172405235063,-0.50041722013555,0.229028193225924,0.312541880781119,0.329474452176831,-0.68772954979686,0.355377554092763,-0.213874470430177,0.875946151641183,-0.1492883578315,NA,-0.885796456020994,0.966993732138323,-1.95107470350457,0.1151949106472,0.144163018194123,1.05758009748321,-0.253043461095849,0.0821578771339556,-0.150158257461099,0.258340520313493,0.553183127004615
2900,0.439239300688125,-0.982306343731565,-0.494348028122724,0.416746295903583,0.129008516501013,-0.0362852583880585,-0.274719132287671,-0.333811677188055,-0.190546544090236,-0.482647723942551,0.446252308652818,-0.610962910403422,-0.0229021989522859,0.0422637988208099,0.677002816615954,-0.182582001417158,NA,-0.383238123398593,-0.904077616496519,-1.64418140552546,-0.228170761508924,-0.0611239962894423,0.793670455026638,-0.38564954420355,0.891655288326074,-0.384033673783479,0.393547793826006,0.525473266796901
3000,0.162046622454715,-1.03288127131457,-0.332823933533514,0.451319919891078,0.292038133857464,-0.0947292173894426,0.0130364474590963,-0.0972304633303557,-0.470674685143633,0.231951807223966,0.436265205266433,-2.37382902706491,-0.160176585921922,0.10662350159539,0.723682752183765,0.0750547441862882,NA,-1.0096563611604,-1.81557732191678,-0.930927157818447,-0.159080952331622,-0.0797677483479559,-0.00471283677835668,-0.198106658373617,0.682647028364812,0.220625330178125,0.347349786920675,0.376073623448215
3100,0.512852783114845,-0.887504862608858,-0.198863622887775,0.369126510209101,0.582704352663992,-0.202354402855123,-0.32013660421675,-0.523764671987895,-0.155414728189886,0.115793609932454,0.20249934890222,-1.36233304104171,-0.0356503803468959,-0.487914269053127,0.710526473449831,-1.33203450172917,-0.378842133650498,-0.603108557150079,-0.902177299470245,-0.392558877689639,-0.298823890790655,0.712198353145159,0.0411561649739287,-0.334351390875674,0.554966260916132,-0.182589269192059,0.481933491565352,0.196103237180786
3200,0.371535126955267,-0.964019899975817,0.0594464882009581,0.503679991740988,0.140786117195459,-0.175717447328713,0.274417824026344,-0.22739787703184,-0.0403664653415409,-0.782602105288647,0.184305189588469,-2.44671221191671,0.00962935588986929,-0.0628100471124,0.481974654083613,-0.782372910362399,-0.2674856219262,-0.191522550676524,-1.54151205741284,-1.25438886316951,0.495887637336979,0.656995669580303,-0.109036495696406,-0.262181469737166,0.90643531625595,-0.132487995231857,0.40410080868873,0.543051444843226
3300,0.182159262591224,-0.742906488310724,-0.133102879667573,0.504975783235532,-0.188635079548799,-0.598554367318679,0.371888954308581,-0.163523890897866,0.220082185259353,-0.541401252937447,0.339874293709382,-1.53969037409943,0.186599797314526,0.150591306408825,0.99143795144091,-0.764946221130868,-1.01404037485345,-0.229168026734708,-0.426879337129028,-0.723353056760637,0.229090794540207,0.569728915683245,0.113460828025972,-0.235442137007855,0.809581301107265,-0.0754972518143217,-0.0518097235780167,0.939246207107875
3400,-0.15619456895222,-0.660250688822925,-0.0626769278973867,0.63205413989085,0.447685144558128,-0.551620404920565,0.368048541184474,-0.104168723493956,-0.789649017618565,-0.652101722366111,0.283939605250966,-1.16222454930908,0.404229263121817,-0.159076338546862,0.623387489022029,-0.664511266499682,NA,0.711929910439886,-0.801239924565814,-0.673471830862953,0.414097728246873,0.146157238835469,0.652745500663075,0.132011932697165,0.366875836926804,-0.0821607045457634,0.0960737397192135,-0.374712264346636
3500,0.039317055927351,-0.739502855853302,0.13569620341935,0.443773819444298,0.196961978549697,-0.619973013086517,0.33379716002242,0.02107262474031,-0.111291727617726,-1.96652632597373,-0.0890090470370596,-1.62809599425955,0.19455178014995,0.0243245446562857,0.124263651511894,-0.407536185399579,-0.684368429363332,-0.0772354877002154,NA,-1.98828888501287,-0.152926891498419,-0.0401518183649646,-0.105599475634465,0.18054925937363,0.336501769510505,0.305360959667238,0.28836038751669,0.139467367735208
3600,0.230190966070747,-0.667573064197964,0.251258754115909,0.634690913929358,0.378266189725617,-0.573378351682738,-0.111154337205493,0.372965693270187,0.0029536663275625,-0.668498474017806,0.145673663805303,-1.32562671152551,0.354949674099641,0.167037909457413,0.239026476107437,-0.641541889487989,0.899065722195557,0.00134557918748528,NA,-1.02694567507788,0.172958819631233,0.272843821136456,-0.157310808267934,-0.382894686235446,0.541501183928459,0.0891735305027475,0.227872504084942,0.208044049988147
3700,-0.0262038640805277,-0.746079395142868,0.0773065792989459,0.512826649740526,-0.356338017177718,-0.746508650492387,0.443122858530874,0.0419023087871795,0.511233039002737,-2.09256821192331,-0.199888337832764,-0.562421804455045,-0.130049468888663,0.562862496773535,0.397914230149629,-0.936053685767821,-0.477707666388671,0.476125154197973,-0.733246495958273,-0.872797354441932,0.198495527142213,0.212177538796389,-0.323080147070075,0.296399599496588,0.0884849856348674,-0.0240960244731596,0.0548671035235977,0.672215386162445
3800,0.298493755953229,-0.770664048538387,-0.0586742414609688,0.138771781683462,-0.106528208820204,-0.885235806955635,0.213390370657034,-0.156416131786272,0.273522202339244,-0.605031912943442,-0.150114635446599,-2.72350776355582,-0.070382688347381,-0.180264492430737,-0.124677790260065,-0.395215334094425,-0.330578049186831,1.07144981218147,-0.203311263773035,-0.332674851257018,0.0311835726966218,-0.0868155374974635,-0.362591340333467,-0.524993441239778,0.104708586907319,-0.164473364050142,0.248138333593734,0.014583575873867
3900,0.00762350995384391,-0.504632880721602,-0.169049240519196,0.360003091363567,0.305564666147777,-0.338411591475444,0.494375396860065,-0.18487799775363,-0.39220089245186,-0.264956879787211,0.151517539238429,-0.648445112259061,-0.120620445339641,0.549681103196793,0.532174840208865,-0.265142467695106,-0.760197307374052,-0.910634771403723,-2.28396413819816,-0.162855465619977,0.0676445186922172,0.43292797786463,0.356605342182903,-0.658640076824482,-0.0350784734902114,-0.115030080971232,0.122012775428228,-0.217490658969437
4000,-0.179841278696517,-0.934704690894514,0.146176282145953,-0.26865678444421,1.18234757703941,-0.25071895120254,0.744752586569015,-0.403490680556452,-0.549587221709741,-0.158731915970953,0.0952676126179955,-0.624298931984747,0.135457091144648,0.586022514160403,0.110442600257579,0.332730622879135,0.140044744102588,-1.18609153101649,-4.68851817097418,-1.40941649118862,0.318476874729823,0.703953927886639,-0.5608737887414,-0.0506034842336363,-0.0513412282940477,0.0367836737761866,0.215114619346626,0.71219660028494
4100,0.0862389356260619,-0.305667154507426,0.243551143130789,0.310495525841244,0.280739489285507,-0.372696290097603,-0.117948491877292,-0.388088033367349,0.114865941188151,-0.741866435397971,0.133739177714668,-1.75599832707981,-0.0465184620655515,0.430501607227189,0.00522831441318417,-0.0153329243530349,0.257107326821095,-0.119612806532458,-2.63945909904249,-0.202374477229008,0.580578322813207,0.640680527883692,0.375361826271529,-0.0512640549988841,-0.372797545795669,-0.0385839939503494,-0.106214759432412,-0.258850192452328
4200,-0.442000372535392,-0.357913388044744,0.0889305472156686,-0.0418668474425588,0.446585483008568,-0.292968923558123,-0.293996726207065,-0.106527130942112,0.714459331511986,0.137497678392171,-0.402327489832481,-0.503233634697402,-0.503870732826557,0.311310277260092,0.201071815179005,0.105856035179928,0.492869325521361,-0.381893866656549,-0.776019005825155,0.0203040954825811,0.393826392733356,0.151008155798382,-0.43767929632569,-0.502169413520523,0.45133203723667,0.0801577676747888,0.0851524055903614,0.189376964026369
4300,-0.357631896075976,-0.495422317915519,0.0156385629781647,0.408569448137789,0.305155029325867,0.245066396288902,-0.0732534771105708,0.0613804124167511,-0.201194235063969,0.194535727549924,0.278628284274145,-0.561777766058069,-0.239385032935861,0.181866692771053,0.00726917902043098,0.330986785726134,-0.365622805274309,0.802561990170942,-1.8483362625095,0.200586917005263,0.150728872440813,0.194268954870711,-0.152009485761249,-0.660283568083742,0.0887175746194609,-0.127050276700286,-0.0348090002960282,0.20120561582726
4400,-0.389201675797662,-0.647027554082414,0.100708711365011,0.0722442387099128,-0.0361918116794807,0.3982164186429,-0.0729175776730717,0.210832106973298,0.279742295863618,0.981167431021805,-0.524079863619107,-2.44666255446751,0.0914089117079553,-0.154931908634584,0.0722860994210324,0.364441762888538,0.19634678317378,-0.132646281089494,-1.60930758467914,0.421393482922861,0.129928882714086,0.0188000986609267,-0.159897032045158,-0.529000459634376,-0.270751344105086,-0.0542383175581082,0.141237035431523,0.406570090907498
4500,-0.199594107759618,-0.462813550558992,0.00116754911410833,0.237773541691864,0.205516349631241,0.0348618956012218,-0.289529497109905,0.110831654061954,-0.016060650428184,0.146150746451122,0.455474657697691,-0.581350269022952,-0.0943937042314601,0.277736844447995,0.119510425919567,-0.0826965302623091,NA,0.955292924392006,-1.32958016737373,-0.048207940837742,0.00524602322375557,0.686767567408708,0.530244830031965,-0.42493883504827,-0.271730019314272,0.0395348039845006,-0.120663126407,0.0714212461992124
4600,-0.46852351426898,-0.449202681683316,0.158936639486335,0.118324662930403,0.163982892852449,0.6600159524329,-0.0718216968335741,-0.0974036060750302,0.122794233926045,0.0944586521469958,0.467711797032607,-1.84098377072507,-0.0854052437580016,0.25339154819871,-0.0532118069497688,-0.0927288985454087,-0.19592130907326,-0.0410414812053895,-1.28879274848067,NA,-0.133626322941196,0.738158178603987,-0.585374299902298,-0.475354368870373,0.012249912608845,-0.248166569514752,0.374263975157235,0.778369898214204
4700,-0.176682258722298,-0.340253541805636,-0.115383404655708,0.162585270123688,0.411488152975736,0.815326355210898,0.171877408591894,-0.199248728451125,0.124046041936291,0.313055806523052,0.561281554576673,-0.264997103738593,-0.0106884944566558,0.512593468384205,0.223413393338622,-0.416096946251656,0.216485631749037,-0.267618801862887,0.116055320891082,-0.536503278537386,0.645535099688273,0.676136956014996,-0.27050884096936,-0.370079854226837,-0.0941909167284085,0.179439502021837,-0.131518795751486,-0.647660483647654
4800,-0.0840081874577058,-0.408043184453558,-0.000473884156977743,0.251305461754726,0.0955696482763685,0.990689983652026,-0.0263383628819822,-0.737675670003046,0.55821494161879,0.716541414377225,0.264932982415743,0.429286221780477,0.0983267828413465,-0.18525089168764,-0.598990750742628,0.923817781285624,0.503322317658595,-0.844922270209597,-1.2318790919882,-0.487627684265966,0.591941636056269,1.27329624415845,0.264536789365545,-0.108954724284845,0.532398538802699,0.0165040140512363,-0.069840646661228,0.353334809690248
4900,-0.349680095814203,-0.265789566108073,0.0356663794790945,0.152165719673329,-0.414484100388917,0.828469712618139,-0.0859086532875169,0.0894538275646861,-0.0955850932609926,0.408121781292194,-0.0441159144981454,-0.981041677315147,-0.0738627001052408,0.161569465765679,-0.571954472931981,0.460280240793533,1.05185381491058,-0.926614042475945,-1.78679376378334,-0.00271153325259981,0.333372787313604,0.445652304280795,-0.166123399977267,0.400543296806972,0.0633301024833698,-0.00664666671378483,-0.0949100468845679,-0.495084680275095
5000,-0.552404337772471,-0.213132060378689,0.400134304125501,0.229609708059857,-0.485806175078881,1.06419477527546,0.6362055463346,-0.0264332811219683,0.257694957398289,0.578461698643444,-0.677788571150066,1.2106741418977,-0.0587101930795465,0.578385473580029,-0.512847398941994,0.302982280538758,-0.386030245997083,-1.42428449528788,-0.880838190413348,0.560357149804555,-0.0974022830162574,0.50891817194228,0.181546369188213,0.040911795788633,-0.0319554827003318,-0.202234154230104,-0.00463890203703234,0.0551920566564143
5100,-0.10074873227149,-0.358591225167176,0.455391374451231,-0.012322140711044,-0.432657093772066,1.01126310581197,0.890323524493647,-0.490981455995494,-0.553734645870566,0.0199096748752412,-0.240877439753319,0.458191454205616,-0.220488968326749,0.408950194142916,-1.11433274729114,0.27291073099718,-0.690594171201348,0.425682912744121,-1.42781637122768,0.372642564251027,-0.0775123695371545,-0.30720784901589,-0.338668387470786,0.0247689991640363,-1.01552922800125,-0.305402478650772,-0.0120963673246156,0.400422531870076
5200,-0.267033784888177,0.3832790047325,0.537495042000768,0.122290074418797,-0.379315086926949,0.91590738957922,0.419092797406068,-0.589585809315659,0.829596822776159,0.166519480870321,-0.461137022719493,0.356103390306801,-0.154829075997959,0.299873679177923,-0.417485787537488,0.839695897841824,NA,-0.840170991641504,0.0623617176138043,0.414847255298408,-0.446796303633429,-0.275193325336425,-0.140228028938208,0.445917599527058,0.460735123675426,-0.258364936170556,-0.0709863191704293,-0.0844848986084504
5300,-0.189293152929812,0.000977598376181106,0.234553338709656,0.744378024993946,-0.256047103683077,1.08677752938915,0.244652358756082,-0.190437157409803,0.639791158240269,1.07071460044786,-0.107575214832429,2.11022580153838,0.0480347780563583,0.537557383078778,-0.451959920932158,-0.143360666102659,0.860330458108683,0.453688047086047,-2.19529485385581,0.380991423041387,0.0212106126951012,0.133941374300078,-0.27009391207549,0.594416870737604,-0.902872370178078,-0.0538164507749781,0.0649820682842416,-0.195621961135569
5400,-0.484127670202603,0.662643894290507,0.687645212440858,0.00397985883203008,-0.84257420635517,1.01575158102802,0.299804418674492,0.029618980541434,-0.305161501444731,0.246292353916796,-0.528152133073605,1.91898315710283,-0.0577672225161968,0.565043609586658,-0.0154552009316865,0.141604190102173,0.617823808200056,-0.784107450019215,-2.1399899274549,0.913221392717489,-0.337845054624239,0.314587364350082,-0.419046477911857,0.358169149073761,-0.964570461252575,-0.316047778476277,-0.282675675404536,-0.627275178516172
5500,-0.501148581973211,0.163964681690647,0.639347251635889,-0.182468038222099,0.0579052699156971,0.797099199450945,0.206533257822319,-0.112348518355004,-0.159918280218863,1.55335367328623,-0.608763681880197,-0.393768131400823,-0.563069590318889,-0.161060388667397,-0.447364251157665,0.216264277779107,NA,-0.0161517392366403,-0.766504617500847,0.979741549840046,-0.112841572575124,1.16239358800079,-0.680888672836762,1.63069585472662,0.0302506902931877,0.253546234689933,0.0429323425531166,-0.52277838404471
5600,0.0309245549341943,0.631221592013541,0.724319926217984,-0.17812629622497,-0.263480409061148,0.712338608634406,-0.293122722024123,0.15525981552722,-0.0375465954740335,0.591033896145075,-0.500400678566084,0.960594853524389,-0.296203125621949,0.577532851956195,0.190658204967661,-0.0562284121442227,2.75128612832874,0.643396209178266,-1.13006879051661,0.95048733606701,-0.236535427974111,-0.253557015214966,-0.235184238787593,0.705204554258729,-0.674342189393382,-0.0346546175595383,-0.140276406830427,-0.650844759486661
5700,-0.389358580679741,0.62835519158815,0.127640318513277,-0.149181831466952,-0.824698401878162,-0.221650247907971,0.121582366320452,0.165327897328281,0.662696423288939,1.65030391723579,0.661214738138668,1.01579119323841,0.189879900187321,0.342111669781822,-0.35416115688535,-0.121837709643117,0.686267391434621,0.520291499870183,-0.440400256462812,-1.1026097297941,-0.184654353067417,0.996595561494916,-0.463299110564579,0.561463979641011,0.380350216142222,0.0698307065465202,-0.0896872276241671,-0.61782134429523
5800,0.70024918543788,0.783841737277436,0.268921963833635,-0.330974050999196,-0.222796697272379,0.284963134011296,0.11098771889899,0.0519114008686003,0.379783046154897,2.44692215204418,-0.611726138432843,-0.9005562113591,0.127258029007697,-0.0611119602541876,-0.37863642139435,0.189424453528726,NA,0.994477045683302,-0.145123358760352,-0.390541144646583,0.037156515790534,0.653951925583184,-0.444748244304301,-0.464783933279204,-0.0472968110979053,0.320583022443671,-0.357005862884772,0.24344493511507
5900,0.201390900437454,0.749079216207941,0.249039574351886,-0.438723725926146,0.0190425837071179,0.97025286222363,-0.218309993188043,-0.0592749402754767,0.642779877661837,1.5628720705858,-0.983093019991357,2.21070683109597,0.126946155480173,0.492887657789149,-0.341994356289838,0.0324210389931903,2.28106919577994,1.48903270819039,-0.426818128376796,-0.256072665196728,0.0981935948866923,0.707507864719875,-0.825367122386247,0.021069390546995,-0.147736185273492,-0.335221167205708,-0.485924606689202,-0.820352144873144
6000,-0.0830956408665831,0.923337246976015,0.447861935068034,-0.403196838334921,0.140905627394761,0.570365288382302,-0.609920483019219,-0.141304069679412,-0.593455252805742,3.32605414780336,-0.295180502431585,-0.863685394511564,-0.0278102610132364,-0.343419977340697,-0.924071154821946,0.4272453666513,0.992488857183427,1.5835501515864,-0.500113241950722,0.105721987189177,-0.0143981156087677,-0.17313041579405,-0.58093711204529,0.650074698677111,-0.592092407275574,0.320308698118714,-0.902020518050126,-0.309813252734576
6100,-0.0798484566380314,1.20545183033517,-0.0274285278997915,-0.539695504463818,-0.432448215198657,0.774344806411258,-0.70945996016917,0.326527617528114,-0.0620120405486624,2.24618410276682,-0.961080351786791,4.95418546160158,0.127775603762295,-0.0313873137567845,-0.528769536188862,-0.375526885255571,NA,0.985040111638124,-0.327760275627455,0.587654612906321,0.294908592158392,-0.249926621027905,-0.718959784069152,0.66342691458916,-0.487139652044489,0.0404644293271073,-0.522760164117484,-0.738572834301151
6200,-0.416329307645033,0.81628481577507,-0.211890627395054,-0.54721301294736,-0.288837164679065,0.845604527142861,0.463798796675021,0.51245135974955,0.0383636564183944,1.9888596456541,-0.383414904510551,1.17782135659973,0.262198817519875,0.347400530026208,-0.470889284315705,-0.537716658271825,0.955174595986125,-0.977676974028817,-0.594221054146376,1.39985625628283,0.291401517489091,-0.130001081649211,-0.609585496104682,0.981950466430228,-0.744156822021609,-0.363030226926816,-0.465255425092086,0.399342655567811
6300,0.1095095939558,1.39009980973458,0.0928944504616801,-0.631226090548439,-1.28465412150058,0.829213727272488,0.165080283038665,0.278352847864095,0.0825447858976783,1.41172529318526,-0.450093856151094,-0.346357326103728,0.232303217967622,-0.525222101852263,-0.911183522602625,-1.31401545994196,0.608842618451357,-1.06180716779391,-0.8613934705242,0.723494072822871,0.311914765875209,0.122518593674628,-0.0411162440026926,0.205259591463857,-0.832912844577543,-0.277333729711049,-0.480652660938342,-0.739367962914621
6400,-0.399873239206362,1.56551206583282,0.262596000375207,-0.530403214160241,0.216688388551233,0.724389138436881,0.135299176225922,0.343536892052068,0.427633773878933,NA,0.0059846212024075,1.13476272604858,-0.107131165951977,-0.174107403072563,-0.911370980939018,-0.185633912832064,3.11205961182096,0.873416047448088,-0.712667664904198,0.862558415055269,0.349863148320085,-0.458351821652058,-0.949005144288521,0.873768923220273,-0.57593508325164,-0.0503493091171401,-0.416601125664787,-0.0346006223386174
6500,-0.261578484243559,1.1979215831044,0.398455250881381,-1.12113237654427,-0.765236224752205,0.524557553756508,-0.0917131109458336,0.155006875848317,0.109219742038963,2.42684834711645,-1.29279694954124,2.15125780978689,0.362617184189804,0.291562984446899,-1.01163461620996,-0.344182824267705,2.34805088376642,1.10092037149798,-0.384227904344378,1.89531315022766,-0.204658568555804,0.0580928985965881,-2.04287887840686,-0.36237358457443,-0.530954454343636,-0.0651942428260899,-0.289606888149593,-0.326812683484315
6600,0.0765803804766181,1.29461483492733,0.113006772419002,-0.880550995633152,1.62427263000131,0.277686227239936,0.291240366060593,0.199685700606246,0.325930155735277,2.97747911946155,-2.3468006562746,0.560062321893934,0.314081059455478,-0.0358408951528585,-1.09874820083123,0.0854379356839241,3.19011376355144,1.15309618776812,-0.451674934100066,0.796064496918012,0.465850114606078,-0.09721688302275,-0.302595093860234,1.20584587870336,-0.687555419685699,-0.451910783639324,-0.31531631512312,-0.146642689689755
6700,-0.037814423141798,1.26734378782666,0.122581039945858,-1.18121051253086,-0.328521073412628,0.0188993589350366,0.914679412460996,0.0891356106194591,-0.719710038631927,1.68337070332938,-1.26681250883148,-0.0111045023824363,0.672952269558128,-0.630161294789143,-1.27385846576113,-0.229527911036762,-0.000906418264522479,-0.983580367833392,-0.597356332897663,-2.00823924196986,0.199357302752524,-0.562836745897957,-0.0326829694367752,0.510249476555666,-0.261137696008348,-0.194816671609026,-0.413609116974525,-0.136293231676353
6800,0.0245052615804862,1.19345402559713,-0.176399519374693,-1.03950861573302,-1.76171213251382,0.0274812473353866,0.558199067819222,0.285857726838741,-0.682493161469374,2.50714356682739,-1.94287441740348,1.41389353318377,0.419327875152727,-0.615863406540225,-1.04941134251195,0.432140900881569,3.32745421050998,4.66926646933486,0.188600718110706,1.08301118898835,0.522838597229005,-0.407228902325646,0.3778625121136,0.821843666336037,-0.610773462899818,-0.213748071109865,-0.325869088142297,-0.928343266727613
6900,-0.851978611119665,1.42115172118332,0.00288191117864623,-0.974785054570394,-0.353051980143701,0.361312605094622,0.390718686331832,0.176581271110464,0.129129442211522,1.77187951408372,-1.30422656384623,0.942848353884812,0.0253944686833732,0.0599477740901946,-0.975768486357854,0.746767321211036,NA,2.34540212679155,0.323557090757669,1.13038035724793,0.665162147429063,-0.385467779142448,-0.406403268497448,1.12055943788242,-0.525704831948191,-0.121206159609087,-0.252458928803831,-0.573804511755951
7000,-0.0637359990315974,1.31254322460597,0.0230176890913521,-1.12332918972223,-1.59759767541919,0.063726013870771,0.387845765643485,0.161474231639722,-0.279896777792103,2.34856704811812,-1.14968152125483,2.38225822317014,0.380960238909387,-0.620068834683275,-0.908798379023376,0.376726926289585,1.74917940687216,2.50390566325294,-0.294957835483017,1.49911777730351,0.256291385377148,-0.0833871223038344,-0.331480471275325,1.4135293412089,-0.42647126703884,-0.406576412647616,-0.192712727579829,-0.659599632804989
7100,0.0120941226607095,1.55354625400095,0.668267319118337,-1.10761403308681,-0.372678918625096,0.460042674453601,0.565647515358007,0.522857805069007,0.170186506839668,0.576094265463171,-2.97757497394548,0.136386185558771,0.715775998437979,-1.24547561073704,-1.11658428203642,0.358613411198662,0.874132005565109,-0.619920606409376,-0.0402023981999762,1.27800841863301,0.683448709755855,-0.0550508646078495,0.426340656388287,1.22843182861343,-0.836884492842487,0.0137711013741549,-0.3356381116618,-0.0192260179937355
7200,-0.39886729326115,1.85997897684704,0.0564431796098325,-1.20807387270527,0.118584614374167,0.287547917136082,0.604955259047114,0.0649637243814382,0.4661666899801,1.39571706837775,-2.75043948149952,0.738471011947285,0.209419888385919,-0.714009899823155,-0.959814467674297,0.433683375560503,NA,0.946929051279818,-0.331524853698163,2.39311813483835,0.0719899713807874,-0.261758453393821,-0.090340140513018,1.11031121702401,-0.773514054322458,-0.563111727715563,-0.512663558961293,-0.102404341116835
7300,0.519005439961288,1.5900403865803,0.765857602536406,-1.46377982047436,-0.266884751056268,0.297807770270646,0.658668365384603,0.517499216364962,0.0432526583945221,1.66124350064079,-1.22341771470773,0.618990522492912,0.497686730926124,-0.789412459195548,-1.03164903641475,0.0658148811315791,NA,1.18154332213263,0.305077957424782,2.65814456705553,-0.0928859273519671,-0.00387491175868708,0.307260165924993,1.53600461058889,-0.116925047032441,-0.410956319119813,-0.534716317616487,-0.620318864855168
7400,-0.835337918710962,1.55332114313018,0.47370124766653,-1.23790821370522,-1.25330932104935,0.297807770270646,0.216357296907729,0.704416387086419,-0.726351459840261,1.75889488458304,-4.55752674549319,0.575315648751076,0.653081575255865,-0.574061060808516,-0.78366817674024,0.880915577153578,0.991707223114159,2.35473061326796,-0.803335555136372,1.33990223713214,0.263700203579262,-0.326511404939833,0.0695934649291275,1.76183336055786,-0.974486602559787,-0.112031638992988,-0.449534678566492,-0.31717875728159
7500,0.257692866708681,1.79211254605926,1.27002391047395,-1.50134213201496,1.46686806918223,0.297807770270646,0.461969544898391,0.226838006068526,-0.679592347288744,0.958339646012333,-4.14345744892923,1.04651542600808,-0.0199159596065165,-0.546480793834135,-1.05885206377075,-1.06156627094859,2.91179697006138,7.63040051682844,0.941773413063987,1.63859569549611,0.0881266328073269,-0.366255940478157,-0.284720775192831,1.49522705550378,-0.701724000838342,0.644978619015198,-0.13554975895582,-0.756665174383278
7600,0.543122363317573,1.78029875940287,0.612504709123252,-1.38804378814261,0.14183614251053,0.295636934924616,-0.385858226987551,0.47080461069862,-0.946651311782475,1.75673559821133,-3.67918349325688,1.88860150979472,0.267993901664314,-0.492426233779979,-0.985944512374898,0.407689442922857,NA,3.08606904007523,0.968460547096971,0.946811739891922,0.016977026984981,-0.176788066213467,-0.385578655058948,1.58185067023493,-1.08558199627775,0.398256040561997,-0.269600826668594,-0.64129867766567
7700,-0.357011109677556,1.37586141937781,0.07295306593878,-1.4862244729045,2.21631413302905,0.185244487696988,0.188307521518434,0.259842626554908,-0.335944470021578,NA,-0.623240418608282,0.446941638292606,0.247189643778099,-0.264352349430689,-1.00751141219263,-0.613761235044814,1.51572386110362,3.75748255976812,0.307945750172402,0.503921438704652,-0.703951093199737,-0.556513810859235,-0.425197743250381,1.51812478114622,-1.02055721757996,0.150087470708992,-0.634167542880894,-1.37100411959673
7800,0.171405575258783,1.4154925710976,0.667609317775035,-1.54586244581397,-0.635155162449012,0.287226198554554,0.429162031501383,0.426935560399483,-0.739462172642878,NA,-4.06540554908765,0.228541748121806,0.211123341118825,-1.66761251802011,-0.906906608017443,0.104749382211956,0.667140862543227,4.7745705132394,0.965412172540431,1.11535011678757,-0.562611513525243,-0.283754134810421,-0.151395758814788,0.945256312829643,-0.519309061808557,0.359193183115317,-0.588251171437012,-1.46510474328464
7900,0.322351515211936,1.48240358169157,0.544883058215831,-1.36804382629352,1.86585450431049,0.115661983238094,-0.638315111608246,0.368667626281802,-0.647148116678682,NA,-2.30068882161217,0.834356633652633,0.248277769538435,-1.39569725628598,-1.14917087105395,0.781667386564133,NA,9.00812972778048,0.018592704722481,0.303281094556013,-0.871589494119046,-0.610640956516684,-0.574997500927167,1.25190143617868,-1.0393679329816,0.215679096038613,-0.539547002585164,-1.68370724191266
8000,1.18891800514518,1.30872121692272,1.19332166390261,-1.15939988671977,2.23749070467672,-0.154651476951925,-1.18176768245023,0.456575159732592,-0.539880933908202,NA,-1.05845787172191,0.566555852374102,0.170215760791216,-1.57663116444724,-0.741358557694224,0.0652372766965185,-0.274378883563735,NA,1.10606367893735,1.09310557927226,-1.43774477376062,-0.710852077287932,-0.173929496008541,0.911135530676507,-0.750077390335603,0.319743410204157,-0.427610883074858,-0.830984570393146
8100,0.428298115743095,0.991352399180831,0.938287422612973,-1.86511296056121,-1.16308571519406,-0.827931378543617,-2.24643180558662,0.501901012461524,-1.41474329451945,NA,-4.82723288256947,0.765882706789919,0.847239489574813,-0.295625451642091,-0.847933059309736,1.4417124377412,0.164676666992877,8.35655179450113,1.254147297024,-0.627484617230497,-1.37179696556667,-0.464975860514152,-0.169571214561631,1.52983885765754,-0.617385949186371,0.432764505795403,-0.558495550364805,-1.66625398138903
8200,1.61395357211056,0.651325793286516,0.471842642594805,-1.80491674435083,-0.679251358687049,-0.808377259563333,-1.94178656148618,0.313441323794932,-0.529452433527894,NA,-3.68754420581924,1.97309867525669,0.714906987670866,-0.395576199394304,-1.62547102197619,1.82130241003185,1.81810746119362,-1.18113862628253,0.327584947149966,-4.50972122373341,-2.12346042372577,-1.38740198619959,0.509914553198895,1.54038196371335,-1.80511988010012,0.081758263402943,-0.645076669986277,-1.70673491909757
8300,0.18866374773092,1.06838997064873,0.493620321451049,-1.34718251864806,1.4755088734601,-0.8847595877679,-1.359870682014,0.330069196079181,-0.209428055893868,1.43246302088531,-2.92688286026062,1.41610916687786,-0.227793323080584,-0.281724565508658,-1.41072259772292,1.18563643950753,0.777290198824985,3.10841628967242,0.461820744146348,0.507956237098497,-0.337812532453254,-2.07027333232019,0.328086735115287,1.09498592320263,-1.36926549333958,0.0108560985126743,-0.752872164459124,-1.21494401423376
8400,1.00304060277592,1.45487854467039,1.09117777513349,-1.75943237627382,-0.401279609185156,-0.900580087414723,-1.50291563889548,-0.266914375429958,-0.860824886733088,2.10521753007612,-3.38587395178024,0.564789699065003,0.239272780729781,-0.55990599181469,-1.37379668903763,1.17084424067069,-0.131638314310054,NA,0.241155946299878,1.11818266099572,-0.953619236341115,-2.35142243813384,0.163892098670769,2.33856464959096,-1.11051275383736,0.878658105297841,-0.480209433030329,-0.882004988601667
8500,-1.37864229513275,1.46218672276195,-0.290985599036185,-1.56006688697394,1.0306577233421,-1.31330292374114,-1.49995978797303,-0.137829511175935,-0.888497674316835,NA,-3.44233491505525,1.32059855165638,0.422088790578385,-0.092474908821756,-1.09733148325276,0.947738285342751,NA,0.969594338260664,0.596801492523838,1.43035302662496,-0.443998522160746,-1.9635279022237,0.500299603113289,1.17631182450374,-1.02653812479967,1.06389003707362,-0.49764537865266,-2.53072920749778
8600,-2.25493983335832,0.963005126034735,-0.235854146969904,-1.56100816567501,-1.13960359031089,-1.20286360671663,-2.11730606795665,-0.0824040131195463,-0.28902903241187,NA,-3.95366850854301,0.84789256585711,0.276608218584613,-1.70181991113453,-1.27834849382491,1.10584214613498,NA,11.5173137759189,-0.374919203080001,-0.27893320769746,-0.803508656428806,-2.92294036968483,0.0497532553817209,1.46454458441316,-0.0691696109082683,1.34813302195589,-0.283815380546731,-1.37971944961118
8700,-1.46491722411459,1.22458614075619,-0.197973910042397,-1.93281379107616,-0.305563748964358,-1.35459122683568,-1.61900411281999,0.143604923456085,-0.108895027936066,NA,-2.00128367232561,1.34548299919771,0.474196690800223,-0.268618059080536,-1.33896507346115,0.579768193925683,0.109776463106175,3.9592635368128,0.372586882730956,1.8430631169016,-1.33253245370198,-2.42873079076283,-0.0352452147689223,1.35398281366234,-0.358962580877557,1.04090137721927,-0.965157839398733,-2.41637063885708
8800,0.744859719296773,1.46875125995866,-0.840249481656254,-2.16053732322511,1.05812139648049,-1.08144622543076,-1.40003079275099,-0.0647152831292383,-0.723165008362551,NA,-5.0092017430634,1.24350682356615,0.15229801436862,-0.487981618802596,-1.4109831144867,1.30363006945072,NA,-1.12156846784104,0.552691772276022,-0.684916529883311,-0.96820366609006,-2.91624814910554,0.00747400846509706,0.111513157486693,-0.345199309082843,1.256960722653,-0.554849878837814,-2.73337267543559
8900,-1.83667028211143,1.24673735023287,-0.111005747497231,-2.41926285065723,0.98970216715589,-1.37699697911975,-1.84978299742318,0.245146098630245,-2.0127920813782,NA,-0.514777916277279,1.79033686483435,1.13242720046947,0.109113954518789,-1.58099851425332,1.3859275921031,0.313746857054429,5.37688969742707,-0.330299551289015,-5.2192943060561,-1.39939934667412,-3.00277631897218,-0.174205436558181,0.927405876623427,-0.833284532821736,2.1788907067301,-0.902400777857156,-2.05561192598696
9000,-1.0465470702666,1.32352376320356,0.114549471953323,-2.17295455880777,-0.564537729663972,-1.08773779333995,-2.2366540722929,0.226461494934069,0.318434465960497,NA,-1.31749754749071,0.722638914837785,0.071785210169054,-0.81838514022643,-1.07642452182725,0.557623825223922,0.440104428627406,NA,-0.0339842827366888,-2.79730776750922,-1.52201493862859,-2.4391338341345,0.367430235913881,1.16562702945455,-1.07499542583423,1.14348183919477,-0.779916298946234,-2.47504761308036
9100,-0.437262214003522,1.07855284805804,0.0284373355983017,-1.88763992889065,-1.05508089347665,-1.37226128596566,-2.40538806578011,0.167529082099766,-0.495085622587806,NA,0.703705864456601,1.39632862808115,-0.382820327908302,-0.375475332467898,-1.375298384091,0.273351987864973,0.915153693960768,5.5921220051572,-0.343244530537973,-0.841555223295229,-1.56640741351473,-3.3184824282612,0.0634148002818673,2.77157498263979,-0.710200201321661,1.51790282610228,-0.438634991798185,-2.76726855909253
9200,-0.270629893858652,1.04312569527972,-0.379320313382643,-2.04477406525204,0.355806063232127,-1.04928428657664,-2.78067693954663,-0.0505153012756824,-0.309937553296749,3.20012639695468,-2.34800789590603,1.66901776667944,-0.228695158307774,-0.330254301940155,-1.59290792347589,-1.31909190921375,NA,NA,-0.226891385222839,-0.860058699611754,-1.13328243781083,-2.53449287137457,0.209195155552062,-0.353225788721697,-0.419160571202305,1.65820362357755,-0.690845579051924,-1.20908348223934
9300,-0.248013860374329,1.00052705166449,-0.793780142792256,-2.26075651588235,-0.650850799979976,-1.25208259098208,-2.33667557245479,0.417998609205643,-0.253605673651008,NA,-0.744768567534348,1.78933800055276,0.34909866441748,-1.04654604519371,-1.78649374054141,0.504912986396023,0.354058290055794,NA,0.0378887238034689,NA,-0.61120411685575,-3.63213186964205,-0.43748705151326,1.61497101528553,-1.36240820381402,2.25706812901396,-0.84972041387509,-2.52494973046449
9400,1.28722474437236,0.828915155232735,-0.975556376712802,-3.00922549488287,0.267669528957047,-1.07331344964611,-2.78314892359986,0.312998595966156,0.0697530700602722,NA,-0.658699500344333,1.73125284993454,1.23228868033365,-1.82246780444696,-1.42638094083994,NA,NA,7.68692499139255,0.0167919610040315,-0.784436049640402,-0.260787127000476,-2.50513702555081,-0.768412344642631,1.12974263670735,0.699404853955863,1.25099709692343,-0.810042715724363,-3.00126226191353
9500,-0.376460816820968,0.470706351065273,-0.533296557675453,-1.82831207725653,-2.10406820189052,-1.48906533061917,-3.46696075309333,0.697426327011362,-0.319324194582223,1.14922264428472,-0.113799762086041,1.81321573200448,0.724398458751038,-1.44455994974002,-1.06868956717135,0.287852236064728,1.44686948979509,0.273155129424804,0.00173142273451714,0.249637571188597,-0.645315265431412,-2.99853709997985,0.314780501053856,0.727989686338085,-0.69333854606708,1.80838671849123,-0.82439749458778,-1.76354940453985
9600,-1.9733816030075,1.02429021107294,-0.841677192966888,-2.98772497620062,0.190347101869031,-1.37378852646173,-3.46821446537221,0.421149863208958,0.0150964738548478,1.64403098804264,-2.00036961859911,1.92568859237997,2.2535217589011,-0.539281053994133,-1.22608156688816,NA,0.785225197255794,11.8888362597711,-0.271949134895396,NA,0.0562860164469022,-4.03931315001046,0.577028369999208,1.72671219067906,0.2986537767053,1.67574085715481,-0.721850257886483,-2.85113321994008
9700,-0.473026647404275,0.688929992581642,-0.659887260049671,-2.65473155448142,-0.796844309658334,-1.27660415283424,-3.60941740792793,0.571633792688553,0.0445073743131782,NA,-1.01460321715247,2.3419871401597,1.72251233483558,-2.21924297590415,-1.51521520083839,0.117311860771316,NA,11.8226939993883,-1.14532163079623,-0.360396856524427,-0.506031077039695,-3.69425981959992,-0.119612884333333,1.86465814877222,-1.95105486793796,1.72590697648072,-1.62466423324618,-4.20575175976878
9800,NA,1.08374006455353,-0.799908924704063,-2.64805873040114,0.336244983805006,-0.788993342301913,-3.70138330057429,0.732123755697553,0.637667613165216,3.03855360950329,-1.97515322909013,2.12259073750686,2.53870550742824,-0.678835836926857,-1.23695051116137,NA,NA,8.05258515756962,0.0773536856445891,0.718471807734233,-0.886037997628513,-3.31617702200112,0.136107776973487,3.19444529033372,-2.16974959152946,1.30724735123491,-1.08629217295628,-3.31985185165841
9900,-1.60026764531329,0.598569924874998,-0.370135847777109,-2.98778113549047,-1.14840413931922,-1.22989570570384,-4.55433002957778,0.334940846896325,-0.143985313317365,NA,-0.548446086153751,1.80250162237195,3.24553713961244,-1.78149055423553,-1.07283641386849,-0.417219269550193,-0.0902773295328542,NA,-0.531929211296909,-0.282223978946334,-0.846480114277596,-4.50336941799726,0.160133843730629,0.512019462097554,-0.964716458315083,1.5943584588721,-0.801042406433759,-2.15910111970082
10000,0.864253434439663,0.500543509156564,-0.55497347117048,-2.79623728508307,-1.0402708085864,-0.9813763609716,-4.46551573184624,0.352517551385142,-0.656658562538484,1.70300591866386,-1.49642856581662,4.01844681024977,6.55814017447346,-1.66120883475301,-1.16065716171733,-0.288490864141623,NA,2.31788123656611,-0.0120397819916727,-1.23218051671741,-1.11947659750201,-3.60555574248422,0.411705557589439,2.17505575158632,-0.921393022720156,1.0931418868988,-0.761268696701708,-3.93008860768179
10100,-2.92845075515745,-0.0851894184488163,-0.353467922877563,-2.4235063365329,0.399569176837622,-1.152604848518,-5.38843764029212,0.497886093085881,-0.875393880763247,1.80007907288064,-1.69682833985425,2.72885487190106,16.6833619966056,-0.443556518511398,-1.42616003427429,0.123773181115995,0.360076440425978,NA,-0.799093154631058,NA,-0.939928942143735,-4.97267674760042,1.31193614133609,-0.919950567759076,-0.633284270247979,1.18289309399019,-0.74182599885889,-3.88243056312724
10200,0.578924614046323,0.355850360463784,0.127563278859317,-3.47185945121257,-0.91711476384323,-1.20185455719503,-5.60985994418072,0.859538381338903,-0.14907204505405,1.94158043276954,-1.95886558762457,3.07671286095396,25.1460561695633,-1.1320359564193,-1.47936936667696,NA,-0.174588130511035,7.73396508802285,-0.301773625667514,-1.08965950984661,-1.15162938705979,-3.4948071489774,0.0765187832978434,0.759569827900195,-0.397606986526978,1.42921436799237,-1.07795123914931,-4.08545633113373
10300,0.678209277987581,0.116322992674315,0.158495082999259,-3.33215342331901,-0.604339442331719,-1.45230390100475,-4.98725479050846,0.801700645073166,-0.457760198011646,NA,-0.192244658505504,7.23947955527288,14.897056611402,-1.08206282446413,-0.52092733816482,-0.0598083545713451,NA,3.67775159861531,-0.404946577537776,NA,-1.06984510896326,-3.86875946829014,1.70548934887203,-1.29902515288882,-0.806725259795752,0.64375239345873,-1.52158469738982,-5.01550174377716
10400,1.52642759557363,0.396141401314459,-0.629976814636702,-3.0208899113315,-1.10846794932566,-1.32054670572202,-5.65764430182049,0.293986968165789,-0.417685544435334,NA,-1.56282650520418,9.21092508821421,9.91243713764331,1.07674737361353,-2.11990066934747,0.402920887864731,2.33079455154722,NA,-0.195005753981087,-1.33762689282487,-1.23199136011109,-6.0036419757059,-2.91629222433128,-0.0975414991026429,-2.25023511455855,1.37677252826737,-0.631490521605463,-4.51037705376755
10500,-3.66200001481967,-0.0359704361454083,-0.961984065471958,-2.69536946104388,-1.88925279924839,-1.31695316509996,-5.90101486591305,0.624539578028017,-0.011769330473176,NA,-1.80562869907536,5.8508935617204,4.47519408515951,-1.46238569813908,-1.1483846809705,0.857755667887389,-0.0621092531330435,6.25324372101365,-1.89019064337369,-1.26535488053694,-0.455956854349607,-4.68156852432185,1.99732352264083,0.539233875406154,-1.33452456676504,0.0690478285352822,-0.474710602310753,-5.14791138086284
10600,1.77701856200705,0.199421522780314,-0.923602429050194,-3.00372361353628,-1.56246534987989,-1.37242165579488,-6.66055713352296,0.0679247578535797,-0.543375325926509,1.32779867480452,-3.13590707174165,7.62457196340441,4.18136928665701,-1.19934486219695,-2.32202250125595,NA,NA,NA,-0.169962783844583,-1.49798438432203,-0.516401880883556,-5.36408782370464,2.11129824390318,-0.919391785886755,-1.51290643354753,0.89830060438398,-1.10427586613826,-4.96241654756565
10700,0.996372848080299,0.168675910030035,-1.26734002182062,-3.55737114528403,-1.38234486770539,-1.33151005244085,-6.81687324308063,-0.412621565252224,0.737280037257716,NA,-0.0131204226776091,7.56413632569125,2.95630067496189,-0.994958359369715,-0.171485736955988,0.250367682232494,1.38631641595772,5.46317181428935,-1.89466152883147,-1.33942710850725,0.284371106687659,-5.33142695553151,1.912912511563,1.28547883956801,-1.92450976761889,0.715467130122498,-1.42973246950748,-4.04722691236048
10800,-0.449280160742799,-0.61712714190487,-0.7542458436069,-2.59588416268133,-1.84590897616856,-1.32776647063442,-9.62122436755554,-0.152343059833502,0.16594620443324,1.65037760112819,NA,7.31444113876897,1.51178069831034,-1.01051657245408,-1.93975993098802,0.256515438007777,0.693289314469292,8.50713728743428,-2.61638462464948,-0.911370538054946,-0.169013782247317,-5.52797178536751,1.67441384358528,0.131850728873533,-1.80607861857126,0.171645102212041,-0.788619995566219,-4.78949066513043
10900,-5.69674041569959,-0.20490315575193,-1.12477687283908,-3.36113547564049,-1.78517190898081,-1.35992546967135,-10.5432814377467,-0.160602551654488,0.122931275398086,NA,-1.74358251034382,10.4107875626253,2.06109668152643,-1.09862579313507,-1.53139882432726,0.837823098993003,0.739568905860485,NA,-1.02814690417822,-0.274936422567594,-0.930644519558706,-5.44479402802506,4.69742398034421,0.544961576997347,-1.29400224041775,0.811175960960697,-1.70517757872324,-4.83276306957844
11000,NA,-0.39946983803215,-1.34649807196339,-5.28401425458849,-1.71071298569088,-1.36945184702753,-10.9688510844368,0.501748822854207,0.543417865834536,NA,NA,12.3871222864592,2.01702193415549,-3.25179868987265,-2.11504822875821,1.59761885098537,2.57402582238566,4.27319885561158,-2.06709120432458,NA,NA,-5.94616316063861,0.812014323767818,3.88410749854436,-1.81589611617129,0.0461113272814122,-0.359356363094863,-3.58275841568659
11100,NA,-0.771188110382551,0.313950344387134,NA,-1.71490626535902,NA,-10.5785817231146,0.153614588968983,-0.105186520538244,NA,NA,15.570326507443,1.44493082362983,-2.05134820519188,-2.41861022736133,0.754106309636579,-0.463884853434229,5.09563516932666,-1.97987540949726,-0.859439294225524,NA,-5.66969583012215,2.88140390897208,0.434593730814109,-0.452967142897324,1.39416814108423,-0.0632132705978774,-4.61855441491664
11200,NA,-0.92566638381154,0.589133206805691,NA,-2.1281478742553,NA,-11.3995084458821,-0.0585651716332194,-0.268599409261408,-3.33457530409481,NA,13.018642984428,2.03792549532218,-1.53964431779395,-2.13701979347678,1.91642833226476,-0.109941817604058,NA,-1.89895475276596,NA,NA,-5.70238947353819,3.00499285332845,-1.06915213994469,-2.30714653045535,NA,-1.14238939583126,-4.24629974758257
11300,NA,-1.10887041426351,0.83537411589505,NA,-1.57086488810933,NA,-13.2727958414914,0.402332926969355,-2.10064311603892,-1.51852806454208,NA,16.1703062579079,1.49002641463378,0.571249629419795,-1.87058039430491,1.00525667770585,0.922211775780016,4.37412323520908,-2.47478725801116,-0.0706798925231459,NA,-5.55112998034665,1.95387303115912,1.23701098577565,-4.31943108670245,1.84212279486087,-2.55189654825748,-4.16316606920091
11400,NA,-1.83950091202254,-0.0480933759627073,NA,-1.25417143320819,NA,-12.3451697364952,-0.997562582796088,0.0683303503616286,NA,NA,15.351587859614,-1.75885799137961,-3.10169278835275,-1.8772798708136,1.26464723848905,-0.331013354047775,NA,-2.66100738139765,-0.21857525251519,NA,-5.33829744441086,2.60563313805467,-1.43998707924487,-3.40192579777637,1.83617070257431,-3.68870096608391,-6.1612018279567
11500,NA,-1.51161066277791,-0.236630640309139,NA,-1.77880982162103,NA,-11.6380207926793,0.0234550156763021,-0.805561245094279,-2.25739247740525,NA,19.8422318660045,1.96126138349543,-2.88263670083735,-2.14142367383648,1.06066549875724,-0.188832975880441,5.20363104160753,0.229283594474085,0.184012663013974,NA,-5.87149474145907,2.53616727945564,0.268735674621522,-1.67095038657852,0.444628262921799,-3.49266243178684,-4.97734215116492
11600,NA,-2.90956422611646,-0.558081645078921,NA,-2.04996536370917,NA,-16.4832930202086,-0.883340992450456,0.416676029842373,NA,NA,30.3111580944957,-1.06972064432014,-3.24822297029698,-1.97175063399684,0.646470437606891,-0.296298133530829,3.73701726981478,-6.04377441476151,NA,NA,-6.39981869145249,1.00908827093151,0.67964752884632,0.662100613284571,1.43380893173564,-2.77653435526834,-9.70226930250571
11700,NA,-3.622292517777,NA,NA,-1.08544163283399,NA,-21.1094470725911,-0.279026396219345,0.284782892049612,-1.83717636735469,NA,30.5817308927292,-1.42474076655087,-3.32312130799315,-1.52973898663836,-0.0816739606092867,-1.05507283355425,12.1899946368331,-6.87116073187033,NA,NA,-5.92979585557277,0.657482694531854,0.431200113626731,-3.61396408729717,0.596623198616895,-2.91231622559597,-5.21311432477401
11800,NA,-4.07601376755794,NA,NA,-1.12060548646321,NA,-21.3529160847617,0.544450312317198,-0.900569074663598,-2.66621772698024,NA,26.4637705389927,-1.52182716356025,-3.30310605742623,-2.31844757657014,0.957418512359322,-0.072694060937542,10.3084584212633,-7.36734108025675,NA,NA,-6.07033089828018,-1.83214426906221,-0.540119131954905,-7.65253318123471,0.899875061906729,-3.82264831624318,-10.3714347838591
11900,NA,-4.0458792729722,NA,NA,-1.20865754827278,NA,-20.9872161095799,-0.960307815444553,-1.00197666146247,NA,NA,24.8607722133408,-2.34066298231613,-4.19003506210508,-1.89743118248359,NA,NA,NA,-7.35947229776194,NA,NA,-6.06320550305581,-1.67977469711367,-1.18172579318844,-3.70726767589107,1.4636509624767,-4.570336916661,-9.61135516059388
12000,NA,-4.57416315149289,NA,NA,-0.962635463973406,NA,-21.6951865649296,-0.719775197842262,-0.346812521385605,-2.5050251212117,NA,31.6513422256688,4.39316180830397,-2.81271715473684,-2.00185945182217,-0.0201335718798819,-0.95487106900061,5.74541430095381,-4.41866098646382,NA,NA,-4.70384919867359,NA,0.00348689136158711,-2.38329859156597,NA,-3.7666303888788,-9.75611395331224
12100,NA,-5.16450201704276,NA,NA,-1.18239172312251,NA,-21.783059957802,-0.414099335494202,1.50414451748911,-1.93539770585361,NA,33.6537802290236,3.34877261006712,-1.81751490758493,-1.0654193658249,NA,-0.0544349919123068,NA,-7.37924626229917,NA,NA,-5.80693535058722,-1.43445476037223,-1.09655868188775,-2.41149177666834,1.36959362568011,-2.56369269252691,-9.86482968806626
12200,NA,-4.92479696121994,NA,NA,-1.38458754302777,NA,-21.5838517204065,-1.15330091897189,NA,-1.93539770585361,NA,37.5438837337459,1.42347708219068,-2.9758298302854,-0.601560002617188,-1.27179399769311,0.476732213551735,12.011269805586,-7.40149480038406,NA,NA,-5.02237658183645,-0.983403104494466,-0.924164126426578,-1.21173910988472,1.02964981639678,-2.3770182280721,-9.00083275064097
12300,1.32498344094654,-4.5735386249404,-0.67748486054101,0.340031711294357,-0.717128393519146,NA,-22.2811367544547,-0.32860231894403,0.412159046766047,0.055365700700159,NA,44.3502192383269,0.823147479438185,-2.72853007482468,-0.630064732865411,0.231924414906651,-0.383664361823802,5.49085733017009,-6.8003288923139,-0.95137021120033,-0.939249451482762,-5.46868876603736,-0.843567708094615,-0.559774595321633,-1.99379078434327,0.623817657189849,-1.6127296082353,-10.455730969569
12400,NA,-4.67222628206084,NA,NA,-1.33206761965643,NA,-22.9367292971613,-0.00101041765286977,2.09469526704794,-2.12839435743884,NA,58.5308019654269,-0.228526312944273,-4.96008613698223,-0.471810250860564,NA,-0.569673678973581,3.36511828222498,-7.38134069723025,NA,NA,-5.80852455202717,-3.86416728159794,0.217517784691847,-0.972634852897184,0.81356912174149,-2.43597792919951,-12.2326792925167
