"time","CNA","EAS","ECA","ENA","ESAF","ESB","GIC","MED","NCA","NEAF","NEN","NES","NEU","NWN","NWS","NZ","RFE","SAH","SAM","SAS","SAU","SCA","SEA","SEAF","TIB","WCA","WCE","WNA","WSAF","WSB","EAN","SSA"
0,1.13284016585093,-2.03352106182053,-0.221624467712851,0.24361837318313,0.944071784545928,-0.496421264980667,4.8613625183964,0.250743338691879,1.05106353190985,-1.63994069826867,0.0226425082258521,-4.30771693871841,1.83757071553617,0.216508473089628,1.20177307709407,1.6273946156644,-1.9354994574935,NA,1.14790445616259,-2.66622983902466,-0.811993953503412,-0.305780823552036,0.318312089948877,-0.192642845466995,-0.972353797702448,0.113951956373583,0.0397613669297498,0.617318043775696,-0.176095754944038,0.697807695969496,2.4483478940929,0.485228729400173
100,0.818002631055824,-1.87295144659349,-0.424244495162961,0.313780535343549,0.993309449591815,-0.474425163540936,2.6113495351517,0.627067192358467,0.787819826348169,-1.94317832264644,0.165635096719532,-2.56324084245001,1.88921647974586,0.378219366159104,0.900135732306962,2.66326622531964,-1.70101046493889,NA,0.621951539333682,-2.81267456675987,0.746183897695255,-0.435488910477355,-0.665891262016757,-0.851298674847449,-1.24259820464314,-0.00516307479532304,-0.211141390975372,0.704576758733819,0.255396109348466,0.226463778749196,-0.49710485425823,0.334306399850035
200,1.08051732834465,-1.99393257700471,-0.486125758547239,0.549750833058957,0.517407303129846,-0.498537052229376,0.800502301112036,0.410836910930674,0.081280163220394,-1.61214544673482,-0.0859421333206593,-2.38633880265592,1.59328966117195,0.383679542881838,1.52153633688047,1.4097803181975,-0.538050567073967,NA,0.550844061823961,-1.37132940283651,0.664859579572011,0.0333027429193535,-1.05041183723199,-0.860286978369776,-1.1583772389976,-0.307419808477838,0.203866685706235,0.398325081495725,0.778946766006628,0.245565013509533,-1.51628648395183,0.280248361293472
300,1.10876505395877,-1.73738099734127,-0.719611112780888,0.647856844092663,0.731692484290507,-0.360670901986018,-0.621131678018285,0.671938636187901,0.252262880206759,-1.51751554367697,-0.126426934948666,-2.03540499418292,1.52425062956062,0.285175317846399,1.8720591691711,1.47694458601988,-0.46291277987389,NA,1.10012212509166,-1.09327702813928,0.947056032169936,-0.386863663812856,-1.08752909769037,-0.408801275905861,-1.27569768984065,-1.34786178796641,0.0657633147831643,0.445377733907467,0.852307565276126,0.24092258444883,-1.15081930389115,0.126144037132175
400,1.16873153590155,-1.55446972610092,-0.260650586983774,0.871563843059627,0.519962173300721,-0.254960890764922,-0.591384033938682,0.323132164819385,-0.204098402796248,-1.34431772009368,-0.0614347731385989,-2.43631731163953,1.13123498950538,0.157588389760641,1.97339557467923,1.67635259024721,-0.615039007132288,NA,1.32910069182109,-1.67585862143638,0.687169278542811,-0.186135264703709,-1.33051371265774,-0.636491764114756,-1.46775678617094,-1.02890003408964,0.24229065755238,0.727816060411423,0.211530861239775,0.209099112190841,-0.495094089414237,0.899542820015886
500,1.19821563801304,-1.41478783067257,-0.165412976350072,0.806736650567295,1.02402199538233,-0.703878584867023,-0.510027719402982,0.346070032353035,-0.0863773829822568,-1.46593181732076,0.186545040452867,-3.35286067385132,1.11861639975463,0.0287297347176024,1.29962642412365,1.09246084700852,-0.426702615380379,-1.17210758076977,1.47971968003003,-1.5674534334411,-0.310139544978188,0.18846958848291,-0.888185868400825,-0.397779740535963,-1.10939604185563,-0.506617022132395,0.36571285773994,0.648159926619923,0.373465594078104,0.269737285772439,-0.604980345719737,0.877713604054378
600,1.23585190530258,-1.38374287525484,0.25384357158761,0.86596723564757,0.30358199809728,-0.899814543165918,-0.670860699326814,-0.0455956140855259,-0.271870187497273,-1.59116361638155,0.126999894486924,-2.25369083561544,1.02900347890134,0.172758463501044,1.01032892009072,0.273187521893324,-0.502781126865038,-1.17210758076977,1.46496737128766,-1.04633544405214,-0.226706553706175,-0.194902430202328,-1.00392970139594,-1.97445104586568,-1.17307549204242,-0.788920257869393,0.329567984913826,0.666904254458414,0.713822744639399,0.239275832494319,-0.533070541083733,1.23401564765122
700,1.01865313977936,-1.71625187100094,-0.0290177013306952,0.864693466864597,0.426384162339743,-0.73265548775969,-0.377572301853233,-0.0542540923156628,-0.341974403640394,-1.72085104664286,-0.0502026988415038,-3.0602394792589,1.07637314301305,0.0526537118965364,1.15461992909341,0.547114091673564,-0.944025886981813,-1.17646148175376,1.44072356709911,-1.0446718581221,0.03729218874846,-0.574771266531443,-0.774024047538694,-1.55684939113686,-1.24116987683552,-0.771596402119445,0.330179670517677,0.536895927456848,0.761054857645616,-0.070900373099484,-1.91421498422825,0.171715720213998
800,0.945146321452298,-1.62648714802494,-0.464073400663411,0.96992238442143,0.376229486587033,-1.02366596017451,-0.647672582176203,-0.0859076036553889,-0.541666401942613,-1.72536145887034,-0.00404330630779494,-3.28908150140454,1.14912907501342,0.109106443865255,1.14952266334209,1.35346541621133,-0.750472788616137,-1.19194053949052,1.525802284192,-0.722123917172199,0.0379830987650148,-0.39736719068892,-0.985931415100526,-1.6069894341417,-1.01523867496588,-0.609943225558538,0.375152640480526,0.7454795005616,0.528213702807592,0.0839880980014632,-0.452833517160689,-0.151232725901378
900,0.892382435816139,-1.56739218889755,-0.336565158087444,0.978890892176161,0.42971027722701,-0.734895904048552,-0.399367222569628,0.0217110962720996,-0.526115852857066,-1.68061504898914,0.268837225178069,-2.19883807451408,1.1188906659907,0.294712659060528,1.17602175132479,1.37614856878298,0.0836768514069263,-1.19194053949052,1.52078950669758,-0.893675397614446,-0.0207601133525495,-0.666629592173474,-1.04260710799619,-1.48241482419789,-0.904218262692309,-0.584325513638066,0.490308756855785,0.37707725059356,0.523102743583959,0.49960043120664,-1.18691760194136,-0.38000179229716
1000,0.885953642960696,-1.4205008270434,-0.363730504477346,1.02819872518804,0.543769791616187,-0.679442038605925,-0.0139452269757175,0.0200370798926931,0.377767250881481,-1.32099176381908,0.359340062182915,-2.42410803159983,1.01983344519374,0.295305860683358,1.32926300442546,0.893427883880572,0.153124878403085,-1.17969825272065,1.78689164390577,-1.38933886393726,0.204499567353973,-0.150257270903194,-1.21578198244067,-1.20934615114673,-0.979633345610819,-0.859833434694055,0.643877886797223,0.435103402049493,0.255457473092742,0.613466931293628,-0.672052022833358,0.279566353262754
1100,0.892254511905037,-0.942130769255181,-0.268967582420002,1.02964994191599,0.42814497204262,-0.571898103325369,-0.778942265235446,-0.00860277204705007,0.932845202041222,-0.592557063591197,0.435866192590506,-2.44108550578492,1.04699639511492,0.19076372988942,1.12032321064252,0.671492488575165,-0.214418573560376,-1.17969825272065,1.87809286665393,-1.58365604589932,-0.165874592391471,-0.454202491601306,-0.671789521510674,-0.931397687127508,-1.01444134125383,-1.02660513655726,0.4348078644829,0.326914445206436,0.0543866698789459,0.528798103733385,-0.441296767626688,-0.111976629163161
1200,0.546894982392922,-1.25640832666517,-0.767360965918827,1.06189833001098,0.572883756272093,-0.555418731174778,-0.642530735764028,0.011868248658286,-0.428985933996843,-0.651220224206613,0.535302872950127,-2.32751439580878,0.77747706590682,-0.0851320494281761,0.952637742854454,0.677178376260699,-0.848607505614828,-1.10069112393747,1.29848923115498,-1.49655320723508,-0.316947078872684,-0.740198836739949,-0.201886759028766,-1.48800654276575,-0.907341898468085,-0.696565446516556,0.341812305360974,0.199383696442486,0.187296294546484,0.559890915061189,0.201298599451453,0.168856376067444
1300,0.373778356598201,-1.16347155376871,-0.422737034751008,1.02374063304563,0.364842753986019,-0.188002089781583,-0.40335743963231,-0.191340311844582,-1.19222180487353,-1.10195922433173,0.394208362509171,-2.01661240588596,0.857233681306825,0.162748435723183,0.989170818410178,0.646721319410131,-1.02386261732875,-1.10286242884116,1.53045365442158,-1.41090852885251,-0.417131937385,-0.568769532047047,-0.179322845603682,-1.94490264778465,-1.01087058469154,-0.71709755034174,0.369881126799492,0.414191522624719,0.0840418869677849,0.837592233414489,0.0448625319849991,0.413966159543261
1400,0.529000521163018,-1.12947253221555,-0.313872517249069,0.915698919192238,0.20976124057915,-0.0323281541731645,-0.245708686943591,-0.206490213649966,0.00288730450170638,-1.12797109880935,0.452876831946645,-2.38169617417747,0.847026846951169,0.330063015600102,0.932297938713374,0.636815157962978,-0.975844113731331,-1.11910029531676,1.37578307905093,-1.30820589913655,-0.308572047453783,-0.592224396720914,-0.384055610904469,-1.11190651656566,-1.00269227319567,-0.478315150329322,0.304738564426976,0.516545259600805,0.463955165793366,0.492199782076181,-0.113315746503109,-0.350323637083245
1500,0.494283934400341,-1.17354227614406,-0.172421834874692,0.97362292325413,0.377838332657136,-0.0851079349360948,-0.791608619037214,-0.312269640582595,0.142317132370005,-1.09225356736336,0.375263334819911,-2.20239273506974,1.07191325580834,0.509797003272846,1.04859598895882,0.103575658258332,0.111320718011447,-1.1369451723517,1.51475665168298,-1.14390210850312,-0.188128021835872,-0.371855233328667,-0.485964565713675,-0.233447143019631,-0.993393977240608,-0.575453585015838,0.370191456560352,0.588819836402613,0.492131910113963,0.395213959590163,-0.412495311963356,-0.167681391662375
1600,0.52375289802639,-1.37049228823173,0.0455311200998822,0.928382206827467,0.338329372437212,-0.201734413920941,-0.416883003800849,-0.15333955618569,0.163556536716198,-1.23009641950033,0.461253907582267,-2.51196736040559,1.0283959605292,0.540326594407813,0.898182580621428,-0.254825328565988,0.131844005051344,-1.10940363898723,1.30400965634277,-1.05763768146405,-0.171599603161089,-0.458412113042554,-0.440781412421842,-0.634073463430595,-0.84871414024208,-0.602706120732794,0.412883698714977,0.48474108361094,0.142989713484346,0.262269096957843,-0.491560631647238,-0.478776411038705
1700,0.683082108961363,-1.15969111037218,0.147581596316841,0.878335109372955,0.376027950206467,0.450304563502977,-0.23281980995627,-0.342468029003541,0.0616394846806948,-1.18490689009516,0.411738931367,-0.96177419673482,0.918538042036613,0.617964933686216,1.03691127447419,-0.464023147078041,-0.507400574129563,-1.08100500855698,1.24082295071414,-1.05353755853499,-0.569172422485274,-0.215528432056527,-0.0803697667670651,-0.667307493949912,-0.582562260987592,-0.57790512594523,0.230841820002031,0.475654981623353,0.017431919744648,0.367035127481524,0.436942045800061,-0.0600896692293351
1800,0.668324543775082,-1.11604484162477,-0.000530951094257622,0.872205285032802,0.182267524787636,0.588703751217743,-0.125301953947681,-0.29186348784065,0.171053806804641,-1.20023636123088,0.441154781279625,-1.66241610388812,0.85556335712206,0.632365469618709,0.907429799701441,0.136641977288465,-0.0813567536495819,-1.07296699398997,0.874513060107483,-0.851552096700583,-0.619222886320653,-0.34189379297455,0.298915704507355,-0.222991864180473,-0.683955570831411,-0.517333478599382,0.1509113080447,0.270866299855246,-0.23218159467909,0.241892335472171,0.449757410529923,0.0492317778209142
1900,0.863461809330933,-0.987543970812547,-0.0397697268812652,0.898020879834907,0.212095624129104,0.387903670762567,0.957628468254505,-0.216103947770088,0.242348913279463,-1.25062220871384,0.371725228272344,-0.796554089772498,0.675586146595287,0.452713754198577,0.808785218863523,-0.153029660868306,-0.331063321228078,-1.07872493609396,0.816044730697556,-0.735822621927197,-0.581672632281115,0.0225850366404562,0.437891749977436,-0.274460652311144,-0.619069157221811,-0.19903464819349,0.193474925768888,0.383371410912218,-0.339016639521387,0.0110486717733783,0.263917601276822,-0.586439365631481
2000,0.754808373843675,-1.04800057157015,0.118953743491945,1.00776116806692,0.325820853113167,0.503403189953536,0.291018621067742,-0.0856807111310844,-0.142947904880919,-1.01560848884239,0.26811758619203,0.224785289929748,0.804658649406623,0.291273737832647,0.992755712100414,-0.500911053506322,-0.758829007065275,-1.09064428020445,0.667878906498099,-0.814178144891394,-0.716030594673841,-0.197495347695705,0.0306883978915486,-0.079491973509313,-0.491924405538386,-0.383185244528878,0.310300762853958,0.115835438570916,-0.671064889243095,-0.0666171585827129,-0.329114782589846,-0.453003307398041
2100,0.718442381263204,-0.972459592218431,0.0827627121705803,0.964589993790856,0.0970332478778535,0.35171675151591,0.311622349544796,-0.166501859653957,-0.337098174627233,-0.959407449065041,0.502486672283855,-0.0668847770874013,0.845258650590211,0.408070845581017,0.877069859083603,-0.443202348709033,-0.598593669999277,-1.06466534561226,0.58285364280448,-0.757224827050715,-0.770739538905041,-0.552962870400471,0.055413742854597,-0.0782534016559981,-0.535715468904121,-0.229163921061584,0.250679554231364,0.0974986788078518,-0.332581229366407,-0.159885222077889,0.136650205513287,0.100050147749602
2200,0.802135321790235,-1.03994148607921,-0.16844373525974,0.933138053883336,0.453937222591418,0.206259983003456,0.381001865858416,-0.123693219639746,-0.349485971667361,-0.137085493160767,0.738893121162024,-0.400180927928666,0.637820564865732,0.527618556353999,0.95986073981747,-0.564927238810896,-0.304831560801603,-1.06548868790475,0.613803157747204,-1.02191710782603,-0.531279974592164,0.00944774867954133,0.218842221000671,-0.0854364109535665,-0.736870092092556,-0.295845894816035,0.130304235970544,0.00247941713503662,-0.38661424470975,-0.0473723143739053,0.219549507427707,0.399612836326476
2300,0.510802468691431,-1.08332341934387,0.0654297198073548,0.884103954403127,0.364439728049325,0.0541232079308814,0.279006608134079,-0.0870053911072817,-0.21244640646958,-0.213287255826932,0.666253491706797,-0.649067909956779,0.586881483460653,0.541461886691934,1.00212967457998,0.0519520247497194,0.583200002807122,-1.06039004893785,0.486905852699234,-0.544241327504112,-0.491963548699748,-0.0330744659621483,0.0857502629612388,-0.00451579658622618,-0.733100106968055,0.0913847859626916,0.150613438920547,0.00138259608063472,-0.168630322605678,-0.255046327068897,-1.02634816325988,-0.281201945771276
2400,0.555169833352901,-0.939030134672943,0.0584202243148402,0.776554648865915,0.272045494220661,0.0849407501648136,0.163033228672214,-0.137954734673256,-0.322592146855155,-0.160517180040437,0.725734178620362,-2.14012259772467,0.595666369805959,0.729117405164279,1.1898840683538,0.251686686769014,0.369303281259408,-1.0240073935878,0.359249031666094,-0.68471788098449,-0.410417528375723,-0.00275621539934227,-0.213381068159513,-0.0873946405290189,-0.624884941430317,-0.592217396818496,0.304550547598759,0.0565392107716284,-0.342372939101457,-0.222707215804118,-2.05378116415899,0.0541780418316129
2500,0.547739373418922,-0.949538823396851,-0.134247040852617,0.780256426983378,0.112841282185646,0.351048309308225,-0.30154435308168,-0.125849407773501,-0.214113720798652,-0.220624858786734,0.513846022452209,-2.28639421033394,0.68676113792212,0.763248420341941,0.998604832595167,-0.147585372126259,0.270063245599947,-1.02126593880275,0.542995511112297,-0.716141176553064,-0.441677620343145,0.0629430852057821,-0.0383423855138499,-0.416528022795699,-0.443716233751005,-0.583716477936973,0.182295723595423,0.0964169099621361,-0.59464478002402,-0.182767176203929,-0.238150196910998,-0.554711082441205
2600,0.520803565189386,-0.912979023569224,0.0352369778567754,0.631131924262252,0.110212170650719,0.384137987032991,-0.220304686091357,-0.208801719583452,-0.204087551151819,-0.897516777996526,0.3862370185925,-1.59902283567263,0.543082874939105,0.755087216274878,1.2721322386809,-0.410053829395575,0.290944197780112,-1.01186630648746,0.882506574982402,-0.584896049831994,-0.410588102860089,0.195383450672455,0.106594446442218,-0.358371752456883,-0.721144287899676,0.021250378610192,0.176755996965886,0.07654568335069,-0.364489220730464,-0.210079709463909,-0.131778210265642,-0.529832761640232
2700,0.529848165028347,-0.842139296873638,-0.418100618654394,0.689122011293886,-0.36364506738405,0.151012068897919,-0.707083456733272,-0.230837176961068,-0.392434734571087,-0.832335721282787,0.385550883298204,-1.2816462619732,0.574563636566378,0.355143309897616,0.827385655537926,-0.288026389559088,0.376379022073364,-1.01186630648746,0.719862843192242,-0.376850163092659,-0.610304926380179,-0.0656774518563002,0.557882402516742,-0.16249915003967,-0.798530063081568,-0.105145257950803,0.12468256797822,0.0148748072361108,-0.259652365625037,0.133354890926191,-0.450895239362218,-0.690091518765879
2800,0.674593137146797,-0.695765961530404,-0.464104222010929,0.779083796303589,-0.450639519167197,0.0719614370739916,-0.468425049420867,-0.493365809616206,-0.344129824093783,-0.705531676258441,0.248362183154996,-0.175822206963089,0.58300215854537,0.381326137661827,0.994108343324563,-0.219290663939569,0.0517995236062453,-1.01186630648746,0.299942382636902,-0.779152081408518,-0.866120969555375,0.091174182495642,0.550169198821099,-0.105784422883527,-0.466867658335029,-0.259450777881438,0.0897013380199617,0.0266804776185992,-0.560362434181555,0.367262630649097,0.755104188328048,-0.506234770807075
2900,0.666275754538458,-0.749544033317587,-0.445625497163471,0.711121231356195,-0.787436277901562,-0.0663281268610503,-0.318715734454512,-0.453456686895698,-0.330283708234275,-0.766263265815434,0.266465107235643,-2.02936577735718,0.598522950124376,0.310128100649888,1.21264887105405,-0.192060902345458,-0.172533769553854,-0.998014313159239,0.0635604964814215,-0.963188135674456,-0.906970554845324,-0.342276008148189,0.14232342075241,0.184349759823116,-0.430821242242352,-0.0948203107509065,-0.0337506659629905,0.110851515550741,-0.380375024471331,0.238224800103691,-0.00020440337030365,-0.977775014459181
3000,0.613558526905876,-0.784739114240623,-0.464015851458096,0.675689803245713,-0.841037048025456,-0.37846355074339,0.0444921987489924,-0.411337074710451,-0.312477251031204,-0.727675321559584,0.257820272423004,-1.71596464852726,0.638209790145756,0.242643492016712,1.24559265577592,-0.482532993906098,-0.505110567424091,-0.957114920153296,-0.0276287213080963,-1.33491457784263,-0.559302921284654,-0.12611692447239,0.115394177366817,-0.230231128633509,-0.424065157336383,-0.272157355758378,-0.0349426344373848,0.346625807700398,-0.653646161699968,0.0792744935710994,-0.752820731386204,-0.540787812711801
3100,0.736062776807452,-0.792076780562165,-0.257751886234138,0.550803174633851,-0.631425262247127,-0.402060023118863,-0.46867950068369,-0.240045780146994,-0.305203349766611,-0.732333256997806,0.154183353873446,-0.45771322563657,0.391756117753387,0.124676961417735,0.991915832252283,-1.10525857939584,-0.56832956298335,-0.957114920153296,0.10179558695037,-0.457863596629431,-0.562154684772223,-0.122329748206463,0.0150763666928145,-0.808482821655248,-0.324892427461647,-0.0690723189669693,-0.0567313922924961,0.346143576478645,-0.623552044284688,0.11271067361046,0.281991144744107,-0.515534068352919
3200,0.493659975995877,-0.537314716570801,-0.189849164994751,0.39895025699963,-0.301348987283498,-0.430746449830211,-0.174351539708641,-0.228058633064281,-0.0407274840380518,-0.523253048885392,0.342567099981547,-1.76976339358081,0.353178772179858,-0.0234160254309687,1.17077768352605,-1.0709889546854,-0.285532593897524,-0.608138355925903,0.203688474837888,-0.515708294953473,-0.490349893585516,0.249203131432856,-0.014904510976186,-0.326906240065482,-0.218473626630897,0.159351656282294,0.148860982390744,0.362382717977476,-0.397883249038385,0.281776048131491,-0.966743905308821,-0.567974225604458
3300,0.361572520256778,-0.670783132543077,-0.259722328980623,0.328656225436328,-0.174664389207196,-0.630577329091052,-0.025627530329667,-0.277079280561027,0.199463995620473,-0.376260559247108,0.39807330702891,-2.15155322763377,0.422291019137241,0.188474864847274,1.44893734013455,-1.006649885061,-0.163461927644807,-0.456174731797886,0.340632389936925,-0.31319802546362,-0.392366435258571,-0.200795371300228,-0.0648626010104431,-0.220284625174946,-0.300350753486501,0.385057653188155,0.196457265534929,0.223344335773087,-0.317185598538418,0.219807956631683,-0.273169677515135,-0.534769237991334
3400,0.22345974756585,-0.670457052549662,-0.159711148218943,0.364439524913712,-0.0397659464131877,-0.7743224983625,0.104761946280696,-0.103356138927706,-0.0321973590445641,-0.352517579092375,0.000990780874333465,-0.291634430015666,0.459501863442509,0.305274500922376,0.958790329163766,-0.779348025790301,0.00576224971107115,-0.36933757307477,0.509170139647147,-0.225344556200119,-0.359030121480514,0.13720175257092,0.0507729983827467,-0.0656283177578585,-0.229187664665695,0.0376472852517254,0.154397422209441,0.0761840521868448,0.237838276610245,0.163780872134882,-0.0271001003535928,-0.190990966764035
3500,0.315605533756991,-0.678355094285912,-0.21366018809733,0.391704790097912,0.126224641498783,-0.909485690205901,0.0653070558232578,0.00931604585914275,0.0581218904907014,-0.52087771727609,-0.182097117351513,-1.47721843799606,0.446786134763859,0.238892260450832,0.333706251750588,-0.444594101974848,0.0701675722018164,-0.337989726053403,0.195904952713826,-0.302904153702676,-0.807926047526003,-0.301545552869904,0.30290438357491,-0.733455438857995,-0.325749468669123,-0.136170237126987,0.254300677435947,0.277900438511698,0.383824217704338,0.107817587030516,0.129797316921988,-0.450360969108692
3600,0.282033542964664,-0.581532302921409,-0.204170166619755,0.372013510032733,-0.258569519740804,-0.833054665279711,-0.246122715108767,0.159056940091716,0.0779094293307834,-0.783748064981178,0.31143194148728,-1.80563962143129,0.394543600183487,0.25081712514094,0.182311528669091,-0.383181618711836,0.0530812287245377,-0.338417983760106,0.165378488522178,-0.0528480713618699,-0.483957163546534,-0.0688384914066813,0.111041301890063,-0.688134124887625,-0.453721190952135,-0.0515494103479358,0.25237081268038,0.259575378651845,-0.0567052653537425,0.402574236959125,0.787813106807275,0.293956737779344
3700,0.277685391308616,-0.50679661055572,0.0212378047562794,0.314687317322871,-0.582454331790918,-0.680352487560193,0.00334338392759875,0.146014410206568,0.094952660339027,-0.780798463881953,0.481952715166928,-1.79559713471427,0.354959870716647,0.294550382574843,0.391698098350392,-0.954571530174059,0.122661304249293,-0.346847150141882,0.568132672180697,0.19329431875347,-0.520403757791399,-0.00248709716521633,0.371335224017938,-0.690364643896749,-0.309444753456522,-0.0376622119229494,0.189874322716977,0.39450140268588,-0.109960020362357,0.0608308438010766,1.19841997279472,-0.144650794476687
3800,0.284359709962968,-0.514128910654423,-0.252331314822878,0.158363294234265,0.0341881114636722,-0.668509040154871,0.377756176887255,0.0564767843073022,-0.0931698396153706,-0.459065129513604,0.243357860824849,-2.33339077264928,0.0385705794066498,0.2237284821936,0.0685888835995778,-0.69640839534384,-0.234674435174408,-0.344817207606085,0.495549261726698,0.271795271899576,-0.37933602981473,-0.0232689928777024,0.258289697505684,-0.403304013945639,-0.382217044295412,-0.276294487988426,0.0708628328957146,0.278532062693355,-0.223419497230555,0.0745432141675255,0.587574233288457,0.70564797617738
3900,0.206188486682605,-0.370313529369852,-0.293694450243579,0.0784196754932436,0.551399206398538,-0.332882302050982,0.214311447849216,-0.0530578769144881,-0.483012542981972,-0.298586682383127,-0.123065307728459,-1.91477503716253,-0.00738265667843481,0.19470124956298,0.458082489128822,-0.168978367972134,-0.46912489503711,-0.306102491797062,0.107983976872336,-0.108985464598353,-0.285531467891433,-0.203722798438904,0.300305834117346,-0.397078939720114,-0.230883145420243,-0.122418594133379,0.059760208353215,0.223415611199067,0.0162602399591183,0.292182848659574,0.525519044669834,0.916518256822468
4000,0.242385489545226,-0.290804375541208,0.071875421442644,0.0180024149478146,1.16144066189294,-0.367505240544097,0.494983891036309,-0.075024713436132,-0.169089737022423,-0.119126367221184,-0.0735932110678323,-1.5476619381489,0.156150921335621,0.180050074219337,0.157036195351411,0.0782564704446351,-0.412989288195806,-0.113762805389343,0.0293725933307294,-0.698404497951358,-0.574484535422961,0.0176090417648565,0.726724427109415,-0.518756069881419,-0.240380756380493,-0.310154532601478,0.192486817701273,0.141690348655689,0.261772005839802,0.273333381013847,1.06890326810694,0.573085827826823
4100,0.422092956871364,-0.244824988435101,0.0690215563556219,-0.000636097948942554,0.902586463608801,-0.443635947496423,-0.00471108715908064,-0.0700982276242282,-0.130211222093247,-0.238018122357548,-0.062951518084974,-1.07454923469936,0.0583206932826923,0.348355395938972,0.0900008132805175,-0.163528191116797,-0.48773322931129,-0.123505724582503,0.196797663876556,-0.518625532453107,-0.217965625728385,0.207689646423465,0.769022084037814,-0.452902008570919,-0.251588723947843,-0.360473790424125,0.105429384016652,0.114270982963624,0.618307357765007,-0.0217470703437065,1.00704723186995,0.360626478903702
4200,0.275753097856308,-0.136502960143589,0.110619589509903,-0.0321694052390721,0.489436070156943,-0.474173282081766,-0.0418803277284952,0.00823697939509274,0.215236999699178,-0.215222813989632,0.0637331805196238,0.108076664622186,-0.0386592926299301,0.0997634373152686,0.0659807835802369,0.1845666957604,-0.0106625812784882,-0.152137045873142,0.251832279768422,-0.448958311419369,-0.119453786923833,0.0765976814757789,0.338598836195082,-0.496234595267744,-0.595888908303452,-0.0444959297965509,-0.0844412352678279,0.227359538104195,0.311591256581754,0.110984600217411,0.780831573577288,0.29412259518339
4300,0.119999861079897,-0.123273748323056,-0.168611188521156,0.0443096476401131,0.177862718974354,-0.0926809814705079,0.0211183327201983,0.225195436856982,0.341158242380304,0.0946332364522535,0.183012194608999,-1.00785939343709,-0.0545603952195879,-0.00173167657795333,-0.0172764964382287,0.16548753770182,0.307242914162362,-0.245604524306021,0.30846686117872,-0.353930939987148,-0.0551729754666645,-0.131562649738654,0.145942334028967,-0.43811284329762,-0.288524496277374,-0.13675868934397,-0.135974492934354,0.069996571300995,0.24172758053,0.413160014607648,0.391075737920896,0.281992720445743
4400,0.032206282263303,-0.275526923882282,-0.00789877547575236,0.0531429720238024,0.0185766196730891,0.113898965742558,-0.23916036645774,0.170363983801471,0.407920252885909,0.160252948241615,-0.0688810450169633,-0.551420157923452,0.172368366337336,-0.195991649408655,0.271425054993196,0.212378685611414,0.165303162206495,-0.30391230524789,0.311228107957171,-0.531971642701043,0.0879344747606178,-0.0881826813181582,0.378865297974295,-0.251506671324744,-0.355420366901821,-0.288887386728605,-0.112641994235972,0.0179399023145422,0.0477522966541166,0.397283250496293,0.790740448960082,0.237267073274139
4500,-0.126376293837347,-0.265874295375442,-0.155354149734364,-0.123055110475921,-0.0779997041939166,-0.0902395489294121,-0.225345399675172,0.187397292770821,0.0362569632223346,-0.103115556812271,-0.224236331182303,0.667510630037446,0.0434457363433171,0.126376608081078,0.17215234545676,-0.093479941170519,-0.521832673216105,-0.546010894533314,0.326018493745984,-0.823814551837324,0.371867608528613,-0.253908405003622,0.696925606340262,0.106324953081562,-0.229521421477692,-0.317592984801841,0.137396683231128,0.0596553543470098,0.0898263549191446,0.222232442305497,0.47101325294097,-0.026999757456563
4600,-0.197035810324337,-0.224341359779406,-0.187478430527436,-0.219827305059569,0.0965203561914706,0.243271765257523,0.0363636430853468,0.135902835974929,0.0353588808736544,-0.245432982501614,-0.275828867418864,-0.597861125416643,0.000717332579229758,0.107455248601657,-0.118798494959726,-0.234695853273318,0.133281838602672,-0.583555896301286,0.153158266101416,-0.637830118053862,0.370998503565299,-0.113168662615085,0.393458911490198,-0.0499885320368864,-0.159076365714731,-0.316355221718981,0.105691092315619,0.161834479321588,0.516898004107716,0.198886051704646,0.501117974836875,0.00201818559884599
4700,-0.151657233162279,-0.0952643396312171,-0.0666706159527179,-0.25880139721884,0.555923087417438,0.82745263163028,0.135997677511293,0.117846362639673,-0.00483994133848125,-0.172508949260532,0.0314367975061045,-0.379682344926404,-0.176989952920426,0.128589070434801,-0.1291291002969,0.106802159279333,0.719205332993595,-0.381893784985082,-0.111132123969713,-0.510126948180203,0.117082533384175,0.307920554197035,0.25493467577837,-0.129186553492708,-0.0466763987804536,-0.525028460743429,0.159053415573842,0.0223497241682884,0.285300575185032,0.184280416393776,0.471432030754544,-0.28623923985277
4800,-0.13139388215185,-0.0139138610100457,-0.170656590735577,-0.253783489357279,0.370183634719938,0.917151689789995,0.0877621005337754,-0.0495712586879395,0.232045023424653,-0.0736818186411244,-0.633397211448131,1.24500294291985,-0.1782111272034,0.00594126814104023,-0.373152430290701,0.239700148862425,0.791273629854057,-0.324488302711113,-0.384282494107376,0.0370417344762764,0.192468731731708,0.160810400362635,0.401710501912737,0.0298829164909849,0.207552735954223,-0.435625648972274,0.200960458138226,0.0249306890815832,-0.0136206790816167,0.112484048157496,0.190291247419331,-0.064334971007885
4900,-0.36913579218958,0.266949040353416,0.0456615363852771,-0.10880925816622,0.161491121671376,0.800907188820977,-0.00774599291001178,0.151494594940767,-0.00274281900964349,-0.0893414333264989,-0.563924690043187,0.0450215782697125,-0.162560489253682,0.0533375759850034,-0.424868856408822,0.525955745756948,0.803631372075686,-0.350901144939414,-0.536177485819293,0.0182414077054853,0.278234005409443,0.395343986556422,0.26564446182161,0.199307956694939,0.251541595747536,-0.270060694942129,0.0756529797081073,-0.0321323489704465,0.353594487353483,0.109340697742285,1.04119348492899,-0.0670519847025066
5000,-0.407298344959351,0.213323648585791,0.258847563332166,-0.045708369318649,-0.0584263231466535,0.900961837151693,0.386510393873542,0.0249828015865613,0.0711491237498532,0.0236806062209555,-0.170507942896643,0.887262265398359,-0.227587767191115,0.17305662987533,-0.284011704308942,0.652745683044875,0.732912526211223,-0.455955780181105,-0.674995590639802,-0.021361021164039,0.348242397360857,0.0189752493622335,0.0126969354113678,0.237607671933615,0.0241936551599977,-0.217916766949045,0.0404714469952176,-0.0641771952856966,0.319629112917658,-0.290843021203587,0.657745751139757,-0.157365474322994
5100,-0.37017337290345,0.319004438032823,0.0363630627895119,-0.154365406663087,0.0432574410623712,0.956265762719916,0.764500762028498,-0.0706751118492994,-0.0335999979404764,-0.0873750145361291,-0.394245758768581,0.725331146368792,-0.412381260084594,0.129270697458788,-0.813677848837569,0.524982088000663,0.911266224237391,-0.398415372814832,-0.591201785571511,-0.388589579076434,0.363775681660612,0.00783447088812944,0.168867015878314,0.336215746812756,0.00443341513352443,-0.163852421900898,-0.121862350362513,-0.160695070894594,-0.357215342666383,-0.354325379013217,1.13894709165215,-0.57002424056678
5200,-0.223984213562079,0.430249342950399,0.325772952181997,-0.226843860576992,0.156324525932376,0.905969347389767,0.391198554772884,-0.0891131481443043,0.225802100195009,-0.0434376037440108,-0.674561785989466,1.24448073935317,-0.394899366308912,0.117716440892687,-0.566039317439823,0.729432628803149,0.160373147035495,-0.362509536358156,-0.42209936594176,-0.342719577059447,0.402392749977964,-0.0316393023762798,0.0268221654791667,0.267489396181232,0.0947165906785155,-0.290760052785008,-0.200637030840612,-0.13596440461738,0.104418425025207,-0.262266264447575,0.570975968194422,-0.376533269259693
5300,-0.353063964993958,0.518706597108044,0.0345392227209777,-0.248865639975651,0.252257606955248,0.867762759526572,-0.168147838620776,0.270488041094237,0.177922885862865,-0.0570277343507336,-0.872635140568322,0.210764627338487,-0.402971331074482,0.135754369815468,-0.526869190616681,0.195969195881227,0.421226317134994,-0.322479381650723,-0.421811347531102,-0.798599495126799,0.46577857907419,0.156641442198602,-0.319994737437791,0.178316431437958,0.202613360822427,-0.276298144212722,-0.0146523110809237,-0.146482531886019,-0.0944021915840376,0.359333525427779,0.0012737837891469,-0.115340292760878
5400,-0.371102485965897,0.618089662292626,0.227522583865061,-0.299831350250618,0.0643602260072784,0.928109931918889,0.089361451038278,0.256972399019193,0.0604957500588683,0.0692271699985529,-0.667843530977362,1.07753379401577,-0.489763672426841,0.0499684413767575,-0.299238725770364,0.047145393694191,0.633685507779878,-0.298871857353993,-0.529591971062888,-0.710767277157766,0.475514208250719,-0.106149453385508,0.0279241217637358,0.0616113867315811,0.457326081737902,-0.0964878739333651,0.0696464643886244,-0.265460182786753,0.0211334140882873,0.367716371535007,-0.883980054764828,0.218499579214697
5500,-0.335278372378408,0.562529341738001,0.276213140429616,-0.418507134497644,0.237128221309315,0.641061519389676,-0.0313750658313009,0.219661212729583,-0.0666141996665445,0.189543701242292,-0.555963450796549,0.820178572760478,-0.581265156940694,0.0337247951143926,-0.354439521208598,0.0856918888461286,0.128601174340655,-0.0778046563076352,-0.911017787149717,-0.623922785731186,0.505191592025528,0.082461194791439,-0.162975301715787,-0.0328800353695864,0.377762154313819,-0.279048941351966,0.0927197998639209,-0.227891030751481,0.367732315444354,0.263698163699174,-0.8032366005315,0.58770868272089
5600,-0.191817390003252,0.731356650853933,0.293896514343153,-0.460513591126683,0.343006789576865,0.159513480810607,-0.421561794966651,0.20681300560835,0.0476928139657138,0.186004060427331,-0.663353781580196,2.22887276374516,-0.567583552378903,0.147670709421943,-0.071057501654319,-0.0895235497666905,0.157068179981312,-0.0572837764303724,-1.24505536928882,-0.22946739138953,0.587630300121277,-0.0930561641712682,-0.109551984990761,0.0624778033325527,0.236358790746274,-0.257853296853257,-0.0376920383650181,-0.32382644209229,0.196341617315673,-0.0924145846204451,0.15321122974674,0.399238269082377
5700,-0.29140306146707,0.751408133033094,-0.0723761579072849,-0.431366286101187,0.11822794077705,-0.0824719077731155,-0.255675738038571,0.258465419616769,0.394792394255915,0.537829482832371,-1.0691310040299,0.687025645524502,-0.465567456065456,0.0636362283475422,-0.382362144703126,-0.167753887486785,0.319451304195866,0.127708103435403,-1.51703378638197,0.00564045209850539,0.510630954171575,0.118648411845667,-0.0577554945585862,0.21531218272801,0.413770369862273,-0.166872377027626,-0.252569971567992,-0.344050002597494,0.189212422734603,-0.226172753226868,0.26340360989319,0.326344318888172
5800,-0.299876044096757,0.942878358125342,-0.00139535566120609,-0.499159212510254,-0.138653543042091,0.257379255291674,-0.232529653548149,0.304091736602833,0.131076780305312,1.29073873220435,-1.52066264100628,0.433897625349194,-0.290007414246618,0.0420751751850298,-0.595458719057504,0.350936653874751,0.118599937653015,0.767884020820979,-1.5298953538438,0.575336525201062,0.359458630986331,0.452960317023886,0.114109727297726,0.388133806651271,0.199927213970452,-0.0153104043268963,-0.256032758379324,-0.558148431592776,0.264234578984618,-0.0167852387850878,0.597896970977214,-0.0131408651450619
5900,-0.269828905542922,0.937267791010122,0.543437882788652,-0.643254928880765,-0.154819748421428,0.837329336578963,-0.756839402093913,0.271860453888387,0.0580034589020386,1.16575987165986,-1.43452744892031,3.39223877612852,-0.40482527349198,0.00797257955249679,-0.583131837314237,0.393576960627581,0.261539333901719,0.909005913879631,-1.51034067460733,0.875026864814242,0.326942196523592,0.469626661698039,-0.143111867902236,0.241567077344962,0.28247399147931,0.110318097031408,-0.35216268916906,-0.583850306970799,0.138455649432014,0.309847909318662,-0.0497604338404888,-0.0372134985250663
6000,-0.382966253602848,0.971809138859636,0.366981176406283,-0.536072098279606,-0.380523165742174,0.518949236746453,-0.695920616794135,0.20527685025109,-0.04504147607837,1.41796390110228,-1.22426849461642,0.292468470076454,-0.440042080810474,-0.134659494409003,-0.812250118210832,0.43889005369767,0.419361795759553,0.917304024988109,-1.09531011771117,0.565438216605821,0.395654595501292,0.389390640253864,-0.522128623756915,0.169223630061753,0.562208447149553,0.242763650475937,-0.263080847091561,-0.661899077450753,-0.17972183596508,0.170073792578252,-0.14134691086959,-0.120831013290634
6100,-0.279683499198913,1.17879300453227,-0.080169689224439,-0.53934203336607,-0.476812475026297,0.45511450127725,-0.617223928572337,0.299753356005848,-0.0480930854523706,1.26106660877121,-0.892334591771495,0.824736778297678,-0.497539845496876,-0.219875156180249,-0.762447561810385,-0.363932321644925,0.0932238448854193,0.622616309776163,-0.980514828854527,0.671342999419688,0.564334658537961,0.573014396218987,-0.491340553762895,0.29033584636562,0.561801956573348,0.178921764693561,-0.521332859237215,-0.531694846920254,-0.353751015754917,-0.0236270372414996,0.326262220427495,0.436535237458706
6200,-0.416464806272801,1.1672168387705,-0.0845132604326809,-0.588770153804485,-0.626492373673845,0.513550323027678,-0.0218360801294476,0.393343338074821,-0.352202718852146,1.21878813213642,-0.807846477397467,2.95901912499987,-0.640869095083943,-0.393467213611113,-1.16304966917837,-0.605478729461514,0.529147342461199,0.661738186800128,-1.29819296432817,0.549065867110266,0.813625779589452,0.683722126925466,-0.375784471689386,0.335070926167665,0.668950064841113,0.624975936601229,-0.620524365546838,-0.559086391065995,-0.0632565657068891,0.0381183317010382,0.279390787420641,0.314921848531342
6300,-0.334441579220834,1.32471100925834,0.337431230541879,-0.708747862691268,-0.804429425390896,0.481968435488373,-0.0181189557544616,0.177650528311313,-0.00310353785123332,1.26371711523388,-1.65110755526485,0.286963049609498,-0.85044643451273,-0.637060058769972,-1.61894136904566,-1.07235384556291,0.484846604029147,1.0232321671846,-1.64604601282251,0.570607957258406,0.738345934899825,0.674429402553674,0.210428550262141,0.421490449267723,0.749777350002117,0.949978650856327,-0.561807440526575,-0.475975712911344,-0.262391059591619,-0.160070223344633,-0.0280202481830295,0.0873931469579506
6400,-0.0856407288861697,1.30567725534232,0.140296063615667,-0.765746829147493,-1.01755415016844,0.295160916467509,-0.113349475047832,0.289180764028474,-0.140341486384737,1.45471890152225,-1.68844200507498,0.363284916845021,-0.830447680719455,-0.3869887271672,-1.52179510009476,-0.901477673496759,-0.536995570235562,1.20214904970832,-1.67301414524854,0.620060733024388,0.690779493879546,0.575373290447789,0.147819531184066,0.535985617007769,0.849867885062014,0.920055048145039,-0.437004904065939,-0.444120986666609,0.0765044234416819,-0.46802042341478,-0.166915583570632,0.198619251693978
6500,-0.157805540592061,1.24458915247572,0.280520529608003,-0.804902713634574,-0.879466941624771,0.124259664073674,0.0738389353603148,0.298296708147425,-0.145397821584187,1.43840199563557,-1.47985729268995,1.24157390545753,-0.651684704365128,-0.308068748488385,-1.41395580494923,-0.408452592222527,-0.11488904433669,1.19226742389949,-1.72217451812269,0.213719198416042,0.875764902604238,0.401894453500199,0.320385192318592,0.428417020147259,0.647032981995245,0.585610277402535,-0.254648171089815,-0.452175767269555,0.0860476504073818,-0.67981285071167,-0.600301523248261,0.300477655559107
6600,-0.0623593943131114,1.1820502074951,0.210242286880836,-0.774016870179863,-0.268561299288032,-0.0153778575658318,0.416752576992418,0.0931111641390066,-0.166180727703854,1.42847960451369,-1.87318142377594,1.40544277745153,-0.448664529885003,-0.458305146459677,-1.66881036875302,-0.0981305167432638,0.297794787619848,1.19226742389949,-1.97605081080207,0.178441538310813,0.701616910668433,0.807502749458243,0.12686671621366,0.223888284790959,0.44799060834448,0.889099129308218,-0.331906512594594,-0.258609531708065,0.119436290643477,-0.518555175114241,-1.38116167325176,0.946837264870115
6700,0.0355107657303418,1.24397923577339,0.321363679810395,-0.694866403563497,-0.874737314348182,-0.263373886968172,0.535363854428703,0.16402780177339,-0.302165569788795,1.34093944266281,-2.07161804797151,1.47444619910362,-0.388902546533547,-0.702906913382774,-1.78270600688307,-0.0112043630957675,0.739769380157413,1.24218202163684,-3.00898745674086,0.641517083463181,0.537406791102631,0.664256440610715,0.0916411918247312,0.1209771399372,0.455427204926224,0.959401214468143,-0.482105733913059,-0.218023021282795,0.252440881221919,-0.440641589467403,-0.672126030283557,0.937597053272732
6800,-0.133321216679105,1.2379807593656,0.245810890993604,-0.885891173289532,-1.02727696358968,-0.549911763852123,0.2750462209456,0.327192876651526,-0.214344563400426,1.52546843601805,-1.94117663179743,1.49612221826533,-0.485338292699934,-0.575419664677962,-1.46521541492069,0.164262780617092,1.3441312929767,1.2230478137246,-2.4512670929119,0.833428794861171,0.753164993753013,0.81379217712575,0.345897202428333,0.489277932105128,0.54547151293401,0.946659769699148,-0.538222802732259,-0.410418979210297,0.300641159683446,-0.47625767256902,-1.06854449831499,0.644362375069433
6900,-0.324562952904037,1.24839565533002,0.080114609279172,-1.01896620850751,-1.57332355508405,-0.487835633340645,-0.0269676200819565,0.412042476849036,0.315283573770962,1.8195843460665,-2.2180620786989,1.78020978121191,-0.662088900663469,-0.82913741791285,-1.57114664104051,0.490179166894396,0.927298344488617,1.74190034129761,-2.17605306554742,0.576723870575031,0.717452111756244,0.696608586571068,0.28071908177757,0.667695083712751,0.808605374676099,0.740190811165633,-0.526741832029733,-0.401480105270492,0.0977879473068597,-0.437917165721642,-0.76956801853724,1.35538044243672
7000,-0.490416754166985,1.32637822683175,0.116215649356337,-1.05457452208356,-1.39411096836218,-0.406355778036649,0.415715288876117,0.243448618385305,0.0337353601990335,1.72055501912522,-2.54675335011956,1.18691382308894,-0.586756455805209,-1.05493460610769,-1.24446818404746,0.607867168444508,0.733844211886238,1.54799851694734,-1.87114747975378,0.905764591588294,0.81682775579793,0.360315588204882,0.713277934184759,0.619323052290202,1.21375975702813,0.927433546047567,-0.444034523927833,-0.483668012497126,0.356514259867387,-0.33881203213696,-1.19032761992413,1.262157324147
7100,-0.576315303548598,1.29136519114662,0.494297178494324,-1.11769278086778,-1.25821572994684,-0.454852713090549,0.240068638739718,0.384536297013614,0.116888903904661,1.47558705308852,-2.57044471574565,1.34186362103226,-0.583111432634287,-1.0461163351836,-1.11790072255687,0.660606729451862,0.534388924703482,1.42078018839808,-1.20299484491421,1.06069936729642,1.01506635781168,0.688231579884827,0.43981607714669,0.670744929397607,1.47425471123162,0.860041971447649,-0.503223153953531,-0.479118765309658,0.845195346858137,-0.453151965809549,-1.59389174497182,0.225514595656805
7200,-0.427598092817613,1.41394570386935,0.176056331319514,-1.23298569789222,-1.02060339988757,-0.470788926367237,0.20191821802129,0.179508112175056,0.189063669612401,1.50263034316457,-2.41290187642793,1.76661514848451,-0.651296873603297,-1.16500394191788,-1.53640636560873,0.46963748643657,0.858596098323421,1.42078018839808,-1.08352379373462,1.24393541191277,1.10634712356199,0.326813267059928,0.0800986685514725,0.734066955946485,1.33244183334392,1.08783895844468,-0.714947000378595,-0.539516719854161,0.524469345074252,-0.491441323992978,-0.844505701422577,0.922362836798052
7300,-0.508574760351922,1.08959793854723,0.639445187285846,-1.3560969611693,-1.24700978381028,-0.350243033348991,0.487591397887012,0.303195182852703,0.202817469469655,1.58652321690518,-2.4273516443977,1.33157093760349,-0.708521392653146,-0.568643366300034,-1.25820579161621,-0.00887915261898834,0.775518505647621,1.57360354754102,-1.03358221457802,1.22768562392648,1.30920953926471,0.130416562582854,0.384882670280004,0.713427290688456,1.19516814153581,0.826750499748423,-0.75814709507665,-0.53822599783383,0.398620190828246,-0.609109244275578,-0.0836458449787703,2.01442591471566
7400,-0.6594155698433,1.32890675945233,0.511756237312463,-1.44478261329259,-1.12332543374955,-0.189210475316596,-0.0152401518737816,0.387572127861123,-0.0908444588418813,1.74929272079178,-2.20022746515812,2.00868748939077,-0.784601962674331,-0.440263141835004,-1.08538812323224,-0.0928467957519753,0.377202834969749,1.65510352220342,-0.918555068389463,1.0821824571233,1.03704285129121,0.444152475968427,0.339629860845972,0.745036018078091,0.875885976034768,0.760225353094063,-0.685059266194262,-0.531366880609606,-0.067132074055262,-0.58272061301219,-0.435999715416669,1.82687941579469
7500,-0.668712640017003,1.44235964265249,0.539480193432787,-1.55053259970766,-1.14815132450498,-0.186182260803993,0.29552314765409,0.206734705676536,0.104513111053913,1.72246572773466,-1.83520804714513,2.2784443901895,-0.902613968017864,-0.74790517656236,-1.58079302460399,-0.177173850478911,0.791452380265026,1.67691671274748,-0.661832520640311,1.37184311892413,0.875438255056563,0.492203165593546,0.138895341177935,0.827479819862354,0.990680580913949,0.7887485133901,-0.826032624146316,-0.395187036746971,0.361062607626206,-0.540522125591497,-0.128897132836432,1.27458995078958
7600,-0.630081086504315,1.40576819742312,0.271185419220814,-1.53182446379882,-0.817568860316154,-0.324729603004641,-0.442273551752404,0.098548040528403,-0.182281583000671,1.72852820645406,-1.58077855260892,2.38290241874055,-0.991623779668826,-0.819519254943595,-1.81686180554927,-0.00821726098129532,1.10330022789092,1.64000297466475,-0.920952278276685,1.22490580586587,0.696881750817608,0.537505704652597,0.327821936529829,0.85133528682449,1.13177927429171,1.08010695739009,-0.939097942633806,-0.386734161535052,0.10575129328145,-0.744961141025352,-0.00804612467233604,0.633061442052978
7700,-0.370757122010658,1.21658620323455,0.0978101217614003,-1.53931230018979,-0.46603646622286,-0.369467104860804,0.194511118885776,0.269661013716484,-0.0942828596576077,1.69625815869056,-1.72861202843334,1.88382055234302,-1.19223317059804,-1.14380582374088,-1.72420844436891,0.406408144119033,0.65681679263582,1.60323400025501,-0.858852909336308,1.238957411399,0.512882745515528,-0.0765921126855098,0.442845456800804,0.714439940251718,0.930902298486943,0.989613405554216,-1.13113472981238,-0.501708841764261,-0.137827140220544,-0.759913223942409,-0.154547698117077,0.542645363725781
7800,-0.311227206430504,1.30356950460466,-0.0700047500651039,-1.62683241119345,-0.41999530284791,-0.386279054623912,0.1612572000064,0.424721533643066,-0.0255306513681918,1.65157401237525,-2.32444952943355,1.91450110125345,-1.28941870177581,-1.31078571022821,-1.7297151344968,0.778145904932571,0.0688537035656991,1.29465994903307,-0.848713825107157,0.906171394591823,0.536116315065231,-0.200183768117958,0.416728560523722,0.749848867752677,0.689892264648664,0.499022425861394,-1.28794297522093,-0.509328035546654,0.085606512835145,-0.66642230355752,-0.230179838452305,0.0964950198599028
7900,-0.471235456277131,1.48002766714839,0.0683432730528746,-1.72014234049793,-0.379468763708862,-0.530349211988769,-0.878304633011835,0.422315447798444,-0.185771505876053,1.13183029080332,-3.14667050874226,1.70416293308607,-1.25935783555508,-1.49915166869217,-1.53145727887933,0.792591989075909,-0.0192480755749445,1.29884711292417,-0.537526487050721,0.575194167211536,0.681026232398664,-0.118381936850164,0.0400591339600375,0.511546688066849,0.907818002865681,-0.0794980178103777,-1.39891026195558,-0.388886047804693,-0.168917075283454,-0.93127631553444,-0.20776113999678,0.122627877974285
8000,-0.22636292525872,1.41281320434571,0.551246662966128,-1.77237301296019,-1.2956854650574,-0.658057439413661,-1.09387620040437,0.269867405789009,0.129592761464744,0.823051451994896,-3.13617246052394,2.33879396688982,-1.13435882802496,-1.34059318076412,-1.28774524033763,1.38187764670466,1.07807045065505,1.21345795732932,-0.296980965914559,0.955940324553152,0.707610181569035,-0.691381935176386,0.242274918311092,0.575819988753565,0.999076548994264,-0.120206667500672,-1.44248633490925,-0.418586978998045,0.134693591329613,-1.27305814029133,-0.803468062905761,0.260561727791998
8100,-0.336429415193829,0.921898324197732,0.211452955981902,-1.93404963232521,-1.87952068806533,-1.11159882910758,-2.12652916777438,0.330703882250494,0.205733179980175,1.2365047931075,-3.10958866673141,2.44548180682892,-0.958568425240152,-1.08975613016509,-1.53289679180289,1.80300037768274,0.053882967371826,1.20775061497354,-0.195692727244292,1.01972340581104,0.544038204455503,-0.580750909719169,-0.280955325603666,0.650937314005555,1.05419611882056,0.0443528091715474,-1.48244467094912,-0.406834996509009,-0.258155465315339,-1.84928724414057,-0.683386361811012,0.949989965849894
8200,-0.63452519274821,0.877112759933931,-0.105681620860256,-2.06959590287977,-1.75921490311677,-1.23058751269607,-2.17341904788993,0.122149846348535,0.00844292703644271,1.45178634866981,-2.62276181840384,2.90111967517944,-0.806197538975407,-1.09737502384478,-1.98630863287303,1.65195475279434,-0.047706443069619,1.2440236490783,0.362083145058426,0.85855780767463,-0.0367051539174121,-0.942513215046855,-0.932132315030838,0.897881095486696,1.09243493433198,0.107349111263495,-1.55440926853701,-0.443692294761432,-0.0668404583973068,-1.78179113190539,-1.15416178978015,2.22581281405049
8300,-0.547687240699769,1.12805422985403,-0.238188370283358,-2.07095017641362,-1.38079969311135,-1.30434942889877,-1.57261221647894,0.262727479295594,-0.182119050842412,1.60104689510003,-2.902677033135,2.91966368068129,-0.878890340079637,-1.25154056968782,-1.97984233886847,1.36756187938003,0.471764002511233,1.21604737170269,0.245374064716717,1.33320194009191,0.30615869551488,0.220628050624899,-1.16746886907983,0.721217892316112,1.26867151988851,0.409978409418246,-1.6951091621033,-0.508421849463159,-0.537889428740156,-2.26295291947684,-0.737370428772315,2.59712149730951
8400,-0.594029756421554,1.35365213183999,0.133117828449597,-2.10433192529553,-1.25688510622487,-1.35406817368962,-1.8335428702416,-0.0351462178580906,-0.279064413960168,1.59269716716307,-2.68049395311614,2.24086090248324,-0.814699260568149,0.149621090410637,-2.20030722441061,1.34451412730249,0.0817297436955879,1.21604737170269,0.86603978858905,1.56113626262516,0.78229543096816,-0.161969979590299,-0.873879287880656,0.929752941443358,1.28676475003697,0.754214576089641,-1.95429757384184,-0.531690297558599,-1.04097552158305,-2.3208039227351,-0.756260245925337,2.34035368051075
8500,-0.582390885892141,1.40474477930468,-0.317938304113075,-2.1050075895061,-1.12881218740138,-1.6117526109695,-1.95451291429866,-0.300602549436354,-0.408600686307814,1.59210391708864,-2.9372968250095,2.39422613349202,-0.970947219284016,1.2099850337188,-2.20003207324473,1.22697835365838,-0.257723587403739,1.20396794738457,0.717884442286173,1.10864089184444,0.560471945509475,0.0944078646468397,-1.3561876960157,1.03736329903471,1.13519041581251,0.349853336612112,-2.09703538410941,-0.588206675186751,-0.786919437789052,-2.82286167053797,-0.238556158782896,1.46693008228891
8600,-0.841440470471935,1.16165449558761,-0.450415286178736,-2.15932694952263,-1.05094627601245,-1.61580042233994,-2.19889301870559,-0.468819982716983,-0.27866744746229,1.58304079044239,-3.55522314267221,2.4724018039344,-0.941592308157204,1.03788279763995,-2.15678413333579,1.29388334672701,0.268659042488558,1.05830425364108,0.232239709678993,0.77798984480474,0.352102336376632,-0.123608097315737,-1.47697791553623,1.00193548471801,1.11362818291719,0.408752129354935,-2.26028724740189,-0.217453041614355,-0.275307985165669,-3.29156711294146,0.25795502390827,1.76488342774194
8700,-1.09243541211077,1.15080478880462,-0.461265186889055,-2.25432531108627,-0.981598742321874,-1.55909713486053,-1.94643226972979,-0.189410868883785,-0.0437317882654393,1.71642525337877,-3.79009676565216,2.9900351962048,-0.898546885436732,1.26520194876071,-2.19344513708846,1.35757140725349,1.7172435444328,1.10877424934955,0.0583616337497263,0.76214787247478,0.414497580445275,-0.324037413840546,-1.54290814922735,0.803904936973745,1.15323707620808,0.4610406822321,-2.57418049213925,-0.525772872154952,-0.618443293760985,-3.53449233663919,0.640301266422876,2.1139519354069
8800,-0.786296956918256,1.36392727006853,-0.738145111000575,-2.40294475698889,-0.921710277358601,-1.55041431621657,-1.91528953152534,-0.1808881135973,-0.00560289379209048,1.90723227273527,-3.07647266997368,2.19396076970878,-0.544139864879485,1.13105940762913,-1.93676831468074,1.53548328311406,0.957227191993018,1.14787695420684,0.0987775190079617,0.565611296000351,0.0393243626521518,-0.0637398821346271,-1.5484748321583,0.512503186122581,1.08666534752031,0.305265078179214,-2.5844172693076,-0.415960119315086,-0.546518677075739,-3.08935554139962,0.0376215164973308,2.08995320539926
8900,-0.722136078916463,1.44212854602031,-0.26470668024003,-2.4641153046958,-0.860169790058951,-1.68743362343953,-1.98400864005255,-0.304212034120124,0.311314743801575,2.01077868506254,-2.49056678304692,3.06615146326424,-0.316567985170675,1.19688127553808,-2.34685116452638,1.34939928705393,-0.125044241416391,1.22050011604264,0.142960231799619,0.630993428245088,-1.05016268408121,-0.0914144335141586,-1.3911741959342,0.770305797766955,0.867369411177824,0.142595947982593,-2.17077117213764,-0.40085463328248,-0.676189226020054,-3.07594831924994,0.351198242650894,2.57677904705859
9000,-0.417946288470367,1.29373934614084,-0.457121985121809,-2.51445266519953,-1.05366057152235,-1.78249289661125,-2.52915473660594,-0.292530779795206,0.251763470374695,1.89493606890618,-3.41336968478682,2.63795980329036,-0.428317814970167,0.88442412293436,-2.21940950827787,1.29746903025487,0.854458775869521,1.26288719559545,0.129953426188164,0.315241496899211,-0.611750548211126,-0.405723424358602,-1.22029001223479,1.06669809284456,0.965441064201419,0.114153791930112,-2.39849788398473,-0.419391593969522,-0.924083976217934,-3.24112779749917,0.499180596854947,3.2838181590319
9100,-0.183696539187125,1.39258060342798,-0.383428763511668,-2.52136426245657,-1.01124997068889,-1.84469263579171,-2.61326103492289,-0.378785873163142,0.196961353358559,1.98284008857831,-3.71686989575666,3.60535884084925,-0.491791122713948,1.0020968537193,-2.39412511197803,1.10856549982904,0.429751354919877,1.27086764616928,0.110221278197449,0.0269530633728417,-0.222686763234899,-0.108204404269053,-1.61176691762864,1.06221676349178,1.54392411697936,-0.251623584028905,-2.52472866539009,-0.430357392127053,-0.538795879428293,-3.18325462090265,-0.217596742748429,3.10426995044156
9200,0.0265285085664793,1.30672243367461,-0.741798328185091,-2.72433849031752,-1.12076101707966,-1.69914232417297,-3.25516267614621,-0.332070729281952,0.120543883058504,1.90266843551189,-4.1149047389793,3.82842329602405,-0.542769888909897,3.33811007234293,-2.33265364498337,1.04759789445974,-0.35558312230304,1.30158599033241,-0.498204593176939,-0.11364450149967,-0.453599413788076,0.0415980585581377,-1.45313979293162,0.948174985272761,1.93535564468639,0.0585702152324635,-2.61140375234507,-0.585159625137596,-0.695997628637643,-3.16942365186,0.839946694633349,2.93167702381793
9300,-0.146811312083313,1.19412705157002,-0.670177684934346,-2.94419166008332,-1.29515458858938,-1.41052392626784,-2.90835900246668,-0.367175311011713,-0.0146586097878086,1.93196315368194,-4.00740754833616,4.71517858021204,-0.269249184718678,3.21004739873207,-2.61652500949303,0.728794926658886,0.378865288120708,1.28985327512033,-1.12153548728664,0.00205700540256121,-0.343181769397403,0.720089581100621,-1.73517798181495,0.716041160787761,1.85620084616614,-0.190071472575016,-2.97066166042082,-0.742560673300874,-0.915133746310469,-3.52325816785844,0.638414427005733,3.50676918961758
9400,-0.0613269028391434,1.2392023862155,-0.632597664646764,-3.05033779026671,-1.83423863820276,-1.48718298687162,-3.24443622254459,-0.272273891346217,0.0285950846840632,1.67342076497246,-3.81364287445222,4.34141762235436,-0.102248656523349,2.65407045621503,-2.74112977039867,1.03798983876951,0.523909355152814,1.35962806167296,-1.17236501862863,0.197610225400416,-0.298849948721859,0.230224051630225,-1.47228217233504,0.858049733604764,1.53140957517147,-1.08384643499156,-3.19409995244428,-0.629559456140394,-1.03338644077049,-2.93001221702654,1.5349539550781,4.68189988365023
9500,0.069667771088796,0.822651831897883,-0.688511090875683,-3.22916323047054,-2.17629177595542,-1.68418266525517,-4.15687045768659,-0.0822917707243023,-0.0387445053973423,1.75509243388092,-4.15892714152644,4.7861683164115,-0.0189781462176416,2.38762358600589,-2.65839153110213,1.438698912187,-0.185177282288887,1.37702884329517,-0.66930717942916,0.443164503748031,-0.399927476860267,0.47647936653624,-1.52684757327972,0.973084939801692,1.38264669734446,-0.336162729246584,-3.3597842611573,-0.71042552937462,-1.38684926975253,-3.29585620076926,0.768884150150525,4.29328799335453
9600,0.349074111839231,0.999390779728425,-0.75514141105443,-3.23106549383309,-1.74295645650296,-1.9105646610419,-4.22183908702869,0.247318728091855,0.0994730036933692,1.86890945560874,-3.34923691194682,5.03592540285766,0.218963591225692,2.41826884515543,-2.6310348879571,0.332803686382287,-0.442271645646965,1.37702884329517,-0.310224925105607,0.503017000085161,-0.195915126547232,-0.270191238169669,-1.6016612037802,0.760021132695924,1.23589900728969,-0.247140555978285,-3.27026424883156,-0.593383970242246,-1.58246601983403,-3.80954989441611,1.14535664838164,4.40848236501264
9700,0.271709825088155,1.14876921784218,-0.705708794050963,-3.42028093999194,-1.08899935743114,-1.64625849362962,-4.44815792239738,0.165820686145598,0.189281162083901,1.96640719380262,-4.24571925530035,5.76021729684036,0.379238144186727,2.42921438228487,-2.78200235518226,0.249767676235764,-1.30758018599704,1.37049110404697,0.193097311313687,0.142584810898053,-0.148885841826772,-0.601439245255932,-1.85368792361828,0.900213209705239,1.57835461421793,-0.408393005737104,-3.29455176778941,-1.01138948203156,-1.92463055184966,-3.66811534375828,1.5975105389572,5.2157225846833
9800,0.279055336859928,1.13870065954418,-0.684798587342086,-3.51908523542073,-0.935911221079837,-1.53673857282135,-4.63064956660457,-0.252318570029903,0.316350000265531,1.88464600561699,-3.34430855941559,4.50441522580762,0.160727285383166,2.61865215471484,-2.57605143432933,-0.0980616815443605,-1.30758018599704,1.31552291490611,-0.0203528360360842,0.500171973314717,0.0207599689576635,-0.843754572887447,-1.91221457885752,0.822733462583431,2.10928767900629,-0.476141046955773,-3.45078312034956,-0.973208906716921,-1.95024052608528,-3.55474827657496,0.667169124686232,4.74208454838274
9900,0.560872852406893,1.19171116278443,-0.895107041794996,-3.4799359079531,-1.10072238222568,-1.88372107448368,-4.78494608835714,-0.26936395545312,0.0583560468649077,1.80379114134577,-2.63839913195637,4.77486867531398,0.299841217574274,2.45907829987618,-2.45851165527576,-0.245489139918432,-1.94433167295909,1.35770176722824,-0.510948816136875,0.509455517614653,-0.140731548479721,-0.825331005401693,-1.79335885894826,0.836809595028713,1.80919194627061,-0.611060561772733,-3.67496759380949,-0.79423600687631,-1.54333832412227,-3.53733973603282,0.572911302062344,4.33383292246131
10000,0.755139737759171,0.851332408796885,-1.45665051370698,-3.669201961939,-1.30237404720727,-1.67076400652167,-5.01202012480735,-0.451582728026599,-0.00524015747200121,1.43082218407166,-2.3507800260793,6.61863766468528,1.08328207721633,2.93402264239709,-2.4286359958318,0.0463918255042072,-2.86400207584555,1.35087533224474,-1.05766877702306,0.209257235072926,-0.328149162000419,-0.89862458549167,-2.22037650135156,1.06091294190455,1.23501482786259,-0.536843510000882,-3.74212869189635,-0.595248839122102,-0.970582099665257,-3.4007375576615,0.787894564617147,4.83123413607949
10100,0.764155410460105,0.831984557982665,-1.09655989398169,-3.62132502588801,-1.07557401212465,-1.96410887706747,-5.7270217488227,-0.4534690929619,-0.0481902527365564,1.43504934973408,-3.44528557980243,6.26321174956928,1.11778316352774,3.87519548215458,-2.62546396082694,0.256576091520287,-4.03087877363448,1.34119295559178,-0.959317409179419,0.129990381622641,-0.333099252744329,-0.880670015665375,-2.20601015682931,0.933525837641798,0.60023615361976,-0.629501300452086,-3.98491136453569,-0.538812049593301,-1.38719642634235,-3.3093825356959,1.62096472134637,5.21953232881384
10200,0.729440687150512,0.601857196963068,-0.589714249564811,-3.74206032411,-1.00848572616585,-1.9874744582319,-6.03580899550515,-0.496271258796665,0.0756483323536232,1.61765738252886,-3.10725170163005,6.3109905698544,1.48163920528155,3.9687636971231,-2.40734563528654,0.341506473768163,-4.85503484032529,1.29956071291339,-0.450035847482612,-0.104626966580667,-0.751039972625009,-0.970410726348154,-2.61560272772906,1.05602422149633,0.625729652851025,-1.15361684025645,-4.02495090455797,-0.546106792492661,-1.87224158600397,-3.1989060837129,1.22053743313466,5.67585983499626
10300,1.12110116448158,0.471930775012816,-1.06579909867706,-3.9306841957271,-0.879349008897806,-2.02847596885723,-6.24079375047437,-0.423571652339183,-0.047878468065912,1.74285961527339,-3.18072700547212,11.6734127291757,1.73169786926107,3.75787902170542,-2.46780338217918,0.0689022350253265,-4.98471856997544,1.29695552883695,0.204183888970453,-0.195092598023574,-0.818993260565486,-1.02407440215952,-2.4248408453653,1.25748933248594,0.64670600623148,-1.71828855086217,-4.36678672733287,-0.456786622063104,-1.60653688193447,-3.05450706037721,0.830526541797736,6.38610554137012
10400,1.32565262260913,0.410141291974641,-0.401486261728013,-3.85273941038232,-1.22856016246424,-1.90288442870296,-7.62306396538388,-0.538446254375993,0.181715345359453,1.65922348414571,-3.75600743949915,13.966058615306,1.8660144933549,3.53701513847439,-2.82876483872645,0.538290033514587,-5.31247030660971,1.36412657407948,0.112293872292526,-1.02436533027854,-0.853437679271044,-1.00798872317178,-3.158180877564,0.294233830625994,0.413938405717921,-1.72855883589267,-4.27265066202339,-0.0670602140350078,-1.00558921577944,-3.016906565735,0.887832265156804,5.8037461014455
10500,1.41730105727814,0.330322552748772,-0.610651561052174,-3.81337653113859,-1.54944463185388,-1.90089989829678,-7.45507171149097,-0.464604906107271,0.684566282703783,1.4688858913606,-3.14910100994493,10.1461258350856,1.99904953187126,3.65814640251123,-2.58942846239519,1.34438014270879,-5.34889943157807,1.26147054571241,-0.27321528327846,-1.00504515601456,-0.846158319917552,-0.594541522880301,-3.43511986603915,0.569279526146695,-0.132299910284624,-1.49504929067868,-4.09134208674479,-0.168783683491017,-1.21752739160012,-2.66710100638728,2.85794747324989,5.53636526001088
10600,1.3429529701778,0.323415087202574,-0.574364629939095,-3.89925426958495,-1.35594908530838,-1.91046365231844,-8.37519916298407,-0.652574026430955,0.106805387321828,1.52004193967425,-4.28872399263473,11.5474002277971,2.09279815439245,4.01773218126151,-2.54971151237071,0.853075531133193,-5.27485034684671,1.22684889812052,-0.372858514490074,-0.972784178684236,-0.879271018842842,-0.556058655096518,-3.31697886423804,0.773052317817298,-0.10176124866477,-1.93048286440628,-4.03605191610367,-0.183819362468618,-1.27335347222071,-3.02705365142889,1.44511049709309,5.82190173296487
10700,1.65592294363825,0.239599848123,-1.01658792683579,-3.81930155154158,-1.23866881019191,-1.83871398247217,-8.47850704073849,-0.834163921973829,0.198517525241638,1.55955106843024,-4.59530225126604,11.9757084415946,2.26479860909311,4.08234991218518,-1.91868891500912,0.405373143130862,-6.09241819034219,1.22395259610353,-0.549240848423326,-0.88341989542118,-0.861737578378958,-0.270454546562982,-3.73020387619969,1.52961466164735,-0.217617349820161,-2.35683470848427,-4.06066144676733,-0.488453167113041,-1.33259017396409,-3.31449892727426,0.927472354770711,6.29727829415785
10800,1.73746165787704,-0.0841739077949588,-0.986644478691991,-3.82693013443372,-1.4843069217224,-1.78578965535917,-9.08532123974232,-0.856278226622983,0.398062314336275,1.55811249990313,-5.01000347402835,11.5959325215508,2.47715544623618,3.94790183619392,-1.35516357597952,0.766292380370551,-6.09241819034219,1.2265764802427,-0.561929808433661,-0.733631939188452,-0.865301590735473,-0.286518212505069,-3.4596888551184,1.26592765307419,-0.248914155876016,-2.34667814415055,-4.04072210422833,-0.556914435303846,-1.24346698181776,-3.74701165299132,1.37049071165512,5.59776390327698
10900,1.65229409838078,-0.0110351946451028,-0.763909321313193,-4.14769358923642,-1.16604100780098,-1.75345821103894,-13.1971225363965,-0.756558980326637,0.115151106544831,1.55026236551777,-5.63183543688687,14.9431414153684,2.29972437864814,3.76611816551279,-0.617866849038653,1.29259019789883,-5.81294406996878,1.28556363053596,-0.941780087938974,-0.978542881178054,-0.64094478317553,-0.878548047356935,-3.62275793471348,1.37297266291703,-0.352707584007772,-2.37096839927902,-4.01546379598991,-0.443822229236303,-1.2802302212875,-3.29882321052035,0.764727699496699,4.11096651613522
11000,1.55380433874184,-0.177104500106866,-0.813058063681094,-4.4354790538451,-1.11738685251726,-1.66332633973038,-13.7134777486356,-0.794632790944787,0.24623992136152,1.47810078269426,-5.41538433021729,17.6547013389447,2.17377149958536,3.24862966921892,-1.06230657711532,2.12381762808172,-5.93406712421372,1.22954399844807,-1.35075427547684,-0.883114120957793,-0.716185439264916,-1.02475605875982,-3.56835097464935,1.41061945533953,-0.449080476615733,-2.47290462025387,-4.30415744667199,-0.153401790284607,-1.60295578335706,-3.84951023207443,1.0141978693669,2.41883309196337
11100,1.76242549420617,0.244380095305974,-0.15397240386071,-4.44596310201088,-1.48252494466021,-0.687151902250833,-13.5740943886063,-0.917959688410216,0.147163553661033,1.23635866070044,-5.75598123427516,21.9988148936498,2.04571729857766,3.00478393741116,-0.393002053770501,1.24499943780319,-5.93406712421372,1.14022789704236,-1.14695564973225,-0.861994807803748,-0.75658899558038,-1.02475605875982,-3.50462368085639,1.42049640691731,-0.620596116677123,-1.73013718368801,-4.33494205842448,-0.0104633962929431,-1.20433414197938,-3.38311772698817,0.675180414222767,1.02610407644053
11200,1.82242282927496,-0.0530640129818904,-0.0461102737535843,-4.49190554179569,-1.43907816511301,-0.494926936456419,-14.3554965294931,-1.19470211720202,0.381469789211007,1.20367098418271,-6.06499547959806,17.6576221960269,2.24935738618744,3.3803294189886,-1.82709628345872,2.67033457089749,-5.69156064442803,1.08728727069232,-1.07287949765389,-1.50531932175149,-0.730763284275405,-1.02475605875982,-4.36926267507807,1.52476720328581,-0.677090222035057,-1.93555752905616,-4.59693564060185,-0.116717180340816,-1.3299649693994,-3.26844454314211,1.38350342749686,0.476859771798924
11300,1.61483413679642,0.0100409196791086,-0.0178801245391285,-4.47150997289685,-1.25338550149439,-0.120915242107881,-15.8403557202066,-1.15897726825501,0.0860968808492025,1.20654665278704,-7.09062021514282,22.0709333449136,1.80154521211583,3.25589833538804,-1.72453868635735,1.69688902260773,-4.83157440411629,1.09234823775933,0.0656317062198489,-1.64605285774956,-0.601033987830141,-1.02475605875982,-5.2124609312128,1.6916346422659,-0.35024026680261,-1.2231063602653,-4.59164674471604,-0.18960782076138,-1.28879409321952,-3.84234786864454,1.42357390634202,0.359640906148043
11400,1.46603758210925,-0.632226151121561,-0.239107388898843,-4.3021635314382,-1.06505218479588,0.0448978354457995,-15.7945854658222,-1.67521921529652,0.0145745203585743,1.24171944674997,-7.40775451897693,21.8562947348493,1.81572325212863,3.63979808356394,-1.61294059064083,1.77096330117538,-4.83157440411629,1.0850344722448,0.234209588556357,-1.5365605157895,-0.606590551434453,-1.02475605875982,-4.75459555859701,1.74373784007881,-0.761198810933695,-1.02033230905202,-4.78895697566061,-0.417102179426045,-1.71161139598494,-4.8407562507089,0.861720925403197,-0.189717603852332
11500,0.984691618130965,-0.980949993719096,-0.249697265613005,-4.33276434825464,-1.35154683409567,0.0448978354457995,-14.7215760920948,-1.52089837898432,0.122953793403899,0.959234697681239,-7.50542574642521,28.794096824543,1.50346275482271,4.17762866503642,-1.78438714425678,1.50570715717397,-4.44158693297797,1.07411623918447,0.34201680470158,-1.47150607789466,-0.528085926063807,-1.02475605875982,-5.30400831673498,1.58494384640923,-0.630816759979704,-0.877182166303469,-4.73341984078455,-0.406794567554736,-4.51386426483263,-4.62523991326079,1.57343381313619,-0.0884661780017463
11600,0.972959051379479,-1.3559157201452,-0.822093262537176,-4.40297316591855,-1.51018975905099,0.0448978354457995,-19.2135777149619,-1.78570176158308,0.295096435245087,0.260044496967536,-4.46691212208559,41.1200935783417,1.59455360745834,3.51955356025229,-1.73762592242164,0.951056507800691,-4.65601591727344,0.455750200323126,0.230071674754398,-1.60037585468857,-0.719956423319063,-1.02475605875982,-5.06118715981724,0.745169071535869,-1.0184347453407,-0.64633409684205,-4.28946849815846,-0.287925873589114,-4.61417611580828,-4.67546875230066,0.912037116043288,0.205849111895636
11700,1.52339511127755,-1.48622189920764,-1.12211623521058,-4.48359287314844,-0.974155239769596,NA,-25.2840368674178,-1.78962063626257,0.6815422341447,-0.398386224001023,-8.11100688634721,40.3649154844831,1.64269829211617,3.74593624227467,-1.65502283858487,0.279545650225721,-4.8726159896045,0.114637990302377,0.373198820246736,-2.03795017108802,-1.02381467786005,-1.02475605875982,-5.29637125157721,0.467982970693626,-1.43304829583484,-1.19798280259088,-4.63397366073091,-0.605212769849364,-4.91081918603491,-4.31774914132933,0.683165651695771,0.279421836290575
11800,1.4260359915955,-1.90341343715362,-0.686423724445889,-4.56190208544653,-0.788755035637285,NA,-26.1043009087372,-2.01343844253471,0.54094332214858,-0.530396150642289,-7.2010405453904,34.8882247175947,1.39314390961872,4.13414957875754,-2.02087998832899,1.4829532382814,-5.0462552656225,0.0782340240716402,0.282689316982544,-1.89626664353633,-1.02381467786005,-1.02475605875982,-5.19403432178885,-0.220727430228946,-2.0059269205126,-2.68326366805986,-4.9535475018194,-0.557472899348669,-5.00157115683679,-5.08303700929873,-0.145057429024059,0.295622878783049
11900,1.35954876792948,-2.04737781100485,-0.449695735310962,-4.67440232583301,-0.875754203144036,NA,-25.8940448703022,-1.8099779711363,0.514235453632279,-0.536130730804456,-7.22378770483651,34.4650318630749,1.4069351602953,4.4508697632195,-2.27791967511153,0.802685314561336,-5.87560743376734,0.0310889184859267,0.112778893051252,-1.93739009440015,-1.02381467786005,-1.02475605875982,-5.40509699608937,-0.166388428342507,-1.93707904703865,-2.03987320653114,-4.63934407606268,-1.4856471286692,-9.4876322233532,-5.66627625476276,-0.327931265264307,0.18352586173203
12000,1.28519764135264,-2.00954853976981,-1.41958360872281,-5.17039994184993,-0.923166781839115,-0.903796521585541,-26.5590806605869,-2.03068347466866,0.523074734556434,-0.542227951753385,-7.42851213985148,43.2903500663429,0.609917942754137,6.00879296130798,-2.17809854412914,0.349449812950799,-5.73990009616863,-0.0140847734907738,0.449246226155582,-1.97418191325242,-1.02381467786005,-1.02475605875982,-5.09630945939013,-0.137787516467439,-2.21179380689561,-2.51755993836825,-4.64949474648634,-1.53298793547491,-9.62831586933948,-5.66627625476276,-1.08786133831619,-0.631224228961827
