"time","CNA","EAS","ECA","ENA","ESB","GIC","MED","NCA","NEAF","NEN","NEU","NWN","NWS","NZ","SAH","SAS","SAU","SCA","SEA","SEAF","TIB","WCA","WCE","WNA","WSAF"
0,0.499324563635311,-2.6108518669348,-0.624491788752225,1.72080404499258,-0.194511492461007,5.07192233270567,0.273157134875016,1.59234575378132,-0.897030987310045,-0.248245580104231,0.0096907329688801,-0.80759860322502,1.53579582593753,1.7463398375084,NA,-3.61590187982477,-0.947689666084426,-0.327221849618528,-0.78048792939512,-0.849049403586773,-1.4031100433851,0.253893608004495,0.357875900642107,0.955133901571686,0.395132941802719
100,0.533462137385265,-2.60909819571621,-0.619064397012156,1.52435582781815,-0.247774170344371,3.24621288436481,0.0512902871744582,1.00782408538695,-0.908478037483007,-0.502007609564447,0.406757392969551,-0.421257135914236,1.20453856107248,2.91667261140905,NA,-3.61590187982477,0.171761796480698,-0.449204588224315,-1.43099918957289,-1.63912708502391,-1.64522881059775,0.235569263864332,0.394472475135298,0.836792985001901,0.797388847730758
200,0.359584330385638,-2.28194754672172,-0.241529666691854,1.18471090116554,-0.171904743398912,1.08666745406529,0.0496057216375789,0.165182940841374,-0.669176422308934,-0.406554822085898,0.240248038878732,-0.304955028454217,1.7309680906097,1.47787228944736,NA,-2.70741242312278,0.26978646290405,0.00760706884684423,-1.53757882900635,-1.77792880358991,-1.47672444617724,0.19281821123591,1.00806038738821,0.506288219728894,1.2402350424163
300,0.59344689120487,-2.31140974557168,-0.489334511871001,0.903337587513655,-0.0801852635128817,-0.334448380766684,0.517948642531492,0.21689714977698,-0.597371518470773,-0.497320677877105,-0.147302999488498,-0.283683950455328,1.78768536909725,1.52591153726493,NA,-2.34095581170332,1.23580226239033,-0.417676889882043,-1.36039863084424,-1.6238829298609,-1.6284479829541,-0.462404266597811,0.743426197996186,0.655177520777812,1.43150558315634
400,0.912992723365505,-2.31405224258613,-0.465001455782504,1.08291519642783,0.147497012118188,-0.290246165144491,0.297857753621094,0.107644278004473,-0.457274087057806,-0.409010254673002,-0.00757167799456203,-0.476055543626452,1.81358062469633,1.71860117375505,NA,-2.34095581170332,1.08426789780613,-0.202029767327362,-0.698318614761029,-2.03390950172855,-2.08291881454465,-0.0958441105881878,0.359654300096941,0.794393752135634,1.28289049754014
500,1.01124865962551,-2.07713781074473,-0.281299868752707,0.947922330314523,-0.0364349470484218,-0.142035277517046,0.191715721273327,0.135423774880935,-0.490670493903557,-0.485174788528531,-0.0165564962198837,-0.560608749229118,1.80984688558187,1.08414349792854,-1.67889119126152,-2.34095581170332,-0.253750611302076,0.222613237057588,-0.982817117761628,-1.8655310788595,-1.54922429195716,0.167178014024577,0.544562055011491,0.814108871092551,1.22603121801146
600,1.24770618959745,-2.0958805287495,-0.0360047304294897,0.842696668744995,-0.222884989494962,-0.248136392057573,-0.193276112712935,0.0459401889546797,-0.39217224553915,-0.179101532297669,0.341538800902972,-0.518414495963959,1.51668934589899,0.21465855487256,-0.463162391039614,-1.14013763176408,-0.0915976384986598,-0.257840590212141,-0.813670412820752,-4.82622587499167,-1.6938587507754,-0.233829382067159,0.32165736614174,0.688809456545156,1.35109572642054
700,1.86562478665802,-2.51576195773831,-0.218738357433602,0.689994222995882,-0.259597285279778,0.0643027598888404,-0.302609811524769,-0.102788231152323,-0.370937495024237,-0.152068127646205,0.173955858734591,-0.369908307059639,1.68725384347073,0.518134559729555,-0.87512601570055,-1.00668319160343,1.09340452408453,-0.671301145177605,-0.602050532022988,-3.88348948228266,-1.84906684509777,-0.42182770794964,0.410989147711257,0.455532208363498,1.41540018100845
800,0.975517870622969,-2.21897929728261,-0.833943384743444,0.669629271796839,-0.680701343798982,-0.0467777377866206,0.021405669797979,-0.396698513807737,-0.266284474858091,-0.517349689547804,0.0471537951046295,-0.175737080342838,1.81523159376981,1.34694444653243,-1.20739946605147,-1.00668319160343,1.37569312323283,-0.454713718379123,-0.55663976915824,-3.98490798459569,-1.67462490431312,-0.179349780377416,0.297893623396767,0.677489146352894,1.54504782095774
900,0.844259817592366,-2.40391838108968,-0.681256891030737,0.796760298952636,-0.194560705044694,-0.0252678707517866,0.119421160423498,-0.538761390858636,-0.0890131775455263,-0.478427040691546,0.111331559909147,-0.294321727294736,1.75567025760697,1.36879140326241,-0.467163929396662,-1.47133223509811,0.828297321430302,-0.791700355652828,-0.475023112889221,-2.95666002313142,-2.00350382535887,0.0642099439014804,0.231882897686083,0.184807141913455,1.2679708069859
1000,0.987988692098876,-2.18938501121228,-0.9790307667631,0.844904017686806,-0.0163986190829721,0.138763344577418,-0.0525651742529051,-0.182213405299233,-0.00977538910943995,-0.286958991463079,-0.0702416110386612,-0.450906537321642,1.77438659329994,0.882584703174758,-0.920293554158278,-3.34892519962577,0.411423724035258,-0.196498215599,-0.483747644488727,-2.4711428649301,-1.81869095040011,-0.263479552137582,0.355192197419332,0.517157540553013,0.930780718411216
1100,0.613731450439932,-2.07947192463479,-0.659208011190046,0.878437116301409,0.156798008583053,-0.62580157255061,-0.106492826036463,-0.19234225327369,-0.187950201944329,-0.240684523438343,0.00796587196069309,-0.372542906592965,1.58133251706455,0.626942806895236,-1.20279820472372,-3.34892519962577,-0.246195287268898,-0.572137574851853,-0.0040899654208201,-2.28008657275905,-2.33491682700891,-0.715233859640586,0.494916414318451,0.364477301620086,1.08813278795725
1200,0.672127028478602,-2.37256513864179,-1.60022316235347,0.922371909519989,-0.0292437434543612,-0.549824880596522,0.113282370182622,-0.638449005711807,-0.187950201944329,-0.220839171634536,-0.0603065366045822,-0.659472718493116,1.42803128804618,0.631659909960945,-1.30363344615917,-3.34892519962577,-0.372493341768612,-0.906743074755172,-0.0885545095173681,-3.5728200253501,-2.18419422825004,-0.651867655585019,0.386338927220949,0.270482606110703,1.17401089140667
1300,0.714019702886413,-2.13689033893088,-1.14266277932665,1.02341719710685,0.699072771766814,-0.190359136940885,-0.0776173012436442,-0.753420927104503,-0.185937203751033,-0.0576943629487836,-0.121371653385928,-0.204462866205548,1.38127758346303,0.601756556471056,-1.41182089495035,-3.09454826501926,-1.05732971802449,-0.714785237890468,0.182157840940501,-4.51531927871829,-2.32536734964021,-0.789960247347874,0.497057354813138,0.496156220669993,1.29317553570683
1400,0.694139812032005,-2.15921851671967,-0.670079298985111,1.08224199831236,0.854497234103825,0.325003489709226,-0.0725882701132022,-0.0412849616659262,-0.217206708861697,0.0827322491659517,-0.201102063518075,0.00585955263570426,1.33090520867538,0.588337456720127,-1.20792218552336,-2.83220830761501,-1.08830970214535,-0.735028109616124,-0.218925837491858,-2.61785791599913,-2.37998089945788,-0.258734219977152,0.363463331047294,0.504223313632613,1.07592519633057
1500,0.430990063735174,-2.32993203759254,-0.434133934351504,1.23485625667169,0.967648681045157,-0.0502402091642797,-0.0753175705575894,0.0959957246340507,-0.217206708861697,0.231314479512932,0.217415852897081,0.149475712815439,1.49467454653708,0.0321449813271969,-1.23630921638612,-2.83220830761501,-0.701780270952647,-0.481532638523716,-0.303832487551086,-1.03746008198747,-1.84067222150504,-0.382566125277914,0.298894826682268,0.625717139671217,1.32620654013372
1600,0.535013844058529,-2.27260216613709,-0.209372459319362,1.08453632834035,0.790630471646046,0.243725935365788,0.00144004497960781,0.219354374769996,-0.702436884176456,0.177143354208911,0.183562164979301,0.0549406846526056,1.32388080427315,-0.359547323188584,-1.42159363399363,-2.83220830761501,-0.454708914407481,-0.593541792148644,-0.478991469928146,-1.4536721180078,-1.46615732985267,-0.28767703001737,0.236128771472811,0.56870789952893,0.949978979508576
1700,0.769431705602784,-1.91618642766827,-0.23742402245626,0.924626621485454,0.885275151266828,0.560021364868544,-0.10856199500671,-0.0464829283471123,-0.460524290526453,0.113401825356274,0.321196521607322,-0.128415839238499,1.56210680609406,-0.536155268410662,-1.42819638905508,-2.49042470936211,-1.78901048408473,-0.293843634302641,-0.136395575259261,-1.58996391693401,-1.40105357957553,-0.378758442289698,0.045557279567748,0.683938980008165,0.82969381020875
1800,1.00324045955597,-1.96883756784044,-0.107119346189299,0.896057734987902,1.22853325448729,0.632266953226045,-0.132441237612326,0.128581118493165,-0.460524290526453,0.158243273619846,0.153607133662255,0.176015021864656,1.31766253844469,0.136861372071082,-1.53998655827533,-2.15532053162072,-2.02530539340158,-0.471884464798001,0.746301742429273,-0.900307113676887,-1.32110582071361,-0.449251421083462,-0.0847641553919607,0.517151302987859,0.474119389060164
1900,1.38442212304956,-1.9392635770464,-0.125238487913918,0.98035046109946,1.34898186762008,1.5320378697025,-0.136577421909238,0.24721084616603,-0.176390570814783,0.123269078285714,-0.096305263461123,0.0391937860342943,1.11108422907328,-0.194828232880473,-1.5216896301863,-2.15532053162072,-1.91515200949172,-0.0385953739377107,0.837693718229841,-0.759211878377657,-1.25272331133442,-0.295379182142605,-0.121721278716473,0.545898302150667,0.322766103133429
2000,0.673253953803305,-2.09999107542203,0.190835720524901,1.03922578108528,1.52844629448683,0.778346282763622,0.015173811650661,-0.248065396757159,-0.069807234101167,0.00125760338474326,0.110611015766509,-0.244245038642791,1.43181141691439,-0.609735729836589,-1.61043599460436,-2.15532053162072,-1.06756855173562,-0.321411685942334,0.132480746714907,-0.588014240048515,-1.29961601294771,-0.508507412786442,0.0376276158877237,0.171879305709064,-0.00800390037445767
2100,0.683499605928473,-1.92194557062395,0.360315673873314,0.951392018895759,1.17414553422029,0.856546962934026,0.0160819980992017,-0.115142058304359,-0.150692128477925,-0.0235026892805081,0.217219522390245,-0.0400963022758952,1.49800621586399,-0.581007389412177,-1.28446743665419,-1.31067222299761,-1.08763331592996,-0.698643462688578,-0.0417253729164208,-0.362777849162843,-1.72276222706431,-0.311782684043281,0.0268310931113453,0.172864735935858,0.578285511642928
2200,0.779988500827546,-1.97451236584327,-0.0805678023490619,0.969465291223879,0.759453781744367,0.793723892673539,0.0337936152920573,-0.115524636948231,1.20102882612756,-0.128511995443559,0.0722662348734399,0.170495866948457,1.68266420237213,-0.785933753557308,-1.17892286637754,-2.19594890762302,-0.639956953804034,-0.0512938734319168,0.172597943958851,-0.163318771919465,-1.83622588007569,-0.426471255181295,-0.119756404177948,0.0951706051801103,0.394045177680293
2300,0.695458837871622,-1.96632589643997,0.189473359193175,1.00617681811054,0.770449483998236,0.519897094406363,0.0765408497175776,0.410891824268316,-0.000645195484688684,-0.108433376249849,0.0862254269135171,0.050566405021618,1.75244514988929,-0.0747896491892213,-0.912105412692308,-1.40635457816036,-0.610547135034152,-0.0888236774710315,0.735112690698723,0.0193372492612748,-2.06279323045954,0.196665156612511,-0.241447436380976,0.162973964653602,0.526630521989983
2400,0.996081923138094,-1.58389467661493,0.153109509017833,1.01164189716532,0.768616967108094,0.468728875595006,0.250999340615492,0.0653958758303763,-0.693395201265272,-0.267956606312089,-0.0213720965419948,0.161870906060032,1.84650825505751,0.141775575052567,-1.01005574243591,-1.64886649631389,-0.360307907342064,-0.0492040969455602,0.0699981191413162,-0.310228641943896,-2.20933451830999,-0.464492454611181,-0.128774081983022,0.0300607435009464,0.234047018292862
2500,0.842886140368612,-1.71432853345453,-0.0841858665944626,0.956463221769241,1.18235257933034,0.260328913224184,0.223956570506054,0.238252672881975,-0.429117695275391,-0.20070217854257,-0.262284888282994,0.297757072067178,1.67892722363889,-0.320951738552338,-1.13136146599036,-1.7582061348075,-0.459463171150679,0.0402880384607898,-0.0308409560987427,-0.807856690202911,-1.80930543341942,-0.234504301051878,-0.223380354766283,0.0803685429362633,0.0687869752512422
2600,1.05894361873184,-1.57538894559832,-0.080334208595786,0.822452678834654,1.23107462665921,0.463682557861629,-0.0821514567807352,0.321080981705178,-0.104945052412468,0.00809772003847925,-0.223841561834256,0.255845737871257,1.44032996105334,-0.594451882541389,-1.1293840127927,-1.68317233066982,-0.536952232918835,0.184364042640187,-0.0535658586906181,-0.669060793546737,-2.02484481875384,0.0298266761012122,-0.318013082713162,0.183965623555921,0.330131386609897
2700,0.867774253814899,-1.76815667801325,-0.643507630664157,0.792812344372829,0.758050888903203,-0.2830090122858,-0.0480632707286618,-0.00140624921853191,-0.613385202788956,0.24030428138927,-0.0488318971240637,0.000157205935043129,1.24810410176683,-0.469272371028928,-1.12612848919775,-1.40345736171756,-0.929204839550574,-0.114251774233028,0.0387175576301795,-0.379453164522864,-2.11926722912939,-0.147641820540061,-0.232108351036792,0.126545092788208,0.483782494620689
2800,0.700709782313942,-1.60652306284165,-0.446735125237766,0.710183113417177,0.626108952612661,-0.109788448240643,-0.375719790517876,-0.121356110758829,0.949003364645713,0.393282585170266,0.166900043869413,0.010370647272637,1.52468594904855,-0.376391655261544,-1.07235143487245,-2.12474609930735,-1.65244960145573,0.0459123557787029,-0.111898106768056,-0.203752607714982,-1.22776087793428,-0.399769294094084,-0.208189650328518,0.0845941630894838,0.41945750065802
2900,0.660987257300975,-1.35416861751914,-0.680158566069894,0.670025213892646,0.221510720900641,-0.00772217324734985,-0.274564042844112,-0.175843752119503,0.201959114354338,0.532274598656687,0.0206286027494336,0.0581712100782576,1.80594173430047,-0.304906720095912,-0.991917990535664,-2.12762040168707,-1.81349966857863,-0.439017890269636,0.032728390072143,0.460325963782847,-1.11330950133447,-0.178104875747406,-0.217570807105202,0.196077330065705,0.144704828560092
3000,0.57523591769657,-1.40741696403179,-0.40332224992259,0.599890516214576,-0.792585076932702,0.476516074909575,-0.0831611327677773,-0.176233035871909,0.922536850833886,0.326133954313895,0.0172441008937364,-0.113649030804882,1.79456461824998,-0.641104272817862,-1.28291321343382,-2.76433618539316,-0.967581514135206,-0.217448871523764,-0.183221940927842,-0.32086783346479,-0.94906374706338,-0.259800219845433,0.0943846643144514,0.379062751393092,-0.325974385244008
3100,0.730071810499204,-1.32111128574333,-0.227955429822106,0.625029481047065,-0.856481916411682,0.0656974489776932,-0.327312691428648,-0.239028221959885,0.955067995051929,0.346707053421949,0.102939195267302,-0.0662415160148201,1.69869822583377,-1.33581380756702,-1.20326466241513,-1.45067583452283,-0.982391760687474,-0.15869170522446,0.746717099097943,-1.37758461129314,-0.770925612341599,-0.136787978051417,-0.0469474456646582,0.403886433148193,-0.300371078060518
3200,0.669509336917443,-1.36151197397458,-0.291993581817233,0.489425037732646,-0.881400256273942,0.5903553491871,-0.196939828667553,-0.129927905902331,0.829361521437241,0.488313119343852,0.272928861147898,-0.020731098720412,1.6986035665496,-1.2751509209855,-1.35266599509998,-1.61973278587954,-1.10168228216249,0.28747695400693,0.691223781199468,-0.415954018095648,-1.09068569985188,0.0829160712450615,-0.114384074513484,0.429220531647261,0.0479596286786028
3300,0.488424061473452,-1.20897131266759,-0.346568203025469,0.558383342000043,-1.12599112894943,0.714724672072879,-0.0727835917856547,0.0248041372812319,-0.203540337342848,0.483111339079875,0.382796173454949,0.218105606376367,1.82272548191838,-1.19876965650259,-1.38969117288825,-1.75107021976988,-0.864723790048352,-0.267859041913114,0.27044992849593,-0.467412778160525,-1.112077177357,0.329084899419005,-0.0570409983006727,0.194071667047896,0.466811893080855
3400,0.232941171550506,-1.21275279735272,0.0129173859524079,0.669463211660713,-1.12390570986812,0.635895997428776,-0.0839072848639653,-0.179997580950344,-0.395294802017169,0.30141514060942,0.660314883120168,0.237146443976707,1.27160213293142,-0.930675186821775,-0.895009611431607,-1.12198638306922,-0.734578201518057,0.138708820926016,0.16853956340644,-0.377283592980465,-1.15585273707465,0.0434596797396314,0.0889481279239206,-0.0376519466594308,0.563092351758313
3500,0.291010631765356,-1.17242432824168,-0.0128411403016844,0.6592860395435,-1.18118826636804,0.532232546647657,0.127672188880913,0.0376540931911107,-1.53939347362283,0.0240029394661153,0.446983387459748,0.13425173967025,0.370274974588802,-0.537757602805365,-0.192520298631595,-1.77313309285545,-2.08728863524546,-0.404670961358818,-0.0317668166073575,-1.84261518260723,-1.23205591265559,-0.15437054787222,0.186739418713138,0.22936532452786,0.385724118111806
3600,0.0863943256084718,-1.19053138098486,0.152347024997153,0.702747063847011,-0.937652076146614,0.0769755133470246,0.248639422794617,0.0337752610794818,-2.03188752234569,0.0660859527356001,0.36964539762252,0.0603301862028883,0.169348383879167,-0.486705826913244,-0.34943297723557,-1.28866310595336,-0.962718708475872,-0.131357252813896,0.358072758403809,-1.57251524272594,-1.14476917815052,0.204694732663654,0.0933224310329409,0.200184665784432,0.285253088142602
3700,0.221040660178398,-1.08852107779398,0.280555395262891,0.767751989294482,-0.682941118794707,0.263509016563057,0.133435780032613,0.180476301160612,-1.92611565169702,-0.074236110783263,0.0824467845017195,0.197797274867351,0.693501139817138,-1.09551083648743,-0.46778939186815,-0.980113026243177,-1.09000156769409,-0.0324139783737489,0.142390271429572,-1.48177061485817,-0.916517693376075,0.20998349504941,-0.0139538996797543,0.184418750065084,0.437722495563621
3800,0.197071899574046,-0.875055538082869,0.118770180699565,0.485544460653502,-0.809891764511119,0.522933066481795,0.0371575337392902,-0.167484546647238,-0.833021873988989,-0.0409198684214014,-0.0195994179292626,0.232470822891932,0.364041244172573,-0.826934353940987,-0.786711046906574,-0.667139537763701,-0.699739658839999,-0.0582641193209804,0.0251846701417859,-0.819711209661536,-1.29617294210256,0.123666549684051,-0.0636852633012757,0.229232634093847,0.224965046607274
3900,0.0610833406611683,-0.606504897270737,-0.0632731891589195,0.38143772259126,-0.188906670166992,0.341013211085995,-0.307566840113805,-0.750460689900686,-0.142396295253094,0.185385953218439,0.0605510775927866,0.320678050649023,0.773265520120457,-0.252529040721213,-0.718668663608396,-1.76113413023874,-0.675330473373251,-0.264853837048116,0.247195419022426,-1.23330785029277,-0.906995917087619,-0.128623600228212,-0.0705640796316203,0.209896715846088,0.0704481698320061
4000,-0.152301560854901,-0.839610853397289,0.0294700062491177,0.0834448825850006,0.0377062462579233,0.531182931549969,-0.318061745229299,-0.24983501188009,0.350256141085126,0.273069136852776,0.0761654882761458,0.305093449155763,0.48224841243611,0.0197008910611445,-0.149341881344669,-3.25982131721381,-1.38395288010928,0.00267188344269021,0.685966921441233,-1.5475567703403,-0.955299476404954,-0.214371991146427,0.162954857395388,0.158524438769348,0.0257833453017347
4100,-0.0492579452977399,-0.76958135042488,0.143519850230274,0.181330236668573,-0.0806946975427728,-0.163028439126794,-0.21195764101965,-0.183774788904643,0.299743853644182,0.155678952228308,-0.156429611589934,0.541971978973562,0.405285109620343,-0.217918996728831,-0.311335822901496,-2.43931830164052,-0.251827851051344,0.213135061327209,0.582230828451978,-1.34981652162245,-0.752972539939659,-0.147988057047734,0.0832661777325771,0.0377800378038276,0.0778086491376009
4200,-0.380423302995492,-0.591427588175607,-0.108349015375216,0.316883382612734,0.0530945045920813,-0.211896301699061,0.0964874632244891,0.272499000926083,0.422131423454796,-0.027712113329784,-0.186067011052379,0.179680971122609,0.326094065645438,0.178365395488954,-0.536783163337371,-2.23712802122143,-0.0293376821482231,0.0476149772866748,-0.0427731688043441,-1.00793280655577,-1.07553478382492,0.436274445559865,0.0126540933708611,0.164337568965218,-0.00524171013055131
4300,-0.180818272932979,-0.423321713235203,-0.0367205150085296,0.300802238773608,0.159848482980263,-0.0685913986140271,0.343951282494038,0.274743335430741,1.30681015095481,-0.122859451350928,-0.189297780902807,0.312045127866372,0.178777648794838,0.184876531670259,-0.27464784939304,-1.94630869375187,0.150612168699483,-0.192716034337897,0.187586507083708,-0.756334259244855,-1.10501825534524,0.265267539741533,0.0591320205974456,-0.00226547628384008,0.186755292816432
4400,-0.301934912436863,-0.653157318047125,0.449727427190364,0.453877555803803,0.302695994616263,-0.274636466698639,0.206855689466934,0.448177891619532,1.30681015095481,-0.298188911178996,0.0114974049953284,-0.0306757640318844,0.348411108774203,0.166881020648025,-0.349772644265466,-1.76350326425827,0.606062248524044,-0.120601166580804,0.0721387816521016,-0.463013960450187,-0.966805571933746,0.150263306147607,0.038625529651161,0.0135585352972825,0.271461673627182
4500,-0.228052750424419,-0.59572198025201,-0.0525763141123553,0.320188483943671,0.0697294165786585,-0.249997659317559,0.289843999796858,0.241230143240796,0.93783996530609,0.0566109123260399,-0.201627355565625,0.224163015515926,0.341259547573041,-0.12895359985403,-0.910946454877676,-1.92657874574803,0.701684291803996,-0.315436402428158,0.879755825671436,0.0739177104897372,-0.568185709031518,0.104347461860797,-0.0992356125639458,0.160668107173241,0.294401068236649
4600,-0.385112307127291,-0.603027519882106,0.0818191760894885,0.320375010040618,0.159309998837229,0.0500701897206553,-0.0822892297213547,0.348025550188337,0.804723902397136,0.385287848014145,-0.214536177519657,0.278548143632149,0.199967369151308,-0.282353205802196,-0.716255090462246,-1.88041406525784,0.42156569757422,-0.169231390173537,0.46179259907805,-0.165309967799121,-0.762327568937946,-0.105045560153184,-0.0450341003636114,0.224997281672534,0.515073272503793
4700,-0.43069407701081,-0.173320361207194,-0.069226177613903,0.406077921732847,0.670998096676652,0.158948174777119,0.0358696691433742,0.18633909120105,0.783894223821754,0.295898212110711,-0.111354655183148,0.474847888400518,-0.276177205618033,0.094168577282802,0.0292713719260382,-1.8016397080118,-0.613548567463717,0.37445658179211,0.688646756700727,-0.402117316952777,-0.489196186683298,-0.180908902293298,0.00965762292645653,-0.0157226231401079,0.184833842972415
4800,-0.419056636486337,-0.238192998100705,-0.0816047890635387,0.281485564572412,0.82805016047251,0.195377930477988,-0.186810956683969,0.364374625543106,1.10305700539686,0.229275251209941,0.0531223447975177,0.395986837711937,-0.614168155622397,0.268367298302817,0.11729202792746,-1.86045598310238,-0.359863601045426,0.201412694044423,0.637770551311582,-0.0117033347175575,0.122845944689673,0.0573478875945333,0.0286879154796264,0.0449863268728664,-0.0063952489354346
4900,-0.648078520083303,0.0448037098951668,0.257958323761624,0.168952803213531,0.761865586163653,0.0427516657424742,0.0742639884154288,-0.00888472382305892,0.722355796527681,-0.270034269902414,-0.0998881045080818,0.321228672617688,-0.691750686915156,0.512228244895407,-0.00103133884470497,-2.15375788993895,-0.0371233153739543,0.521912515298222,0.510855987878592,0.668934799944033,0.330077655745131,0.143163141542274,-0.133938972698679,0.0639728609587426,-0.143083109603354
5000,-0.455549150451446,-0.0741376131238423,0.529871081501938,0.0187891237492616,1.00664807196396,0.470448352449884,0.0138538747669273,0.172965462683924,1.19764584807064,-0.540628969006883,-0.238632508351319,0.426342466681494,-0.481982551732783,0.650240865393539,0.0708954389586386,-1.58954419558716,0.0516376232036111,0.057787260419207,0.123524438675895,0.945812503512096,-0.037692625324028,0.212052386034892,-0.281332433864749,0.045988570862371,0.0794530233505412
5100,-0.348725499190821,-0.0393232245069226,0.488377461146158,0.197661672858643,1.11861003809989,0.832272129134715,-0.166696540578535,-0.0372957645816177,1.92489940369121,-0.344312967829311,-0.340414706322024,0.389818418363934,-1.1727266769314,0.529244524121753,0.426253126304136,-1.75218606995086,0.10329211290331,0.0361390359984363,-0.303349580551897,1.28101119642208,0.00954896677167369,-0.412477987844599,-0.414441550285523,-0.0462877628003498,-0.560273406627834
5200,-0.139699585660006,0.337570839944027,0.657731101449515,0.170587298439479,0.728287225096992,0.559301588863735,-0.227621948442365,0.42491496939715,1.94272117809954,-0.376830182910191,-0.118473849909072,0.56706619540544,-0.869316441951405,0.719551306746983,0.329492794497043,-1.61567439384725,0.281804952327767,-0.000152440457981563,-0.144371477723043,1.10977037495269,0.426124664492133,-0.371277203173467,-0.374400695481212,0.0558804562417861,-0.461949131559647
5300,-0.199719856864179,0.416271437203594,0.414868382274533,0.313874087954737,0.666176439526521,0.0637258759910534,-0.0775665220224401,0.393245970069957,1.95263045911799,-0.222859080448707,0.0596909437998233,0.633189629090335,-0.800899834774957,0.19919310118022,0.223206891952716,-2.25394990699612,0.580580432985647,0.209369041628707,0.236147918539227,0.886787287158858,0.635242055176494,-0.205512284686716,-0.194544071388273,0.113460842809349,-0.653775748856482
5400,-0.351104310466354,0.459785010175305,0.826026335455361,0.0716782900544096,0.844741092140561,0.228239612416681,-0.11465155591716,0.0872884484859176,2.79495062375057,-0.42687653999196,-0.059798829278378,0.378464191337755,-0.515359109033537,0.0191579195902503,0.137633578184344,-1.89873783493485,0.747710616659852,-0.101161705927941,0.53202178537794,0.675752642880599,0.984111734184898,-0.00914540421087613,-0.27620271261601,0.0646532057696259,-0.790710781573714
5500,-0.645823624081979,0.471245164066521,0.867483375107355,-0.119851638159947,0.57165823527971,-0.131189185791656,0.021045532499054,0.0451197808336032,3.62343874151111,-0.752694778457713,-0.235384757212542,0.143396370084572,-0.605312771662764,0.0826900763058156,0.720146516025463,-1.52499244571902,0.832816337729706,0.154003473177573,0.572652892061431,0.132994973981455,0.937902994668912,-0.100918222461398,0.0526189198279132,-0.00664983072045141,-0.320818899321545
5600,-0.794747045834428,0.800381526531567,1.01528271949453,-0.0924408396441933,-0.634768325526843,-0.422783519020192,0.19467697492532,0.27907359166876,2.71061306932926,-0.274991063517155,-0.281517542410431,0.436868569552454,-0.236961719317675,-0.102796576826856,0.879467613027628,-1.09295726305418,1.86504316198947,-0.076251222396257,-0.143405887992517,0.310981164887617,0.789321585952645,-0.0884517093563126,0.0413406757703994,-0.0435195092296464,-0.273154848425945
5700,-0.528003546641047,0.765852725109821,0.489195602728883,-0.224827705249532,-1.07262458582173,0.0116955346330805,0.148069820920483,1.02253659020385,1.78113155069088,-0.2208505611994,-0.140121865374224,0.296787008053606,-0.660353373670789,-0.230804266529939,0.708374498164866,-0.745473660817627,1.05270644080765,0.128234049929675,0.975147730515884,0.435100934321953,1.25490739304011,0.533199583560337,0.215641241844676,-0.0731161874030298,0.061215557170999
5800,-0.253317650992167,0.984951684183537,0.414801944027374,-0.259228725969738,-0.131879913846436,0.00473216479339539,-0.135640471395146,0.719479760880525,2.0023967412805,-0.396959376457338,0.239750242828471,0.00467258063300559,-0.946444172808208,0.322360444482179,0.945506575311042,-0.235530593638588,0.433566306453848,0.352590943976379,0.809449746375139,0.604884507837456,0.576985731243497,0.433411476405647,0.348856115467878,-0.283238756659248,0.0789112226045744
5900,0.0606340468734059,0.876075449408361,0.784011764101036,-0.503447278052094,0.939852430494848,-0.616884669454817,-0.156372206095766,0.592451159683509,2.28090634151088,-0.87211137394091,0.0985009686920464,0.104219793623194,-0.932983096669495,0.368083374735172,1.32416342463999,-0.0412264189484461,0.386615885731339,0.370679717889131,0.329242231646453,0.465595508692365,0.60275606174784,0.424220079604074,-0.0654102079809052,-0.372118837463679,-0.180109704896795
6000,-0.302771630795222,1.17063336234268,0.768562567422106,-0.628433158450718,0.545307349553607,-0.807428615979133,-0.154824898814684,0.468429496157442,3.95853099734562,-0.425051382967253,-0.0222010424769482,-0.0100534063538703,-1.16804424653377,0.398076330101118,1.28413362036128,-0.499795317602712,0.313037696318362,0.256287889172359,-0.143896634267019,0.503991635355669,0.596214970572053,0.749183238455581,0.245742964598669,-0.54438904756056,-0.533277196590554
6100,-0.00967881177677755,1.26516439780803,0.475809547405539,-0.56366053595965,0.83180986855715,-0.674817566762894,0.0752344247636059,0.54191921851306,2.27847606979414,-0.470178606192984,-0.00948041324129535,-0.202041086768637,-1.13514091677504,-0.413777444800906,0.401274981211873,-0.367310753945233,0.56589678431917,0.514076052181713,-0.163117105594719,0.849444566368763,0.556420393347077,0.807337699058162,0.0255817533513617,-0.39698597224697,-0.487032758075683
6200,-0.399409441787142,1.14119925693087,0.148852805633974,-0.384490181272425,0.923158010505877,-0.0619178880747346,0.21549878494828,-0.0545863936281734,1.54787233279186,-0.881355922796124,0.272685196691559,-0.107488740470193,-1.68246920716364,-0.709667270906414,0.392876869415515,-0.528816872944015,1.51624246309684,0.676742161877951,-0.0458574236943127,0.941780575667158,0.897170212397503,0.947893133324745,-0.166559192862636,-0.479943175018821,-0.63419287065968
6300,-0.439912358277232,1.35378502918662,0.75044157247349,-0.479212168871163,0.845746682751993,-0.0629504863533005,0.0299490559141702,0.641411594362509,1.54787233279186,-0.21372135329926,0.174400098140252,-0.0543256705772592,-2.22522945929714,-1.17399182871005,1.21950572642894,-0.80922944964631,1.14942946584122,0.66956099272195,-0.268533209182017,0.985793347202001,1.51531223968933,1.46515768889819,-0.055718304912792,-0.358626892073394,-0.461484203281795
6400,-0.118961891090762,1.60248550946065,0.504330413017729,-0.634392678366461,0.45126789336344,-0.180639168526618,-0.206434689886104,0.353215007727478,3.65073235860011,-0.619348392993094,0.0666868769608353,0.367954854440238,-2.213192011468,-0.894727651165174,1.86487531623266,-0.709841573397346,0.824387460873323,0.518743994886491,-0.427757100905554,1.02860678739007,1.46744114647333,1.52431754762865,0.0339550561387574,-0.363517169027692,-0.455546971062967
6500,-0.400042171008833,1.4364667984913,0.472534270795907,-0.84127419124832,0.237636297354847,-0.0520804245912638,0.00737868588462199,0.268850631357771,3.65073235860011,-1.67149290531852,0.375433819246098,0.325031174394537,-2.11567881623187,-0.475911852656051,2.11123713792704,-0.799708688748164,1.4195533448217,0.303358981969443,-0.166308907431295,0.927089329244407,1.28846162159534,1.14837125354042,-0.219521883188175,-0.394323333167946,-0.149593488339769
6600,-0.26733803692661,1.30373763832428,0.236196443907434,-1.02765951988899,0.252151968895887,0.213064556792099,-0.109224663481851,0.0533857019473465,3.65073235860011,-1.30983014550532,0.501392886715021,0.037408097391408,-2.45338505770854,-0.176110141259581,1.81129038114668,-0.893540209889869,1.0095155101079,0.844428246928305,-0.204985539117243,0.491610964178012,1.54066163194851,1.2065970296515,-0.213523154783694,-0.207633364640314,-0.415920021366352
6700,-0.521672427579262,1.51163068441953,-0.0379057312949676,-1.03475014631629,-0.0799329863981612,0.368731625304137,-0.0543435835192237,-0.208860857286497,3.65073235860011,-1.40705006115531,0.503232101811749,-0.437811848260513,-2.61021218633838,-0.110073516124886,2.05286887765781,0.0613239911864268,1.22818693782888,0.652011357332373,-0.777810883002721,0.180240868838936,1.34204370230018,1.25718570375043,-0.171557845585553,-0.123271305501927,-0.384657120923709
6800,-0.643950098280014,1.43630195410092,-0.735900808688788,-1.09011404220399,-0.602057319788946,0.206044783897351,0.121514797450574,-0.273752115982565,2.14745433388979,-1.68508615109137,0.411274718487746,-0.204911254951044,-2.1873141384412,0.101125776094332,1.69821337802252,0.393168000322956,1.55505716751374,0.878722599642482,-0.606209198411979,0.675047217062515,1.44802789948246,1.48847790053525,0.0210737747940188,-0.311243459518398,0.469690360592146
6900,-0.505461462363685,1.3967839047618,-0.531005585283806,-1.20931307988139,-0.493654834573681,-0.111795422508014,0.0999209204393354,0.237551531450472,1.98361644274936,-1.49322188317957,0.246918531475911,-0.308649239465743,-2.32019934374614,0.501102685024224,1.48854798269621,0.443949757429974,1.2203682430471,0.956378220511132,-0.460685842031595,0.793614236336201,1.76575428343311,1.61904637490385,-0.11237236453634,-0.177786062368982,0.509102582677097
7000,-0.491236329192736,1.49617284852894,-0.230607432392949,-1.1827254218806,-0.37344136109221,0.392057217521917,0.13770133517051,-0.13883274593729,1.98361644274936,-1.50789118229091,0.410532635128852,-0.646202440838041,-1.84920803481581,0.574279837739179,1.06081237942271,0.335906273255123,1.69493769971289,0.501947466073615,0.0950031791870194,0.603119102012118,2.30057682807143,1.36549786320861,-0.140169946883516,-0.276407508623934,1.00579806387322
7100,-0.203254001612353,1.68498000763954,-0.11149411463614,-1.18611235276383,-0.445421654898723,0.213790982409731,0.344904927951853,-0.048741038679976,1.98361644274936,-1.21335618523879,0.476389626663418,-0.678178618373606,-1.67196436032864,0.63604835057579,0.982641056682669,0.422692300670229,2.7139047994119,0.959240949759066,0.198762443668225,0.775670985819348,2.36512968991212,1.27529742346058,-0.135656973679723,-0.359334013443973,0.940124902256715
7200,-0.90934545629823,2.07170093948199,-0.302354651758722,-1.36121288194267,-0.675081971648118,0.134384157058649,0.342975750225568,0.186074171697189,1.98361644274936,-2.11703015308753,0.263646299311065,-0.889833445954841,-2.36456616172829,0.432228159210965,0.840578471585225,0.728396061740448,2.98633112322183,0.472745660697162,-0.149606680288092,0.7665830092359,1.99222752672591,1.6577359801136,-0.526171087384056,-0.473530313327455,1.08352673542676
7300,-0.964282874975383,1.52065451088044,0.394740159930906,-1.46140017220634,-0.628930447230581,0.403785952096244,0.358556210950097,0.312346331750201,2.32408449700783,-3.31129882838565,0.428512448303081,-0.287956450404814,-1.97117370799017,-0.00703913159163344,1.22565770120318,0.775564282096215,3.42011978021256,0.223684600347262,0.311022767500668,0.757069499158525,2.22296610991951,1.42282796838943,-0.215895823811574,-0.455098866253899,1.00486285856084
7400,-0.853667014431797,1.88634426888305,0.50704727558005,-1.5693803458475,-0.181433240147461,-0.13854122733331,0.412533210752567,-0.0981228408657512,2.4619771936111,-3.70549666952312,0.287501375402694,-0.380366236396979,-1.75376921246323,-0.0729825463920981,1.58976447160694,0.225539727931474,2.44971543613741,0.639674229512117,-0.0693063871011526,1.14155607061819,1.73242795111406,1.30059400268848,0.00590079553242412,-0.391703097632467,-0.0466432573907346
7500,-0.898702319182697,1.80092557952971,0.704449429088341,-1.64859549000825,-0.152868883936011,0.131082820900459,0.23577158269342,0.0418866228217195,2.4619771936111,-2.49918688639111,0.119448223981705,-0.149046160751921,-2.42577973511804,-0.160535354292524,1.52364130269235,1.13094443273004,1.90806849375434,0.698763532709582,-0.325706079334692,1.11169690173922,2.30528494348029,1.26533743144154,0.534486236588191,-0.233613327653733,-0.264170294295832
7600,-0.466807037038054,1.87252860079776,0.314153671151655,-1.61602284048019,-0.21920295983178,-0.64307699328691,0.130412296384721,-0.41011549868232,2.4619771936111,-1.63467951119247,0.147528974972805,-0.566047829317252,-2.76102312578062,-0.00478899451979588,1.72048502529445,1.13784089777142,1.56710860933395,0.755719748503894,-0.0357188574672813,1.06446810267546,2.18822896038824,1.53021327081967,0.546446375214413,-0.257643704944401,-0.440522116355503
7700,-0.295779862847634,1.56832917770824,-0.184352002312096,-1.70249296669815,-0.116949464818694,-0.0160200154336282,0.421737492258856,-0.261208317725181,2.4619771936111,-1.62078224829418,0.0345848816110608,-0.514471564775001,-2.626701629143,0.329318277327624,1.52493774839924,1.39175158683096,0.929838548780747,-0.143934918602889,-0.2385344730786,0.771578026165076,1.80673533173557,1.47963751397569,0.261338967430756,-0.432087270349135,-1.19665999590794
7800,-0.418825329846762,1.62116816325802,-0.194457039782357,-1.7968136204532,-0.126000472723416,-0.102944850762372,0.628710756416297,-0.16524913350663,2.4619771936111,-1.97387022131302,-0.141800332369459,-0.652177868347293,-2.62553455218239,0.679586466116681,0.340043524861387,1.266499079936,1.00719387427545,-0.355533359485688,-0.31857990991024,0.623761225827421,1.49534684596971,1.31524804204958,0.25060180675786,-0.382436216624987,-0.515185170678429
7900,-0.236920369638124,1.70917471548058,0.0446420582948018,-1.50684736634138,-0.348241651635311,-1.06277678107139,0.500868995204546,-0.0479542494122428,2.4619771936111,-0.0800313110085656,0.388957171068415,-1.2206265497708,-2.34374640107382,0.693915387114588,0.158075647473933,0.853145218813155,0.963692213886157,-0.233534507309199,-0.749734328926822,0.682568669499422,1.8833900707299,0.5255833433193,0.447995453096885,-0.307229933515302,-0.861383976270591
8000,0.167889457992145,1.76265621264484,0.79723010793372,-1.57929848751563,-0.538633748013176,-1.27246517586756,0.351707082431536,0.331794162577758,2.4619771936111,1.11355527135964,0.528926814522633,-0.828005430574632,-2.03519229169806,1.32650199535523,-0.170484446111717,1.28709083471594,1.04617903362533,-0.942813519882026,-0.372305243093969,0.756878430333218,1.98186996300149,0.482795080500919,0.326119305854991,-0.346616397490244,-1.33369541999285
8100,0.400299269544329,1.0553533803887,0.342808067922317,-1.75735390049973,-0.702653870240721,-2.2557466738053,0.590878238792982,0.474174527995254,2.4619771936111,-1.06211705923138,0.433511167704848,-0.113546758843129,-2.3644234681495,1.76535686439748,-0.0962961222232506,0.838790701616587,0.484204978736966,-0.82173799698172,-0.573187094880424,0.539458424073505,2.13508482012533,0.542370284942819,0.418803320749517,-0.293496217417349,-1.95323011335518
8200,0.633882079443317,1.05383481630786,0.00539915290560277,-1.90206493921305,-0.773886294836307,-2.15389893984014,0.265240154391108,0.152654496928766,2.4619771936111,-1.56806218927162,0.434291457649762,0.221486786511957,-2.97027955579169,1.60921817444942,0.0778261189994287,0.639313505692374,-1.3430329787438,-1.32832033236888,-1.35249797662644,0.914805054721988,2.11751484663368,0.583201779266561,0.41249449872604,-0.250076502049444,-1.73315180422524
8300,0.582890056026191,1.20369631107762,0.229869818913975,-1.79319685562761,-0.932846912373852,-1.53506686109705,0.386771366583479,-0.166829708500847,2.4619771936111,-1.3406754899243,-0.334209097989977,0.182358586283778,-2.9802732421451,1.34126799777053,-0.0200637586664413,0.915281402985015,-0.305875331467021,0.315377695352889,-2.13160120734031,0.942235448669345,2.41186756395203,0.904897712939597,0.475732879119535,-0.355510902657776,-2.12542618558755
8400,0.303197319329728,1.5488984006551,0.383037574504058,-1.76581248363809,-1.05764430211961,-1.80065560678411,0.0524131083992545,-0.278888602619176,2.4619771936111,-1.07891142780087,0.0439626220066778,0.952238862483298,-3.28800840698345,1.32039486172678,-0.0908612201971429,1.44003441950322,1.30046128294053,-0.242534724475931,-2.41869901297616,1.12870968181262,2.51196659591831,1.5493957965449,0.942223193903135,-0.437724029460079,-2.23832083673924
8500,-0.584209145639968,1.59017843126016,-0.833286537222079,-1.76776695153166,-1.02705971185873,-1.94508369293358,-0.160974156247613,-0.437652013398626,2.4619771936111,-0.81362920983698,0.113089668195322,2.10666244876203,-3.28703371979764,1.20487945038261,-0.535788201361197,1.07825975499243,0.551593123042968,0.102265670225872,-2.07562109101387,1.19204995719922,2.32006840585697,1.11649941665412,1.42125890622388,-0.560871961795563,-2.25146497089315
8600,-2.75742767035721,1.23042389733485,-0.981533972123074,-1.85022174519097,-0.72868096081706,-2.26802611225913,-0.482138832407589,-0.281149472770709,2.4619771936111,-0.699002114158228,0.272197292629157,1.81455352944415,-3.25167157362835,1.25550383274137,-0.63711666607612,0.816830201729758,-0.168519122969657,-0.124927503029659,-2.39512894752977,0.896506510518318,2.44210922591191,1.09507016535953,1.61566916893269,-0.130079418625935,-1.02337470682573
8700,-2.57991417050867,1.3416076931426,-0.818084941535884,-2.23939859631633,-0.629803985987931,-2.05717223303669,-0.0545931056116844,0.0696415747819123,2.4619771936111,-0.66987949335368,0.17778163329192,1.81072401006626,-3.27926954475546,1.29377933779221,-0.0552867877757606,0.59143310491174,0.0365201534559578,-0.402484130670397,-2.63825686722001,0.623268194930975,2.27518747678316,0.735798031340429,1.3900251939482,-0.567819212553369,-0.934414711155734
8800,-1.72589237960478,1.51689618225945,-0.875870730785364,-2.33280729718597,-0.614552934445954,-1.89223656970299,-0.076976443981638,0.165276395992495,3.43385284993333,-0.85540463137814,0.458701578741253,1.67000440863233,-2.91249541782195,1.47992799452611,-0.366324577043447,0.699450272419593,-1.21105218080817,-0.00384353749256412,-2.86773469910308,0.120156767764396,2.48092032751189,0.782650715111919,1.734497015361,-0.572832850762338,-0.366001704538253
8900,-1.87990455694511,1.41230818675599,-0.0790112698563393,-2.45661276567938,-0.674207960907074,-1.98677348484347,-0.175946258513911,0.247866219531089,3.68474788680955,-0.521543612253061,0.735051089296622,2.27767937335033,-3.47930214497469,1.29140238451243,-0.228110499492013,0.668840916190949,-3.97515072240544,0.27191945675157,-2.81755857789212,0.5665068905871,2.2745846100413,0.616438053563466,2.1679780906321,-0.559611029382739,-0.145564529003657
9000,-1.75603589637991,1.54923489908885,0.149521921329697,-2.33802680984775,-0.664810081736417,-2.65674654651665,-0.0852662652230793,0.0188030250940241,3.68474788680955,-0.228242565591097,0.388173953951501,2.52881516719752,-3.31381457399533,1.24224666828868,0.425779903636956,0.353005198951892,-1.89431716256268,0.0237556267535589,-2.69162322054806,0.829914368224822,2.59048888535585,0.649565106728874,1.99908157224045,-0.522619708029456,-1.88480797564711
9100,-1.19064455642968,1.27173587651454,0.101052888401644,-2.1373925826673,-0.804670121254798,-2.77611791394144,-0.136231031277714,-0.100529935289388,3.68474788680955,-0.665024653564189,-0.161072769031562,2.53485820317747,-3.55577586531612,1.06115046314773,-0.167158355806742,0.40489624717432,-0.88529540281033,0.528670135883605,-3.23422610109751,0.641069576556656,3.40812663523465,0.27970113623035,1.9224710568529,-0.577115728632794,-1.9029247856674
9200,-0.77979130861962,1.26257460426426,-0.378914292165952,-2.21933142568035,-0.752071084622882,-3.21347973145882,-0.2833697511734,-0.22697601442008,3.68474788680955,-0.713409180900277,-0.357805379393358,5.7373317700259,-3.45036727463158,0.967614331679401,-0.107670143561122,-0.202922945640368,-1.39656548512798,0.720517157352764,-2.69581266639371,0.528779664835225,3.57754900582373,0.660572606062324,2.30823322934596,-0.69853850209315,-1.57584500378286
9300,-0.457702290176559,1.13426803265745,-0.850145197256055,-2.3317282307703,-0.483578192124707,-2.73183140127122,-0.148329574264777,-0.632097261924251,3.68474788680955,-0.178261339209061,0.820119767165217,4.74575421856027,-3.85275802494196,0.648593991351425,0.182254921313491,0.348605984851493,-1.04840312685356,2.74814310861973,-3.13078571542316,0.0801831569250746,3.40732483929376,0.460436425423247,2.45015501965423,-0.92030672478795,-1.60299395160059
9400,-0.0864723564731185,1.01362216290893,-0.95464050753802,-2.71494320026757,-0.475583806405615,-3.0467085399696,-0.198157147703962,-0.396277343408302,2.07842979897312,-0.449198583577618,1.29188736727876,3.77419593773228,-4.02304977865215,0.977983983318987,0.41481826991839,0.531876371844273,-0.89681482702695,1.68304212342332,-2.77209632934498,0.481308136139015,2.95766669579033,-0.374805212471774,2.47098313145034,-0.890295708184027,-1.6845561383668
9500,-1.07755270000273,0.901893733519515,-0.844514165345656,-2.82159011778307,-0.596469064862325,-3.82521889278119,-0.159864814828063,-0.662393425631405,1.89635509599404,-0.220564500416917,1.46695056424973,3.98839921665031,-3.94302629746333,1.33372870380068,0.231829819138649,0.591746384906402,-1.9756592597786,1.37875962929998,-3.1259249759554,0.494909331553585,3.07304335035744,0.452876671109543,2.17885714841502,-0.861753746267549,-2.14140097623382
9600,-1.10365582632218,1.08526590669152,-0.839178054819962,-2.73379224015714,-1.35354262550527,-3.78573523336939,0.178047021090198,-0.455809418179022,1.89635509599404,-0.426791944115363,1.12205109056307,4.06094334032943,-3.90152185119868,0.280309062017405,-0.0235540534222599,0.821325254537517,-0.781341688430641,0.226335269078855,-3.55330526848342,-0.0201555521257652,3.00622292655725,0.379807084749764,2.36750567184203,-0.868518075487132,-2.40822407315587
9700,-0.314144179565216,1.18058452250736,-0.686230100507842,-2.6522874108396,-0.597488969106871,-4.00971020291479,0.488200474678517,-0.337583691043514,3.20428671237107,-0.489602972251708,1.05860425511844,3.65192144555928,-4.07508924115359,0.256610153308537,-0.0902597074399416,-0.609045741877435,-0.464011055778647,-0.267597246866105,-3.54110361902935,0.268733154297245,3.69966117002988,-0.0136601759675397,2.18622848740932,-1.33374595889916,-2.35468916958263
9800,-0.639618376789911,1.26123010522119,-0.751643416214569,-2.96089100948091,-0.0628182314962675,-4.20313923774339,0.470397604243198,0.05860229107861,3.54059052668932,-0.955309565471367,1.68237667212016,3.813534446086,-3.75055425088343,-0.0789612062632766,-0.0805287291485206,0.281973747381441,0.480620578951552,-0.716123919641156,-3.61723123600176,-0.0673492221467922,5.07442046536617,-0.500235315026049,2.11235678062832,-1.18383085164047,-2.38831762612015
9900,-0.938093173335909,0.914639941116648,-0.398129552095636,-2.86772907155472,-0.829063768240847,-4.40519873893944,0.590772026588237,-0.65908264173614,2.61527549471765,-0.958321340910494,2.03214636970452,3.70648956548237,-3.59636007960798,-0.253386024774904,-0.0710085539983277,-0.322551995816023,-0.440043510051948,-0.668003520051337,-4.08892820208789,-0.0906244002444413,4.57566248179093,-0.132179691828392,1.81641025825858,-0.88832540496407,-2.55087463740174
10000,-0.730620769466562,0.708606943664562,-0.41981478897241,-2.72197769727612,-0.253628572142797,-4.65038537113183,0.425928312457766,-0.754127806147088,1.9932164233413,-0.530253443723141,5.10175657307239,5.04790993532742,-3.54619287676679,0.00583995516210211,-0.293505032078389,-0.714549605952856,-1.52550505573297,-0.795411566623567,-3.91247513822743,0.283307934775408,3.61201202708185,0.0309993389016275,1.54828693091738,-0.636578277497723,-2.32071012262577
10100,-0.445070472439075,0.546564564050721,-0.844615691188653,-2.75629156803081,-0.678362891771548,-5.27124824302831,0.584572884361138,-0.83378443589362,2.09757919264205,-0.706098559926742,9.53495302348469,6.48490797016315,-3.84555694961888,0.196845919760457,-0.315429212632682,-0.833338307936301,-1.5697586155111,-0.665541688480369,-3.78874886148356,0.225377287801306,1.87435176454731,-0.3196027231807,1.55084631287345,-0.934333138284137,-2.67553831857536
10200,0.30625692717721,0.522759066332861,-0.470948481463766,-3.02201544561437,-0.739801219370423,-5.41692907496779,0.474439686317611,-0.685559193090163,2.22112326997066,-1.14402739416028,12.8940208036038,6.47121012602934,-3.54989863271979,0.288865887160811,-0.323643586918241,-0.580101118151316,-1.3129356351475,-0.811804437464762,-3.81986536159005,0.171346263981097,1.32485441482772,0.454926129717067,1.61007489455809,-1.13945538184324,-3.13417198016247
10300,1.15202983330705,0.280571073060721,-0.377299571272565,-3.10652816168044,-1.25274030601171,-5.59252366858259,0.378651030824883,-0.877050381585196,2.23469273728791,-1.77347802203236,10.7711077796395,7.46314636140811,-3.639086566174,0.0548530361710915,-0.915717063715086,0.0516989333699717,-1.40291967551736,-1.00586730267409,-3.50687651083076,0.097763580129753,1.86307440591903,-0.317653731329435,1.30405694451571,-1.01174873876027,-2.9639200991839
10400,-0.82902232723911,0.206186482641971,-1.53256422172087,-3.32817859076183,-1.05354685856314,-6.76546243511326,-0.0917051979707409,-0.508397230943004,1.80720795248843,-1.25163678329994,8.25502290971145,6.9863339996692,-4.16351034234478,0.47776450864559,0.25770092833476,-1.56120016002743,-1.61003054524457,-0.979844420134044,-4.35173183807831,-1.68248723502155,1.25665011068862,-1.38173913371359,1.34316480708023,-0.470048722562565,-2.44847367323255
10500,-3.78128056698431,-0.0431081283675332,-2.12947097766952,-3.00056383175105,-1.04943124715052,-6.32664521495099,0.0325436051068649,0.288342542244585,1.51592603714952,-1.27154413955672,4.70756673698386,7.31739746737632,-3.80912102819602,1.21161131237187,0.0346033116148934,-2.44073976722427,-1.55489984655802,-0.306788337183265,-4.95975005118442,-1.8688071937866,0.89884388483098,-0.783676173369013,0.892946273717981,-0.437036700999626,-2.67148667866058
10600,-2.16544535326959,0.147961778703383,-1.96926813197674,-3.44291841632753,-1.23383666684489,-7.22201729460062,-0.363875755377558,-0.545051483839006,1.51592603714952,-0.889977884474465,2.73689425245974,7.41640127636905,-3.71773158130466,0.774098502355162,-0.163900027572847,-2.76917685444437,-1.7605565187147,-0.235258797702225,-4.63375698387506,-1.33791932817472,1.7172033471246,-1.08406577321422,0.960051320437285,-0.45809956293157,-2.603201712141
10700,0.227166064240057,0.210386501055495,-2.13486852801679,-3.39355346883085,-1.15857722480302,-7.29087104818401,-0.546939634517297,-0.297379536453703,1.02213137074573,0.341350195455666,3.21539172129899,8.53394745966912,-2.97401199610626,0.376872064608276,-0.590310919912548,-2.65807851682852,-1.65169281819918,0.241043776189467,-5.24179463118787,0.555574070992592,1.60974608384863,-1.29308949986555,0.680093434403929,-1.13951443178885,-2.67865882522844
10800,-0.601490039231191,-0.55135212091115,-2.16369555437344,-3.84620874640677,-1.03839040624474,-7.83122050889608,-0.50891624743898,0.176092815277945,0.556386435630947,0.341350195455666,3.16567928486821,8.74725216297248,-2.1544936184924,0.697270584662364,-0.862270725817384,-2.7253189812437,-1.66486671879865,0.201503825356433,-5.96861672304887,-0.228906457805651,1.96031270116006,-1.03298547515476,0.241181122013702,-1.32352813417309,-2.58068302896004
10900,-2.19271268221019,-0.498199878403682,-2.17994894046287,-4.80230217354269,-1.20956210984888,-11.4055954634083,0.0269502797572215,-0.225029298631796,0.556386435630947,1.98567852432867,1.80414872963809,8.92164727804348,-1.06170872035724,1.16642597722256,-0.0427975061550437,-2.81972258228635,-0.33853785792299,-0.758502963272774,-5.84602209869838,0.121697629705146,2.03875758824546,-0.991430597565635,0.837722212738506,-1.19799672426198,-2.12639374214651
11000,-4.06572580652676,-0.504153009759663,-2.10266467835764,-4.72395498792373,-1.22561060306568,-11.8288102991639,0.192820636417852,-0.279506424274943,-0.831274865797019,NA,4.09043541796774,9.46414412330423,-1.72915516083623,1.90540903380235,-0.312227449085995,-2.29054646265052,-0.771443333749611,NA,-6.00091780561273,0.302731138101972,2.58003583874874,-1.03659340629282,1.23518383453162,-0.199400926201593,-2.48172720450485
11100,NA,-0.541004644679558,0.67738511774034,NA,-0.32109741864673,-11.5956177227996,-0.0519485011860288,-0.626002013478215,-3.50763056205855,NA,1.54889747942268,9.68451312899055,-0.730446006245046,1.12402715158382,-0.858226704448881,-1.9476201938268,-1.0166159980832,NA,-6.25846593505306,0.346419021639074,2.20713360488795,-0.163981505231803,1.69232010494995,0.0937873357980794,-1.98468483455145
11200,NA,-0.62844314155172,0.913646396606428,NA,NA,-12.2633138607348,-0.361750652564293,-0.287170366858923,-3.50763056205855,NA,1.84252661256938,9.61835836972185,-2.93174276180264,2.38611286214666,-0.906066106038417,-3.06119397980518,-0.852668962470053,NA,-5.79730541326922,0.560407245654742,1.52643105195871,-1.56918150901361,1.89264066512433,-0.984847474541686,-2.03117775799989
11300,NA,-0.874334791849407,1.57556647326553,NA,NA,-13.4753868614274,-0.351832406270906,-0.168422933065059,-1.7904011391481,NA,1.3673549956204,9.120188026083,-2.77605805804703,1.52411941936733,-0.864950183586048,-4.51780201075549,-0.117764197680004,NA,-5.76063584786212,0.970550310127285,1.64837358881875,-0.530041668358482,2.10971115597194,-1.15017369269293,-1.84199908902797
11400,NA,-1.60295884133548,-0.457593629971871,NA,NA,-13.26040459469,-0.847294938290788,0.0814404574430105,-1.62515877864455,NA,1.76745533356694,12.1606658447354,-2.63565107163315,1.59087087765275,-0.62551622386398,-4.92629898209137,-0.140373880638552,NA,-5.99147090652415,1.11075861219688,1.50807503967981,-0.227739149133779,1.81252916688331,-1.5768840998967,-2.16552208986145
11500,NA,-1.58785442418389,-0.502740940019179,NA,NA,-12.1994901965529,-0.797208810131856,0.364355813212179,-2.21556556784498,NA,1.85219534381452,14.1348470162007,-2.91436340914147,1.35444658352926,-0.888921058935918,-4.94571123558835,0.300673796483896,NA,-5.99299492241825,0.660928417496971,1.44324463162294,-0.0173714366037282,0.75939041716067,-1.45105296357983,-5.19172485885483
11600,NA,-3.23387823972829,-0.800174210680371,NA,NA,-15.7500828988138,-0.507993637224343,0.0827305786834294,-2.97971802595292,NA,-1.16952011686343,15.1644074512944,-2.83667003325235,0.86119745108766,-1.64922287982785,-6.11509713107123,0.317948754670251,NA,-6.05476675207134,-0.671004318341838,0.783366076062644,0.301290074767997,1.70592244694813,-1.36390183691551,-5.2897774655613
11700,NA,-3.31804580444713,NA,NA,NA,-20.2259107618508,-0.727632440014354,0.752975784823457,-3.31867925663608,NA,-1.54950125007804,14.6292640698252,-2.22934736440441,0.260791581127956,-1.40970272007443,-6.66265516640686,NA,NA,-5.777770729248,-0.871482775705685,0.694749842168926,-0.575311693868608,0.829252859997641,-2.06700103733262,-5.37649275815575
11800,NA,-4.18190633943248,NA,NA,NA,-20.5366095793613,-0.948229460696824,0.553008869793074,-3.28865827059004,NA,-1.72579141571966,13.2243928922413,-2.71385618856959,1.33448984544902,-1.42670507635521,-7.45544642936408,NA,NA,-5.68510929784859,-2.80242486571756,-0.440113679683363,-2.85416191619173,1.06845210754864,-1.83060543478135,-5.47047771959388
11900,NA,-4.40556790793817,NA,NA,NA,-20.1734678011551,-1.18263884367625,0.512424648268785,-3.17105724804,NA,-1.78106610151077,13.4423270727917,-2.98568651103486,0.729099514602279,-1.74024966152944,-7.80618582912869,NA,NA,-5.90784555582653,-2.23248120621852,-0.631416207694151,-1.86807776213351,1.54234269030703,-3.49300866127884,-9.58910662099359
12000,NA,-3.68022288313397,NA,NA,NA,-20.7755992065801,-1.25835622166146,0.530512694174377,-3.05345622548996,NA,4.51552908603661,15.1721444012694,-2.83097975634794,0.323532922946213,-1.88023832451421,-7.58257682529673,NA,NA,-5.56418947911933,-2.18315266977215,-1.23155070480327,-2.71070031638547,1.67508655315047,-3.03162537990298,-9.7331416111423
