"time","ARO","CAF","CAR","CNA","EAS","ENA","EPO","ESAF","GIC","MED","NAO","NCA","NEAF","NEN","NES","NEU","NSA","NWN","NWS","NZ","RAR","RFE","SAS","SAU","SCA","SEA","SEAF","SOO","SWS","WCE","WNA","WSAF"
0,-0.255539328863866,-0.00907671103603644,0.750100661524572,0.13507979771097,-1.18093199137143,0.144721037861534,NA,-0.530601237498006,-0.257524236185403,-0.335659568564456,-0.00431320320858876,0.161556749706047,-0.0489800459523534,-0.82159951292617,NA,-0.512143369248077,NA,-0.50156311280769,NA,-0.84368174799371,-0.934727533861923,-0.249644447977157,-0.243467822778217,0.553764935592875,NA,0.156670855381224,-1.23532303839712,-1.87176475344198,-1.10523140180485,-0.952953428936367,-0.307462090727951,0.446806470579448
100,-0.0598669165409321,-0.746922613704154,0.823151252089173,-0.590542729914329,-1.19523043111845,-0.0823274305001325,NA,-0.344925069869793,-0.794003279929531,-0.693719910500681,-0.814311775873446,1.47021477240387,-0.488155243466661,-0.526096047179948,NA,-0.430624045398652,NA,-0.448730725316037,0.588938090148418,-0.84368174799371,-1.00383675838069,-0.647384447977156,-0.0959570981257344,0.387764935592875,NA,-0.0541644769426232,-1.17389402826214,-1.97252665820388,-0.446560894686901,-1.21252956017754,-0.145892737132309,0.379090491680463
200,0.238211074517038,-0.792660202460854,0.958477137936073,-0.374759396580995,-0.65804588466277,-0.268751595113522,NA,-0.27861707437536,-0.686004518591766,-0.789681303831948,-1.00793333972661,1.96145785076387,-0.217988368715696,-0.426353576781576,0.14804104401502,-0.405935130533116,NA,-0.407835010622207,-0.121314909278627,-1.3090447555934,-0.676152426123455,-0.914823006226798,-0.145706997857989,0.287664935592874,NA,0.215961925637125,-0.980560694928804,-1.8303414730187,-0.480126939643277,-1.01020230688188,0.0793244400941769,-0.0978730444577855
300,0.390711991092029,0.0296617771425028,0.958477137936073,-0.270934396580995,-0.561135434648327,-0.390084885265572,NA,-0.188584728919684,-0.6056826510405,-0.746687632244514,-1.0308036003688,0.803826357510535,-0.199546543198828,-0.566879604245551,0.195737099777622,-0.402990851159647,-0.369879516316503,-0.471141555149489,-0.102859242054144,-1.36075175643781,-0.19336781073884,-0.733977172893465,-0.154507408741561,0.404764935592875,NA,-0.151659529097203,-0.890560694928804,-1.31765999153722,-0.300416731482261,-0.775915666769967,0.171718672307894,-0.354990745763783
400,0.525708489346998,-0.923966637655708,0.481610187366549,-0.252442729914329,-0.67697937988555,-0.257452851817931,1.46266924083708,-0.304391851208731,-0.736488120063042,-0.46626704239986,-0.81247920477559,0.781316994200536,-0.526469383338968,-0.204495190052894,0.282392667213497,-0.456092333262463,-0.649051579524425,-0.597063138206818,0.170331570287314,-1.33159281494849,-0.226428494499523,-1.31167967289347,-0.169246784690079,-0.260235064407125,NA,-0.0773323208109032,-0.305560694928805,-1.23162665820388,-0.19364292665099,-0.663826316435818,0.0122158309387436,0.134194771686773
500,0.625424956106898,-1.0742051209877,0.347995341006973,-0.276498396955386,-0.611657468924599,-0.407499020999905,1.46266924083708,-0.247877981175092,-0.50481483677525,-0.125111694194955,-0.725100554500994,1.03546045619387,-0.744466571060274,-0.295931995145689,-0.142461115063241,-0.415512760031302,-0.421353391245688,-0.734812107903788,-0.132269171131067,-1.28785440271451,-0.430475503046532,-0.862389055721326,-0.222012517988766,-0.668435064407126,0.0165413203679682,-0.132437939951191,-0.835560694928804,-1.04561554709277,-0.0695795939891353,-0.784217296604434,-0.229983193104153,0.0834232844129156
600,0.0933457082004692,-0.95614339892115,0.269293996839476,-0.593379743049548,-0.373303903165535,-0.388935525915208,1.46266924083708,-0.129198937305504,-0.580441841217011,-0.192904160265886,-0.382834131480792,0.799042956046161,-0.936059180090273,-0.377206018905351,-0.130677591064529,-0.420110780089858,0.398587753270578,-0.726852592752272,-0.215550340293045,-0.463175024120832,-0.700476272277301,-0.529771133037488,-0.432720851706897,-0.518485064407125,0.0165413203679682,-0.0849443296621947,-0.575560694928803,0.140740008462784,-0.190289549652733,-0.805652251325901,-0.360955967740648,0.0893475062481154
700,0.239800672025385,-1.00304776641908,0.372589288510963,-0.833626830921847,-0.411324114556341,-0.442145149867554,1.37062717284176,0.302197189229702,-0.530458230287835,-0.159147715085287,-0.491904775317139,0.943385603816161,-0.864698903034512,-0.362084588187277,-0.089889457546873,-0.424023186819668,0.294745541977929,-0.578565713964394,-0.281178016382442,-0.0729721413648617,-0.593136186807215,-0.440384990481972,-0.301418973415412,-0.723085843442106,-0.364492893455839,-0.106811437931882,-0.100560694928803,-0.536393324870548,-0.0920683957960247,-0.959401397990412,-0.275292414243622,0.0840845093774753
800,-0.413072406643269,-0.927961727774384,0.557700658476472,-0.91102150363161,-0.545523460044439,-0.494158881292207,0.554335904088773,0.312247511222751,-0.223405548641388,-0.0404898630361805,-0.734376278630048,1.26550902344616,-0.748019244073856,-0.302763162352136,0.0418403458605192,-0.343981959688603,0.0920664324259296,-0.498743169310704,-0.450431505464571,-0.243558372860773,-0.383252426123455,-0.604978784210543,-0.441384086071873,-0.529443046610668,-0.564982893455839,0.0996475041311576,-0.299105764760753,-0.788693324870549,-0.181036040213417,-0.91462523545769,-0.113944886689913,-0.0375240540599614
900,-0.0829566012819296,-1.05732470897501,0.229674327362388,-0.712845240915386,-0.544328989807012,-0.378149471674538,0.538459462769528,-0.203974710999471,-0.111067428315043,-0.169734825967716,-0.601135142539486,1.41980871079016,-0.831555623923836,-0.129493362082099,-0.0678646138670103,-0.342870295674705,-0.189842699355734,-0.114956875193057,-0.195404818562254,-0.750365109909331,-0.584621656892685,-0.707297898930543,-0.75200655643791,-0.396524705111481,-0.564982893455839,0.0118864451673713,0.0931889546765088,-0.549759991537215,-0.203933441741041,-0.738141484310274,0.053362145912089,-0.187750488703424
1000,-0.551024306573294,-1.11017124848345,0.207350058298713,-0.486364653247998,-0.320236381025536,-0.335843571324073,0.501414433024622,-0.218147335715015,-0.198792048505779,-0.156218688606677,-0.541816224455403,1.08132113872816,-0.952630270830259,-0.218820627039364,-0.0710901570461508,-0.184876883118184,-0.138456888839517,-0.00483649786900206,-0.257022726111052,-0.781686388221941,-0.609119092790121,-0.469708634430542,-0.458768325648199,-0.396524705111481,-0.654667893455839,0.0767858169296581,0.0778750739800163,-0.367169309222616,-0.0180827230642866,-0.709235327907048,-0.0554040530629091,-0.263290992449442
1100,0.0601181859457826,-1.08569357998525,0.174502381947337,-0.400898351294897,-0.171237235785396,-0.182736681479555,0.469469548660307,-0.304591780159459,-0.51868314494484,0.0807912943105959,-0.428052112634968,1.50816698141216,-0.918790031202487,-0.274820114218851,-0.0424870735840229,-0.257079115805321,0.0312799440879853,-0.0953216438932203,-0.102504137078593,-0.784519888221941,-0.732829349200378,-0.0878257107365505,0.0242161082580219,-0.676794212766521,-1.46183289345584,0.105561170497386,-0.191846426185834,-0.471794309222617,-0.166028522077649,-0.711897288503697,-0.0118269355116384,-0.0709335401165573
1200,0.503809723921768,-1.03015858973095,0.553179333508473,-0.480480974486084,-0.197928976169212,-0.244650726924264,0.229910350227618,-0.24687533661748,-0.258396942592878,0.178858209857907,-0.414713247201768,2.38445913579416,-1.08479226500596,-0.0300782104093213,-0.000391139691703207,-0.261238277429749,0.0905247717861134,-0.211978373728694,-0.33519370013049,-0.608577630480421,-0.636498579969609,0.0200847517899981,0.0844351358936162,-0.706050845337124,-1.46183289345584,0.0107960681258812,-0.186995719222599,-0.377003871515077,-0.152196817659394,-0.700224700492113,-0.0448358342854019,0.128040785145057
1300,-0.331713933155182,-0.888175104864873,0.520179333508472,-0.627526142884568,-0.175434450149541,-0.26533269057517,0.229910350227618,-0.336954492969042,-0.415515295534022,-0.13878734067418,-0.441078724980266,1.28664075768416,-0.775713972517683,-0.0348850992500073,0.153244194613271,-0.278531496094455,0.374157778693903,-0.204225333215546,-0.0024355135038095,-0.357491258115009,-0.393244733815762,-0.302070532192215,0.229203963682043,-0.198308581790632,-1.39611789345584,-0.089608145493496,0.40729796326477,0.0653583929094364,-0.0658282322552565,-0.869750699971715,-0.15189403385881,0.134430663296202
1400,-0.779969123009499,-0.846709262516729,0.284914537937152,-0.533472571455996,-0.141867738741562,-0.173103393085379,0.246601888447825,-0.373696250580941,-0.837537195210298,-0.396225763508792,-0.524148340538959,-0.307540531999838,-0.724751472517683,-0.171678517894697,-0.0843808117463761,-0.257214811524766,0.615260218116083,-0.0505944881880559,0.294698680092082,-0.321402258115008,-0.250804783015193,-0.365568033745131,0.0988446370582076,-0.202820280606272,-1.24278289345584,-0.0794437800756943,0.006805984651932,-0.611371477164729,-0.131163175074915,-0.959016062074368,-0.370067864270151,0.187968802965935
1500,-0.558083293476928,-0.0457721497875589,-0.419315721758994,-0.420206107845202,-0.363507658858935,-0.188006926274872,-0.129260203365009,-0.374508715660498,-0.444728598791137,-0.421587808911264,-0.434913017131056,0.606755217884161,-0.479265127565813,-0.223680969313588,-0.168562224373645,-0.188518004559007,0.723855735906799,0.00155091110079802,0.199575703983738,-0.405995370493625,-0.28483704150807,-0.39939819541418,-0.0923773817526782,-0.680025569947032,-1.24278289345584,-0.221271046435116,-0.083606878146963,-0.607732940391188,-0.294119430816537,-0.979249641194964,-0.38851884520903,0.175000237313097
1600,-0.0501427527968708,-0.15814875995066,-0.319762610057594,-0.323493215662979,-0.332971456227235,-0.164969047146028,-0.126107806186651,-0.361288035494771,-0.378949296729109,-0.311619411527358,-0.714924814961317,0.14922761651016,-0.375376290158883,-0.0768131644355395,-0.177881154905035,-0.180393358879048,0.562096734921428,-0.0128695968382382,0.0954476180998807,-0.457048203826958,-0.508483195354224,-0.0735244020167391,-0.0450416696632426,-0.676168427089889,-0.80824846103259,-0.293860077435993,-0.288924934634341,-0.487849687919589,0.106906809396432,-0.851607710137982,-0.113578355397507,-0.0219788634958496
1700,-0.200041386700508,-0.127556805005838,-0.179396403065533,-0.281893215662979,-0.279388869976201,-0.20941230049303,0.14440006641189,-0.508853416038172,-0.600319732249456,-0.514558023197928,-0.839227564646593,0.0904021353221606,-0.352879434347313,0.0674396310189352,-0.171033882745717,-0.168565490016461,0.371449110260743,-0.113596577294558,0.0273296106365394,-0.344767223485841,-0.585529349200378,-0.279902860959306,0.113771515550815,-0.364809950638292,-0.518558839417091,-0.165458674870815,-0.234339959167618,-0.196442953327262,0.189967297773272,-0.858943044056322,-0.299941464354927,-0.0176674454789619
1800,-0.120138005800118,-0.412639835355786,-0.204535100024533,-0.176703929948693,-0.317626048293725,-0.198311208124054,0.14440006641189,-0.597344397401546,-0.297798032161085,-0.399151947280429,-0.685253324928739,-0.142933634093839,-0.319024270786984,-0.0465820835057184,0.16729864362093,-0.127208101286905,0.245533573261582,0.00206637041998688,0.147998630557714,-0.306080733749125,-0.459298579969609,-0.0421570615111225,0.0652155443459501,-0.0795389347885371,-0.518558839417091,-0.172253887554034,-0.235317839922662,-0.396629705170965,0.117225027657763,-0.816771957596924,-0.343822600465817,-0.0266885494141332
1900,-0.21023547978914,-0.357170789251228,0.179683282968704,-0.259792226621975,-0.305398530598467,-0.286654288720748,0.101029520302267,-0.438775620494581,-0.402015474916925,-0.226075757373294,-0.619292153456075,-0.0271435901258396,-0.122774270786984,-0.268363664286838,0.209415897561787,-0.0748403871157035,0.333198153108129,0.222037979301419,0.181517651685167,-0.748819808122731,-0.470644733815762,-0.0868331857990712,-0.234701971533411,-0.114302221816801,-0.518558839417091,-0.191388601155292,-0.213116901667795,-0.301265045204939,0.0338532492651564,-0.777351930683661,-0.381607957684391,-0.148850173915847
2000,0.153880679163607,-0.368981475247668,0.212899371596103,-0.49280651233626,-0.252412098235035,-0.206474385554447,0.120400991107252,-0.50546639062429,-0.393801325386374,-0.169192388334545,-0.640967362421334,0.17491290230016,-0.0247524908488458,-0.307134300857306,0.186959765102455,-0.0678939729410604,0.335567575767827,0.139983551792829,0.00241376663757624,-0.728049474789398,-0.51133704150807,-0.343959887565007,0.128088063212494,-0.47906066145286,0.367991160582911,-0.10920221618569,-0.330822428404218,-0.298916303211323,-0.029640371201277,-0.860251130804706,-0.419208520749029,-0.160924128119275
2100,-0.423068841769523,-0.10126190851041,0.190789638472745,-0.44387794090769,-0.0861079580698557,-0.229591486588971,0.244290217832061,-0.608094420678751,-0.19251849004323,-0.00409673421123353,-0.669823182604581,0.62485863751816,-0.294232719796279,-0.50506745561921,0.144208585554123,-0.018744681487997,-0.363738931417215,0.274852552156358,-0.165736704411692,-0.55618707795452,-0.489198579969609,-0.17989429507941,-0.40488522894232,-0.591591202051146,0.367991160582911,-0.0491831527457128,-0.00743808567857204,-0.253983025051707,-0.188368067097287,-0.7315867897644,-0.28831019528431,0.00779537370427098
2200,-0.631364310596039,-0.266399603411087,0.124528595033826,-0.0744830508081266,-0.163149288295172,-0.152759459481677,0.393290232300568,-0.411431273383389,-0.291679801725548,-0.111522864969243,-0.389659963743026,0.333892411124366,-0.428124014181659,-0.358428364016113,0.167804584575531,-0.18652348652442,0.0926047787558412,0.132530349448036,-0.0958238691929694,-0.416779208914266,-0.395686272277301,-0.485403945999817,-0.172517894861345,-0.617295265772145,0.436254364117396,-0.115980982906042,-0.0686901195234863,-0.338823769460328,-0.188283395928497,-0.624620446123687,-0.105195129202874,0.0517150296942507
2300,-0.487711900959654,-0.105227644615484,0.100836427692966,0.235679696434293,-0.192863590841942,-0.0701111950597491,0.403885114189089,-0.180409591180122,-0.00719277372316806,-0.131095812462373,-0.459122073694949,0.0425060109799212,-0.427851455877009,-0.345731875071279,0.11062469464869,-0.169926091286866,0.144487690836971,0.15999860109459,-0.0304455756955253,-0.465075861594822,-0.290675503046532,-0.432542680688854,0.189852753475076,-0.600852408629288,0.327527441844782,-0.107851547129285,0.0792469862051777,-0.521000554852547,-0.149958342837491,-0.46813135091504,0.131314565332781,0.0296242866628179
2400,-0.440803656481337,-0.160541256030536,0.165018923818192,0.118208267862864,-0.234487910873023,-0.0724025455709899,0.389332017461488,-0.211025723503597,-0.0957557454498983,-0.12603211630112,-0.673914845905459,1.35176628781825,-0.455951455877009,-0.345502170921346,0.114994069166211,-0.142568801674091,0.361907280325872,0.0073553756680962,0.0742458299597394,-0.582689119469559,-0.232852426123455,-0.388975452429835,-0.0217751703221323,-0.462479386994144,0.327527441844782,-0.114068847890646,-0.238974434686783,-0.539983872613804,0.0420098571665528,-0.793403104412796,0.415032578588053,-0.0258350064146723
2500,-0.431104364979917,-0.285966210195583,0.287020151089326,0.0262225535771501,-0.0538370405279892,-0.0938686943721599,0.365112546270789,-0.211262372725066,0.0074789268283671,-0.0157480889076572,-0.490979705452855,1.25730703597696,-0.230161535948715,-0.14138822034406,0.516892044411542,-0.169301575938937,0.361907280325872,0.122327405171495,-0.0328820949526474,-0.614648464698766,-0.305921656892685,-0.0317842685612439,-0.348684531860947,-0.301692772160046,0.168757461826048,-0.0455378784918288,-0.407374613601774,-0.443491693558307,0.206160465204098,-0.774915712792402,0.27266154934228,-0.18414400657683
2600,-0.449207084167606,-0.0855726899702122,0.125606192857595,0.12680280513999,0.0094805383302316,-0.0677502381573234,0.318630272694714,-0.317646963531986,-0.227609021278796,0.143956411108615,-0.418232930000702,1.20573784619326,-0.40756136787357,0.0283576517622122,0.312241993001217,-0.290746354348776,0.0749566080119044,0.112244591667981,-0.231690511169147,-0.530791273662147,-0.47993704150807,-0.570951877748931,-0.492672370444046,-0.405749915017188,0.00998748180731588,0.0740433670089145,-0.369481508674709,-0.3684021013679,0.237518823006919,-0.570315213944216,0.0510157993442168,-0.402334512271764
2700,-0.530384024822807,-0.358519217010708,-0.118077334208399,0.127499233711418,-0.0886372163552591,-0.0617211410081096,0.205951191455816,-0.34881713272978,-0.107819981303653,0.243165072254745,-0.420910520281622,1.52909721966325,-0.534386041301985,0.0154001577863087,0.381966899711098,-0.223677602418119,0.0991314294897939,0.105914082049041,-0.237849280237955,-0.443162462145497,-0.416284050055079,-0.597731147313549,-0.41011175467525,-0.456962901692737,0.00998748180731588,0.00925230731677681,-0.531830501046857,-0.148465377830632,0.157012574156255,-0.527126512551812,-0.0938719354150956,-0.352422874050149
2800,-0.477654807914369,-0.329594529641542,-0.22176528894223,0.0160992337114179,-0.0952771081912368,-0.0613075810418468,0.217587592116152,0.0435766830182939,-0.26985775385535,0.137425790351842,-0.349426029059661,0.770290014393255,-0.441460279301621,-0.242558591012639,0.223786747638941,-0.202224567890627,0.113402625496357,0.0122564627280972,-0.206677875673401,-0.403308994218173,-0.26476781073884,-0.356992251388914,-0.203269802769973,-0.491396667420345,0.00998748180731588,0.0494710103615497,-0.63785794002156,-0.481170279278986,0.259071858075925,-0.606607927812925,-0.223551924121642,-0.374254531875836
2900,-0.196568073726105,-0.147629013478237,-0.154500813273822,-0.0431130832387787,-0.194031734356965,-0.0596904085309252,0.264663525839643,0.0807929924345791,-0.174183837465823,-0.142098859219218,-0.315514182458231,0.542135711808017,-0.41448527930162,-0.239770630385138,-0.13166586365287,-0.14739242386549,0.114351907206068,0.0811760806919089,-0.102852416392224,-0.309725327551506,-0.288513116348527,-0.096444475547783,-0.106035818905033,-0.497553810277488,0.763410219896569,0.13546653335357,-0.500276948798684,-0.569435194177658,0.380167894940372,-0.556932286903989,-0.264597663174863,-0.189097340360437
3000,-0.283419607408662,-0.240853069393133,-0.175043347276194,0.000434657842042598,-0.182027037296239,-0.0480736294559771,0.22093051352497,0.132929607926533,-0.265519596259627,-0.126376107478057,-0.193176262346912,0.147339601586587,0.0488329298134046,-0.166675451742721,-0.157706845036586,-0.101325019693517,0.118149034044915,0.166346598794941,-0.553186221385652,-0.203916062247599,-0.115438116348527,0.00851267077068473,0.167576036562119,-0.42693461157358,0.951765904418882,0.152873486120969,-0.476042329095614,-0.542410194177658,0.181501868896298,-0.480085343296114,-0.280234687469638,-0.149840046604459
3100,-0.46299988006413,-0.435317675819079,0.0576626551892064,0.0506228481316905,-0.319881271243445,-0.028097020546754,0.137992680083176,0.136052156752755,-0.21646165581846,0.212198812722221,-0.0991985947991712,1.08257845868398,0.227570990155617,0.0385956484031382,-0.183327820480459,-0.220771674545555,0.295867896275417,0.2188677884155,-0.403688313212564,-0.193549041323063,-0.215841374820522,0.202214577448542,-0.0100256827263742,-0.393462075491032,0.65738048184808,0.0635053246059843,-0.633454654305046,-0.426921769349036,0.137353725490615,-0.383969039063616,-0.141903341881105,-0.085489076743713
3200,-0.544026175895814,-0.478491024761425,0.257050216115437,-0.0518721605456577,-0.419237773940302,-0.0421112295513729,0.126433803436652,0.0884932426655444,-0.119027337325302,0.108215437410639,-0.106063567242949,0.787120655169922,0.0608064519680972,0.123024309373898,-0.107236485734717,-0.215527562289879,0.526440796959642,-0.0263929959372939,-0.455247271734415,-0.264313778239805,-0.110750465729612,-0.221229573419981,-0.157365137339398,-0.352062075491032,0.248877666111364,-0.0249802000916219,-0.587080008954137,-0.0946410050849044,0.189486271405283,-0.337336519950032,-0.106429829826799,-0.223635067008612
3300,-0.386915669037931,-0.266204612316096,0.379194916622778,-0.0264100253027888,-0.282898199791778,-0.0369162544479565,0.237492854025494,0.062101806824256,0.12849172237064,-0.114511920211409,-0.236884240574319,0.268443732846588,0.126822890783682,-0.00539818058594091,0.0382586300954825,-0.220812097217572,0.46103616826462,-0.0308902677228061,-0.632396249198914,-0.220087832252511,0.0110285503181397,-0.42636571400968,-0.211034789002639,-0.334319218348175,0.223074049574914,-0.20847879723248,-0.334460201098504,0.194541649596553,0.163248990839971,-0.36565962113198,0.115668392315437,0.0711927487848175
3400,-0.28818654563862,-0.12810372056417,0.547871551085678,-0.0229385967313604,-0.2278952501108,-0.0642360189336557,0.303494244363593,0.0530607439409108,-0.032842098811137,-0.156968524737018,-0.175013778663682,0.0806841961299217,0.182619749180459,-0.0808446236793638,0.0595138729130548,-0.156806227507231,0.0528628101932049,0.151601536098555,-0.412890272394088,-0.207371823521031,-0.154090887661916,-0.243465458443214,-0.296520479407333,-0.302979846478703,0.4642620647626,-0.0954806157336244,-0.0292076805271945,0.138588170799038,-0.0203794301700691,-0.228168470302647,-0.0995799972699879,0.0644803479881536
3500,-0.103926296835315,0.0382424797870263,0.37598309413937,0.0136721175543541,-0.243309818375178,-0.0942699657866491,0.375989483131731,0.00351237608393987,-0.141517042854124,-0.191857789747219,-0.338435048795028,-0.344693093396745,0.0770323647067392,-0.124820729788904,0.0790177498321524,-0.194236894246385,0.0615598750753717,0.329840048593371,-0.329682660158948,-0.265867398249919,-0.259713964584993,-0.301111684298191,-0.44554726971414,-0.293894132192989,0.713402503637069,-0.0862916643248151,-0.390994347351396,0.474300332715893,0.0540802783794049,-0.0606696073328492,-0.135610046316096,-0.0402129074300727
3600,-0.158676152229988,0.21315495507742,0.347117245561066,0.0400724791774159,-0.329789603962527,-0.0329819545801208,0.407082257954356,0.0113832476242943,-0.025443546951561,-0.201048218045573,-0.253311807505403,0.27847258410018,0.125059429708329,-0.0618175155031895,0.16607925200548,-0.135046129811268,0.0297985219794431,0.0898101315199946,-0.380030110463188,-0.298934755325284,0.0822778027191545,-0.651938199577793,-0.23286038704936,-0.321580809975778,0.713402503637069,-0.0482552172150907,-0.0427651512633513,0.257090847059666,0.106080620589586,-0.0429592126599055,-0.179956017001639,0.123823293805687
3700,-0.199831773414247,-0.0967619510203962,0.418173596159594,-0.00719750290176414,-0.407404533685126,0.0885308368445311,0.397486090224684,-0.0631581853843411,0.0406695624376471,-0.201278860218826,-0.138952435372196,0.0465127629021795,0.131400857111024,-0.0047198964555705,0.2664214216645,-0.160089839716559,-0.0537896160279213,0.177544402843515,-0.34286773745061,-0.245375463014371,0.271477802719155,-0.365035599872982,0.00872246052818171,-0.30998145230716,0.710858656732581,0.118624833627784,-0.148279398048494,0.0951345496285824,0.0114161021283748,0.165191167617386,-0.256111789877832,0.299338192083825
3800,-0.315643514011124,-0.00243198262818474,0.357859032942845,0.0660560685268073,-0.381217794083896,0.00999741244715311,0.361933663153096,-0.0934756266026059,-0.0134035480285014,-0.0224119066422592,-0.0632196162763148,0.65090668473218,0.0594000380624295,-0.0638417203970913,0.185408086713112,-0.105556845229878,-0.0535250730019281,0.241774948282207,-0.430686701760649,-0.0768736192993164,0.223602802719155,-0.379274722260055,0.0238030502157323,-0.450201191163336,0.62051566355614,0.0600438520241215,-0.291620877752049,-0.032699371040701,-0.0733003339586905,0.203687381979475,-0.219575333440442,0.185657129641075
3900,-0.255900796706483,-0.169256752620562,0.501170155745128,0.0209489256696644,-0.177544673495277,0.0515926694480558,0.437754660778816,-0.073545373501889,-0.119583780063364,0.055326632305807,-0.212997774192891,0.697532606562179,-0.298213157767104,0.033605039225994,0.0462755839980483,0.0565043849938028,-0.0669393587162135,0.031136747354877,-0.311730557858745,0.0388157256052125,0.113186136052488,-0.223600939889292,-0.2463921815053,-0.464760671081289,0.578304673003325,0.0721045624037104,-0.0441307704515115,0.000199686446706878,0.0512727066574737,0.184562716148319,-0.16255064449552,0.1502290728649
4000,-0.268935451440436,0.326112935193826,0.704381206610119,-0.080597502901764,-0.134889186583705,-0.144851281636117,0.394567806003177,-0.206010699197676,0.00783248255782685,-0.0932517391577584,-0.0678173923078094,0.877302606562179,-0.330803075030337,0.143961442001261,0.27771545920122,0.032745613256462,-0.164207016633734,-0.0730635977002082,-0.305756081389916,0.0962526345379744,0.0803400956541438,-0.33772395972085,-0.298787992986959,-0.405577718146995,0.406813113613819,0.138613239145135,-0.0495363731691173,-0.217351104133785,-0.143734140509084,-0.0598555664024702,-0.107121170490412,0.215849201856086
4100,-0.199078982511241,0.212404955419357,0.734319010956187,-0.155033950514521,-0.147788776598885,-0.0969273036838804,0.476525509071435,-0.0253854439579976,-0.000644714740614529,-0.107031928051325,0.107779960282927,0.524054665184179,-0.396082064329803,0.0192860203145138,0.278165447149974,0.0876716972895415,-0.1745177087833,-0.0971852753091489,-0.248826994675753,-6.79991083527273e-05,0.0182946411086891,0.587995876253922,-0.166101722896179,-0.0570311417383593,-0.118023261948132,-0.00464994209098903,-0.051778966545994,-0.0972354657398036,-0.0854419217152572,0.0683474550662822,-0.125234516304153,0.240476742779154
4200,-0.17455343770909,0.278717786025206,0.355619370717416,0.229744918621187,-0.166638943881697,-0.101176468789615,0.532747175410951,-0.0186615846680061,0.0607711085543739,-0.335935791522109,-0.108924727466443,-0.00866332113782124,-0.082118021905594,0.0238824058566825,-0.0841030595647293,0.130000942898087,-0.218505807208936,-0.231359727320331,-0.209727953956,0.0662076351318848,-0.144232631618584,0.573453016872321,-0.148939807792658,0.0280688582616406,-0.120234465849667,0.048048803043794,-0.257391750142473,-0.187634179949567,-0.137771374266666,0.0874120042789091,-0.258275183744038,0.0390874600447599
4300,-0.155652652876249,0.411479882500377,0.381135595514861,0.448379089926266,-0.325672880484,-0.0589593141690347,0.522557854804385,-0.161677374912798,0.231576671479602,-0.500523975299465,0.0660762053041356,-1.03006137759469,-0.10994378003599,0.202542646820538,-0.00368408455393772,0.138315305476738,0.0676626318996065,0.245530124869177,-0.148776180592283,0.102043402417648,-0.210960813436766,-0.46282474495449,-0.41873176618208,0.0353940394039103,-0.0636738723920602,-0.00517052524862648,-0.212908856876904,-0.0179620040882511,-0.180002410240224,0.106947052133169,-0.318160199140854,-0.00439681348754834
4400,-0.396358771068113,-0.0415469313300957,0.611151308074078,0.45152524377242,-0.288901921220187,0.0742584100061891,0.378733843709418,-0.158465875384631,-0.0698175225094501,-0.561702805129823,-0.0491398085213566,-0.661155501919689,0.262074671532,0.359811212826795,0.250006145411094,0.0635745818312677,0.113753949560971,0.37351965821528,-0.109136489507543,0.109384098047952,-0.372459904345857,-0.273916665183837,-0.526735626428091,0.209396588379411,0.11473612760794,0.00306718979182518,-0.0304418391066686,0.194764456569437,-0.312911741502304,0.18224022764588,-0.234769664794468,0.205793607341499
4500,-0.131367142823305,-0.139039707410349,0.283944390331903,0.179266917696033,-0.250653433101955,0.121710685014488,0.342939954733626,-0.138977913126755,0.0940785650871694,-0.29442249540144,-0.131618806194374,-1.38517831578969,0.360872700445722,0.267846411720177,0.176882849808666,0.197859116914298,0.113753949560971,0.248543057941861,-0.354938696350453,0.0343412980703284,-0.164228086164038,-0.352744089973688,-0.270523845073487,0.498382302665125,0.229479459249184,-0.0587672608673666,-0.160428169039199,-0.254234129277391,-0.269418891767024,0.174105089744547,-0.09778093227975,0.115767129096459
4600,0.0167206942079025,-0.21031473233864,-0.176788345592034,0.102962437773493,-0.361018529211065,0.174800825521715,0.139917545249907,0.0696922906684774,0.209668757986745,0.121556169544119,0.11195289833052,-1.13706253049969,0.337438594285423,0.366791464224331,0.0803263896594385,0.300405500202971,0.219503008865745,0.203514296874847,-0.309896084389328,0.0377349706942262,0.0368673683814164,0.0027789281206058,-0.397928906402376,0.516045434830229,0.419810449487768,-0.0727262740420778,-0.218615902694122,-0.107697025976457,-0.270612624467841,0.126584905431113,-0.0442682792524235,0.244826966933488
4700,-0.273265642709123,0.501671507275753,-0.0725090600911136,0.0373421747095222,-0.358591056293003,0.202532811214775,0.186632392347289,0.165174069801215,0.210047045460201,-0.11614694923746,-0.0525465354579565,-1.67783086343469,0.101045014074716,0.312922654613399,0.0670668442248942,0.280845396516719,0.171124359137956,0.39878575822389,-0.397862128427164,0.0513357036167249,0.0440182774723254,-0.0255340605496333,-0.238636607289296,0.252568022688107,0.388336028150007,-0.101105932398682,-0.193937856005503,-0.14713927076959,-0.236385784419233,0.21436459918251,-0.105813200291051,-0.00218739242197495
4800,-0.134936386252,-0.152271423454165,0.0972909818099461,0.171904674709522,-0.14117169493898,0.0328668346765843,0.151504089677079,0.137851484275711,0.152634652434826,-0.271823244897234,-0.0917488192250202,-0.928930074474688,-0.0469732304918605,0.233243362958509,-0.0861349942082351,0.253889707530506,0.189689514462,0.346908962552121,-0.650522087490094,-0.106838776871737,0.0344673683814164,-0.471604534608735,0.0346302534110168,0.239986179464125,0.312835892937869,0.0218354610084637,-0.23538883652117,-0.119038518135768,0.0804945443583654,0.281454170250862,-0.287250385140147,-0.0612118027749246
4900,-0.146776902003661,-0.433917645691744,0.0811235864788112,0.142716973894283,0.105361847950304,-0.0558741111066995,0.106772647003167,0.203229871875561,-0.174601875787025,-0.407233707157197,0.0568980055227119,-0.807230291742493,0.312678650877559,0.0525623503002808,-0.0460256138532199,0.250691972127494,0.148530060195329,-0.0358053005807076,-0.499777413747336,-0.179730171391409,-0.023759904345856,-0.248634778874062,0.00345472847797971,0.294015019524212,0.312835892937869,0.0619337489814905,-0.301119541261438,-0.243516514497471,0.191608130987924,0.472499294984646,-0.0877759610106698,-0.0820286955343371
5000,-0.0536641373204113,-0.288335319239226,0.175457612934734,0.275596109957875,0.0376968606740777,-0.0753406476357016,0.0297118504166104,0.234417390174786,-0.0934690628001119,-0.174975627793155,-0.00958418038254242,-1.57285566069969,0.0941947899908075,0.137609565490154,-0.0794886199310464,0.189555262862682,0.0541760083667567,-0.0962327482652759,-0.215947181991138,-0.132625498803691,0.120594641108689,-0.0591993583048808,0.113406495009376,0.394688865779283,-0.0271772576435343,0.1463867312952,-0.144263172517376,-0.0944141265700286,0.335360755851845,0.513437703768524,-0.228675494380718,0.189701258258038
5100,0.208396654529994,0.760969753090801,-0.0490103383370946,-0.142986857238837,-0.201067555930814,0.0867471930606339,-0.168488110631011,0.209789541051478,0.0124625536362354,-0.237308887603265,0.0116401534482018,-1.12132895476382,0.106794222626517,0.050696796335562,-0.126647983708512,0.300550152578001,-0.342811900494637,0.0166732456218286,0.0165683769007126,0.0479676065177806,0.192385550199598,-0.200915048193302,0.160306887833091,0.335047990209521,-0.258766200537075,0.0688936600047428,-0.103018757052157,0.192796455193073,0.257174520884817,0.496106561285651,-0.118923060961061,0.247911277095465
5200,0.27382890862061,0.120381309236033,-0.0942979079708939,0.283338400966357,-0.180026633623547,0.027316019154931,0.0119504948035264,0.0333905111303288,0.139082177891077,-0.136454775716787,0.0833889368867895,-1.24511824641782,-0.0271864666880874,-0.139500639561874,-0.146265005015382,0.366252238109505,-0.30286517003156,0.36705947194163,-0.514369218553914,0.159986752140409,0.151621913835962,-0.0606691334751362,0.195330620403663,0.183526787332812,-0.0650117528328025,0.0308077718288316,-0.0520313846518367,0.190669243320277,0.268536468265116,0.540113836688349,-0.0875228770580928,0.099462694860425
5300,0.288035513257063,-0.323231295839783,0.253592328392586,0.403302686680643,-0.20353028010764,0.0558341702219752,-0.0441945451819658,0.0238998637542006,0.353339477094328,-0.096794261682242,0.209676968501436,-1.27449024641782,0.0440797177681992,-0.0440868457730235,-0.221908718048932,0.30029835522659,-0.287560851221857,0.325868299579157,-0.535611885802303,-0.0266321942034117,0.0966946411086892,0.677190523880001,0.217916648620623,0.245964890871112,-0.0650117528328025,-0.0150024874339281,-0.0920085341511442,-0.00868154841457759,0.22616445967768,0.558861297946412,0.105667163595784,0.0630160653642501
5400,0.158107864517936,0.529901192081406,0.180699313169247,-0.00219683634207714,0.000797931627855853,0.0788251621986803,-0.180818698777562,0.0904758718165195,0.249198524562532,0.0556697951965429,0.270196247987605,-0.943390246417821,0.0362259077429112,0.103291154875571,-0.280242906127722,0.403490534473867,-0.255796565507571,0.134318032802296,-0.42024899735518,-0.332556255630242,-0.156534449800402,1.1117550719394,0.223170751885251,0.0664378454408401,-0.104110805953489,-0.00519058608173209,-0.0676565522457511,-0.00334232485620546,0.184718237073206,0.462211619099576,-0.0144454697907189,-0.0487434374043224
5500,0.0786509517084256,-0.0451871249222996,0.262041687885928,0.0538104257593858,0.13253815725619,0.209974951732419,-0.181081937711769,0.0769534659367171,0.102962370641801,0.000229475100850713,0.049553734014661,-0.115230862913821,0.308868526295892,-0.0891802924555919,-0.328681991223201,0.207092833548346,-0.0173626951566998,0.671937605385832,-0.245792285202906,-0.353386752171407,-0.192168995254947,0.87313481587442,0.372870121497087,0.0435584729351686,-0.0966782700966615,0.0725205390184547,0.0766769591048853,-0.0179244800159772,0.00225472730676518,0.362532355711038,-0.0587688755714224,-0.109024613828228
5600,0.258435653122625,0.325063427318289,-0.085757796748551,0.0554425686165288,0.417358124589892,0.185447246370033,-0.165494245458796,0.141760933400706,0.136207598135294,-0.0622184872177919,0.190290516191425,-0.488007307465822,0.150780148015463,-0.0436736257889252,-0.038624423034962,0.178017198637532,-0.00191459346387395,0.247023635438693,0.0271403407552664,-0.0705079476271286,-0.160568995254947,0.0331384726896299,0.294364693073715,0.0435584729351686,-0.149091172787237,0.036364844337809,0.193858595359445,0.0899924525365272,-0.0736081297444072,0.307635286075796,-0.165275855571419,0.0480179642980748
5700,0.473432640817805,0.759582187001546,-0.158757433842871,-0.293688281491242,0.347249958675287,0.144979554116134,-0.324824041703429,0.176293613427045,0.345221244536743,-0.000957546588667612,0.194404878450015,-0.55794333287782,0.0163915387819046,0.270078190526729,-0.031938710320832,0.264602069201347,-0.0627925249931225,0.0645905130025719,0.13741564614029,-0.0345130488398015,0.10530373201778,-0.0806795105952886,0.374698087950165,0.342651631982626,0.0551227882050819,-0.031252264437037,0.205158412332298,0.130387916307132,0.0825418240375432,0.223797274312916,-0.161540035065123,0.200436714298075
5800,0.466403030167905,-0.173807837856221,0.0323062590868291,-0.114050291027213,0.232853043814837,0.0241659987804818,-0.412249020097858,0.162980646050039,0.519748856088993,0.204007392047019,0.361329846965634,0.130038854224267,0.0496208222139104,0.194006227633365,0.0132065342172864,0.266975365281487,-0.114168037560928,0.00961664823212622,-0.240646578884831,-0.0867369028108049,0.241167368381416,0.189518904367266,0.302086563088723,0.429480206488229,0.193954043106605,0.0727027789369888,0.582155626535404,0.0438607924853705,-0.067389505752317,0.143185759991599,-0.0424016510061388,-0.147125200952713
5900,-0.0148342824370141,0.227539022290603,0.0701411647521668,0.433525595940701,0.378576364216354,0.0209417716026574,-0.418595407581194,0.143669125603635,0.612216997631645,0.023379536656034,0.106574932656835,0.569098182506769,0.0148546366131301,0.116144894300031,0.0599385320359553,0.253132330697798,-0.0743726274265549,-0.128750753688764,0.0416265557706479,-0.108395391554693,0.316138277472325,0.423233532210241,0.262055946585465,0.432767249770971,0.185794510500388,0.0743666372269699,0.540234411436216,0.124443715177149,-0.138459617576027,0.406044719055283,0.1169149714214,-0.0637296247645874
6000,0.0844794478084851,0.293770051444451,0.0238801433425847,0.502387836913449,0.46937939351355,0.179286350695056,-0.255143262529037,0.204461444553261,0.524852642904782,-0.0220283465321284,0.129930136342252,0.235231823199268,0.225701766493807,0.266750660411829,0.104890097960177,0.328170843480978,-0.0965673998573345,-0.0760825706158574,0.0274468396190979,-0.118437511733311,0.289794641108689,0.0932870576995796,0.428489725167228,0.462350639315646,0.199459605086366,0.0928951986226437,0.227782725131512,0.164496699583239,-0.102657854718742,0.475170734301657,0.0363739550677449,-0.0675964997645873
6100,-0.175555399084711,0.194728681982459,0.0757144076031737,0.238349375374987,0.39175751222563,0.205020515218749,-0.25672829695253,0.30486095757501,0.543569276233058,-0.0184324252002111,0.26648152115661,0.0455021163627819,0.403191759761215,0.157361613683395,-0.033011655335357,0.259936133374887,-0.0990334856829763,-0.198468875492446,-0.133842355874786,-0.106950717092988,0.149167368381416,0.544835056581203,0.132453689690647,0.201505561500448,0.110605431875503,0.0611933880314074,0.378002871004983,0.10148571600679,0.0984492986123801,0.60765278567773,0.00451623411009642,-0.0482665024811023
6200,0.0655276315290999,-0.0508977597995421,0.0712576826222764,0.124201113211341,0.424293943273063,0.207929751835808,-0.243221373535547,0.173050449579037,0.391075515244743,-0.0628209331936228,0.326979255219624,1.74524543693935,0.357617495019349,0.189627945814635,0.211388501968045,0.197239423665727,-0.0941543648869434,0.0189380672071258,-0.0966989995668431,-0.202429820535084,0.271249186563234,0.088415167765099,0.21387516719711,0.0612148138653632,0.0371749541050395,0.0605265815773409,0.24188871977868,0.100078154610496,0.177659982398362,0.686512431791123,0.0637877740318706,-0.0960855052071275
6300,0.894701748947974,0.702833504499296,0.181722400079743,0.0614210276581793,0.432388858616305,0.23546570181362,-0.239872257884794,0.0452482967177944,0.312263369267889,-0.078349581854857,0.412900292961551,1.95466158252435,0.549075651708748,0.453772414547916,0.389391856431293,0.226034032292074,0.133696616908892,-0.00864160540872668,0.058421998675644,-0.104776752290096,0.372619186563234,-0.229617371916743,0.539400821256405,-0.0424036871461313,-0.00120645901018894,0.0465052615384473,0.00670160429754344,0.149990057700405,0.257282583808908,0.486545190430609,0.101082728188732,-0.13370251702692
6400,1.17180380801083,0.674377824426238,-0.00382855954833926,-0.0824114693790929,0.492072109663483,0.127201444677343,-0.255006867908391,0.0739511165003379,0.448092183258461,0.0636686110907728,0.491161498146211,-0.126337405857526,0.547816862747409,0.452147387391154,0.261561916482293,0.244686669725761,0.0721393265200005,-0.0255747345060811,0.427108755285659,-0.076005707781374,0.497621913835962,0.141037007079834,0.191678528741928,-0.0424036871461313,0.0633271033122002,0.0673583987861624,0.353648466756071,0.109307348616811,0.294461653188609,0.49295158725434,0.0856177374295296,-0.108418524722455
6500,0.0921082080051117,-0.116846485065162,0.157131813073763,-0.377863173830768,0.416863505631745,0.0618382131343339,-0.00971585467224386,0.182423755785655,0.241667002987481,0.0641798185355258,0.572455469623901,-0.903096448563486,0.5418430424955,0.387292050346891,0.259814735676097,0.286992996183337,-0.0238606734799995,0.152247048334448,0.281673615032838,-0.124755938448447,0.384231913835962,0.349858764667275,0.109327730488343,0.00888202713958303,-0.00588033943196013,0.058248422916406,0.30201593196972,0.163446966807831,0.290390416524718,0.309847330719908,0.0109941171397596,-0.275223532775726
6600,0.0738364820711674,0.184497667081064,0.0796419406311979,-0.253090984165771,0.323453060886343,0.0873931847491211,0.0501677633414312,0.366443250732553,0.335863289117677,0.0831324546396579,0.501052842119295,-0.758768714075986,0.469364152170664,0.251373548917965,0.33876182491303,0.233999930939651,-0.565637954046074,0.0935935984296535,-0.0287029408416498,-0.0572237444450248,0.231040095654144,0.370548456543735,0.154743043960227,0.151574122037617,-0.0537074920133231,0.111060129760278,0.343426589124151,0.180469242027486,0.402474338093692,0.430300702487505,0.347371854756565,-0.262320834889777
6700,0.26555883469798,0.475110645223063,0.114206274513954,0.0807406186775912,0.241503756470299,0.210968183227541,0.0411675823821175,0.325608638362398,-0.0303976207337216,0.0541976585942314,0.444670342431785,-1.42920371407599,0.336448247757947,0.299578596816874,-0.0186426932419644,0.165848365712118,-0.562781240112014,-0.0644378606341622,0.230681015192715,-0.00605586208333045,-0.344683540709493,0.0742070575270711,0.1769191039531,0.235862803636326,-0.065085061738003,0.0364404304950081,0.255031312941392,0.108106517506444,0.138450011752476,0.535305104620442,0.333413842079184,0.301311381045894
6800,-0.0881170869794767,0.786223423546097,-0.00335432949058455,0.0895920748412298,0.289836430631534,0.271586529414738,-0.0189920132557293,0.0805864430926045,-0.149891803988256,-0.0554981089049807,0.277547965942434,-0.549158714075985,0.30329037578269,-0.00883062560081112,-0.527945227489092,0.171811020843915,-0.416815574323091,-0.216696437748759,0.0940777122327927,0.00340176565874131,-0.120441722527675,-0.0467450863839136,0.304058359684323,0.344736940065069,-0.000425654650046364,0.0187063661964826,0.301328799484545,0.196733666476277,0.0281414992464405,0.411377904356883,0.221825353822444,-0.282119860411178
6900,-0.200897718805064,0.526214950480556,0.0744618541754329,0.116268997918153,0.0826958459860867,0.272335448391912,-0.13232726792396,-0.052304575930084,-0.198929419413817,-0.0627444350342182,0.221318934201486,-0.783650236558023,0.0333411362873528,-0.102483160221236,-0.344991224254127,0.161603505702195,-0.371616378052529,-0.163780701882304,0.0969348083620848,0.095754826520097,-0.0515508134367656,-0.197149733122656,0.0505879281842048,0.294451225779355,0.0789579732707131,0.0797893303212485,0.48500245683462,0.0776754517457603,0.0797386307091379,0.480826559582416,0.209254108531236,0.0371529243370131
7000,0.0858161517521335,-0.0272108887248171,-0.431920358904164,0.151299767148922,0.321370900813257,0.260529582583633,-0.0564659773580909,0.0122484332980614,-0.190889833106365,-0.12070467329071,0.263747330714944,-0.306682377254024,0.130759671302916,0.366627678132651,-0.271257531443912,0.191136035996213,-0.0589109533445859,-0.230306433534537,0.483186691337911,0.0437932515524349,0.162304332535216,0.233283618846845,0.150144094386714,0.288299748971619,0.310508325507954,0.052979797288664,0.58848776788132,0.0719023584405737,0.194328349103077,0.731682977007984,0.27130871472919,0.152376054316943
7100,0.187647330481485,0.415532151746018,-0.258387606440697,0.144724281532904,0.507937172285782,0.166811650287292,-0.049999515884852,0.13622076718022,-0.0308163189268962,0.0203287278521654,0.0469616108007602,0.422601411701977,-0.0525334385010961,0.887885902993846,0.215731036945236,0.187844696012456,0.284861649010363,-0.181421898960482,0.697049382175172,-0.0604169526670796,0.331154332535217,0.326911376053809,0.114219167560561,0.303176843592454,0.250353345851211,-0.0423655360127964,0.34185655348938,0.107587128102024,-0.454382298811611,0.686042966041183,0.235913940337162,-0.250839693199502
7200,0.497911647361391,1.23706872341971,-0.211564257167227,0.0332843825335374,0.542401062613137,0.195075320295934,-0.00452805941714819,0.110479713609236,-0.239614990359377,-0.0648278916823538,0.205430954810032,0.762601411701977,-0.311719335400879,0.266861613433354,0.238573812184267,0.0732933953632121,0.317490434599246,-0.1229839893557,0.530887011877357,0.0306546249926032,0.122524332535216,0.0428055717825601,0.138929615471959,0.325576843592454,0.0137369128942686,0.104040721306851,0.316653124493048,0.285738867079564,-0.308194850171929,0.671601386915923,0.388580263462804,-0.363773330869638
7300,0.31046426052838,1.25317090971182,-0.0350887567606678,0.0296079542766266,0.362156419579402,0.151344190399145,-0.0574529287698743,0.213778514474527,-0.00710899789336864,0.214166122203933,0.170549651154499,-0.570795512400078,-0.316812019924277,-0.187685103233312,0.0367022735091271,0.144310629683706,0.425750577938,0.0119365058176123,0.488193614755941,0.180509254097109,-0.0576076674647841,0.241598646273034,0.105462655285692,0.295285299322806,-0.0952359837389041,0.0839883039072681,0.143478839236997,0.301576478883155,-0.0668395147710038,0.636987088738858,0.55630168653007,-0.253004353862261
7400,0.409686381926465,1.22678053494038,-0.215550924765152,-0.262060227541555,0.261920737917267,0.135412773773591,-0.0959584153024343,0.150174385329144,-0.00104047671694017,0.161788752613088,0.1923095497676,-0.395688423163411,-0.310004951817388,-0.338531002891248,0.175423178311835,0.0626658417895126,0.396422006509428,0.0892335652829643,0.260396002537019,0.17167145365008,0.00159433253521594,0.299339748668755,0.070387248901103,0.281060903220497,-0.234885332820166,0.0433271361536455,0.187770268495778,0.223614602191815,0.105853927165516,0.622114582934743,0.51289522746574,0.196527720690345
7500,0.31185432505717,0.513410863561161,-0.505480687577382,-0.274123863905192,0.125608090322026,0.169891903005599,-0.116514048039543,0.0537853888323503,0.0222034531015001,0.290179884504872,0.266344088625405,-0.455473796066745,-0.41024143701205,-1.67434595126105,-0.278555480929986,0.180112850836998,0.108507748235166,0.0161772542207157,0.559309021714477,0.157513056338293,-0.0759256674647838,0.2921630931563,0.266413905329402,0.220903760363355,0.165177084446855,0.0381344471986403,0.40014305348562,0.245144314075194,-0.014911319957624,0.157962442002889,0.501483601785636,0.134284073784089
7600,-0.00987461383098461,0.101244158384915,-0.665869192714704,-0.0940068097498247,0.13804096493429,0.121794029219154,-0.110087839351979,0.0267055543147043,0.328810387502461,0.610248394356907,0.21417076000437,-0.225766433466744,-0.419498199725079,-0.679309450174793,-0.320547228157714,0.226458268380781,0.0421803530802661,-0.0235065810569322,0.0856440156043209,0.20120750505938,-0.0631356674647839,-0.0668553062318118,0.108170054069269,0.0283456093338121,-0.0332401681588083,0.00124557327134981,0.479181100621705,-0.0563750482655723,-0.325185157575277,0.0664786280856069,0.747536526574516,0.218775042213059
7700,0.110764917120826,-0.189444476723919,-0.71850512119836,-0.0983018097498249,0.219684308595604,0.0803249539435703,-0.0762088041688377,-0.067818473235892,0.0851660808957278,0.395436069179243,0.306146040923757,-0.381619711293839,-0.353383943377336,0.110271438714096,-0.356445933764864,0.0739183713533536,0.218789976810823,-0.257919702210573,0.0529828673942049,0.193287589889511,-0.207095667464784,0.218593856557112,0.0521469929625949,-0.0588701886390741,-0.272892392807203,0.0338724808175488,0.557771595204471,-0.175325370256585,-0.788977743251763,0.296028027082251,0.717279318739454,0.00478897636705189
7800,0.244247800907086,-0.655144456142233,-0.748445350271815,0.234324721914596,0.40918522371681,-0.0793260908890434,-0.147626698953274,0.0561732910678227,-0.0921432771203904,0.541534922376658,0.433825048248335,-0.553055310480078,-0.133735412844911,-0.511197766152178,0.0617221904307696,-0.139277830399731,0.463925319458828,-0.253204322232587,-0.228061369428853,0.261472591593727,-0.0351036674647837,0.319755107659654,0.172871711727201,-0.0749844743533598,-0.199301021997733,0.0392028085353483,0.468751718850163,-0.195771251163739,-0.674412931847845,0.489764822685677,0.403346111747169,0.150227687945669
7900,0.448880554363424,0.0379587075453375,-0.127683994530753,0.0969538885812625,0.443447408501529,-0.103635001787643,-0.31802650398471,0.141943920988259,-0.0265626949331901,0.586137770908647,0.380965716008494,-0.515920310480078,-0.176140793104922,-0.311487333344114,0.403575638688222,-0.188745487469382,0.463925319458828,-0.556666250653977,-0.115529872385262,0.407491257921175,0.245204332535217,0.206186023999589,0.260470723371555,-0.00827100796245167,-0.0971627576271881,0.107781285922403,0.112442562261434,-0.433260285494468,-0.543476592534591,0.516841595532024,0.480585267057679,0.139469382708956
8000,0.614666231654654,0.503898566485907,-0.266043479485279,0.209428888581262,0.453981452774651,-0.0951682634361938,-0.470230387044218,0.0721833658893873,-0.245778530521487,0.66416089293471,0.143149094603663,-1.09387578841341,-0.158385834113453,-0.796651354620148,0.300657991114102,-0.264309991809739,0.416592940246054,-0.392681637723776,0.00787208012550579,0.156168755931252,0.155384332535216,-0.157700512694032,0.27995696044225,0.0631898653887544,0.148537165147141,0.123239714083496,0.0627263473078466,-0.550797666109387,-0.5676938485147,0.353674277338261,0.304013002952559,0.0681757011322633
8100,0.526968194164752,-0.245562839653861,-0.52192252836549,0.395599721914596,0.430275236026139,0.0177535391351144,-0.368839814812306,-0.0193191063571606,-0.365228105975587,0.438042118703273,-0.0597014060802747,-1.27850015578008,-0.14410508285621,-1.03979528230625,0.169678006628581,-0.238117681965214,0.30448478918905,-0.279007497156305,-0.25302668666203,0.118813660891981,0.186424332535216,-0.0713321480667891,-0.174822514488605,0.0985898653887543,-0.104768695472419,0.0118622702701016,-0.0218781587030095,-0.528235821817511,-0.644006498570216,0.268066142445693,0.0493951071459008,-0.258741890311871
8200,0.506588436489004,0.24061571246098,-0.707989897758605,0.724141388581262,0.256005948206232,-0.0682545047818771,-0.422038128669867,-0.0260141735967679,-0.708894462477818,0.221388576490593,-0.111753319380499,-1.51451623297508,-0.0655654349485505,-0.381182863365948,-0.599466225042712,-0.300883929893998,0.294425788195115,-0.0906921739369499,-0.450539662528171,0.247507255548691,0.324174332535217,-0.433488293579513,0.056532754362626,-0.0857715945874629,-0.23186504959439,-0.0212120130782637,-0.141543529387469,0.0985111783525909,-0.467049664793848,0.191601322358988,0.165775277835294,-0.260919295897692
8300,0.324052285129979,1.16748783580535,-0.469946302493856,0.558866388581262,0.101643858233549,-0.167858561276963,-0.505884607817992,-0.14057015227971,-0.735312844595803,0.301880112716117,-0.0702812992465736,-0.466915424648024,-0.0796264761713006,0.0109452496577883,-0.4991954323299,-0.286810370350619,-0.237132381113155,-0.220329663628126,0.295537235266294,0.339088241454795,0.406764332535217,0.061269841365492,0.317733702454809,-0.243774472666845,-0.291038806837048,-0.0561723199393799,-0.196691812919478,-0.212069367876456,-0.358464977992123,0.273543927050091,0.339133648970858,-0.255060701033269
8400,1.21360048302396,0.383687879902333,-0.615094406305233,0.556291388581262,-0.0131108469521307,-0.0862626807594945,-0.431193322308188,-0.147135594303829,-0.591006412597288,0.394318823660622,0.151938291021487,-0.0072076796480228,-0.0622282752089894,-0.625761863879714,-0.30996104238498,-0.362622029894462,-0.338659862826471,-0.391252457114146,0.35871201812455,0.377862669846486,0.39162971875275,-0.132329111075044,0.085509427059669,-0.293031615523988,-0.282538192849419,-0.0796925437767973,-0.1474129399136,-0.0246770247889334,-0.308070088909525,0.143317276641309,0.382541084930119,-0.112129481463921
8500,0.279744507124861,-0.00382420650695772,-0.30835700589845,0.145437221914595,-0.0744172575486756,-0.151131984359073,-0.407217727176064,-0.273281729096382,-0.478454689573534,0.418045905560091,0.192671702779039,-0.312154945882023,0.123402662959164,0.148922464206953,-0.333553329377111,-0.39980741239764,-0.303268897293719,-0.415808868297352,0.170873339553572,0.342190466207765,0.550234332535216,-0.132390527009649,0.278593378736554,-0.442800165638821,-0.280861047317265,-0.204409783732629,-0.105602765640466,0.162717213477561,-0.171960237630805,0.00865502101245704,0.376689138906944,-0.0308001353332774
8600,0.643435016537319,-0.319739686792658,-0.26684942402041,-0.365136809749825,-0.336225359449644,-0.112355148041277,-0.336399683135696,-0.350413478161483,-0.445250738771466,0.598810516065672,-0.0505177690259559,0.119862928073976,0.0700395518911263,-0.94517933775347,-0.256812876411637,-0.4531394927211,-0.365960696691222,-0.566551728454652,-0.438613856253958,0.589566536716936,0.554414332535216,0.00912366850688179,0.0272716040148546,-0.447355354002003,-0.91380629066114,-0.33712454191886,0.0408859450025155,0.223560070620418,0.0342926406782246,-0.112506307086173,0.282666275382137,0.0319901367401799
8700,0.539325750043431,-0.728993154911728,-0.662203640535593,-0.343016809749825,-0.645243345811482,-0.1802273290043,-0.487594214832713,-0.188552091168098,-0.31241347409267,0.730674736693968,-0.0534196441740857,0.175499821081976,-0.0363046339943506,0.294520995482179,-0.242637268346338,-0.504071942497376,-0.455550519238285,-0.390309922050612,-0.469361422563857,0.572688688467329,0.491194332535216,-0.302441948924757,0.124641732419455,-0.442355354002003,-0.952469355251417,-0.296795313330997,0.267132642359605,0.55717921340862,0.250305312914644,-0.0516564679607721,0.227512492013084,-0.0913769973988855
8800,1.23071981447956,-0.7593006560435,-0.891753434533221,-0.223081809749825,-0.530325661394496,-0.294593309491714,-0.468779301087228,-0.241582601278682,-0.374583680872885,0.342713670817349,-0.03558849022141,-0.0402761046580238,-0.0110805847874457,-1.73880618541118,-0.236791100284705,-0.559705557010717,-0.454916137110422,-0.400112349875674,-0.246647536488036,0.508801349176537,0.501268694401437,-0.476884340956252,-0.116504741143603,-0.382726782573432,-0.908631893453559,-0.237375967135878,0.205218746667143,0.350665370026987,0.252897964756518,-0.20644507068415,0.405457468148184,-0.047858675063767
8900,1.71573130755216,0.382816057378712,-0.97841663155894,-0.355971809749825,-0.373794473374467,-0.21916480625122,-0.340199743082763,-0.510711076667169,-0.204063517892888,0.034594999774576,-0.0981062198497668,0.000597355925311405,0.0392395037986475,-1.26029178636063,-0.315405189048041,-0.766394273034964,-0.463485525776577,-0.444912577143197,-0.231307325637302,0.62911632115174,0.631190916623659,-0.418285251891064,0.194054035582093,-0.667879323010945,-0.797508556856774,-0.253775972397475,0.113233292395976,0.301735698664671,0.234385814236899,-0.380940560812069,0.248704101087489,-0.111743086533957
9000,1.1043387597059,0.286863877180328,-1.06348131563349,0.214515808636079,-0.47257435594524,-0.318680181909786,-0.215348268847271,-0.429793558047924,-0.289601847940639,0.252309851155767,-0.0663759790455815,-0.283976327803576,-0.0412152072053925,-0.895656490968885,-0.799835312977882,-0.966855635669182,-0.818448714987756,-0.348662630339172,-0.0233557931794702,0.774117177661279,0.67180202773477,-0.368866148337522,-0.209157371711577,-0.632907894439517,-0.610127448535831,-0.166283163743488,-0.0278774079179081,-0.236570711714806,0.251426409753139,-0.534690617724091,0.295665445849245,0.00208868742695258
9100,1.05399065314549,-0.0562067373148972,-1.00590447389934,0.359694975302745,-0.486657692417007,-0.434085892143699,-0.165975290352945,-0.0443773995424291,-0.0385308407031443,0.193406670084118,-0.22748980020717,-1.25217255249969,-0.189962949726853,-1.48124095970313,-0.821477153011871,-0.94983988735095,-1.06274698339266,-0.549128535159502,-0.15946201098474,0.840437447497472,0.352747583290326,-0.214291599088152,-0.0696407930107099,-0.590732047073143,-0.841677965661923,-0.199207950833613,-0.0672397874789135,0.123769876940486,0.18912691959394,-0.660251499253384,0.466911869373274,0.307878387667157
9200,1.50963148957893,0.0903926886118954,-1.52710003773273,0.344090808636079,-0.388029970904437,-0.416560859226511,-0.141515555922346,-0.018495175811506,-0.275927818978443,0.0596175161265666,-0.262198326592621,-1.18931588663969,-0.172204264991207,-1.91325517508532,-0.649242217736449,-0.81013719045182,-0.949223223581221,-0.542118695780369,-0.182013950866192,0.755895365985843,0.337890916623659,0.129362710396497,0.474184708261444,-0.534715682657667,-0.851784426272803,-0.269428849000294,0.12851442692679,0.140412873586427,0.247167773892076,-0.504831454378158,0.450676692747603,0.248868443431354
9300,1.51366321570943,0.215563447559714,-1.10679638524638,0.409157475302745,-0.325547222624409,-0.26516181670139,0.151474523488678,0.165170054418459,-0.314494908868797,-0.0721654996854842,-0.364511370072679,-0.0210170370996878,-0.037566938026671,-1.7088400133627,-0.624585791355538,-0.820412647882849,-1.04787954766136,-0.307513104495297,-0.108371209144193,0.727215789955047,0.421468694401437,0.48920218948267,0.151732548746415,-0.218796230253846,-0.589820081356246,-0.425202688125207,0.0178915697839336,0.200598587872141,0.229396963777099,-0.526628647287579,0.742009843092813,-0.220622495106904
9400,1.80659714155994,-0.162654622089182,-1.04641585304667,0.479919975302745,0.0570671783657952,-0.349068744137056,0.0705123984379394,0.0950271570319333,0.144334467081944,-0.19649723294082,-0.344719268840874,-0.0787920370996882,-0.0196214944327434,-1.82881760671958,-0.520311673094415,-0.503495250636404,-0.884209455593807,-0.435928193387631,-0.229073715879539,0.780450865045257,0.449924249956993,0.652471625177353,0.228026750064872,-0.0589390873967028,-0.489536828649152,-0.455140514132267,-0.0991396333515261,-0.056652707588697,0.129498261976228,-0.865918128221579,0.678007808603339,-0.0323180769566203
9500,1.39089492431519,-0.537219197136724,-1.28870855604128,0.276194975302745,-0.194054630064998,-0.363492268171983,0.0662882450369784,-0.0443077827102223,-0.288027453639882,-0.149887067880685,-0.405350676715862,-0.150829537099688,-0.0658895291571448,-1.94603594872299,-0.702342378559376,-0.47461364530086,-1.07759327327213,-0.397328327448698,-0.166913954695911,0.671990293891311,0.322563280425651,0.221913106147277,-0.244657280676092,-0.144182546674391,-0.484323986461963,-0.260631856566072,-0.10005948306088,0.0148434499315538,0.217086760201269,-1.02834610684734,0.815913721417023,0.17684136984342
9600,1.6818701305522,-0.537729550367616,-1.38687890673455,0.200686641969412,-0.471753916163923,-0.250691517336025,-0.0243708866728424,0.0132447080284108,-0.235145376708933,0.037387437857195,-0.51935266151322,-0.437674537099688,-0.0802004330094473,-1.91029467228367,-0.472565844499115,-0.280195826539894,-0.726601706057368,-0.417592358241198,-0.205434135469033,0.405769242915332,0.240607030425651,-0.214920043783334,-0.232832164007758,-0.127636332608046,-0.871137703405131,-0.304277114114747,-0.124869363934722,0.336708217135916,0.200526215009895,-0.747980446461494,0.961205275604316,-0.131847958582214
9700,2.04995554353351,-0.45813153569078,-1.40225156838627,0.246594975302745,-0.316417671648444,-0.349883812708719,-0.0968965556495462,-0.271721781547412,-0.0697859019779444,0.156706396068351,-0.560462847782389,-0.505411168749687,-0.212132171426031,-1.86731192195336,-0.320336148769474,-0.309601784081953,-0.579709158809268,-0.407390511789878,0.124146257269321,0.415704228594466,0.245968694401437,-0.141110967164648,-0.573876543770819,-0.343300856778539,-0.825665260624097,-0.217314206328315,-0.0334359399512899,0.308719794322341,0.280331813499208,-0.707439921593022,1.22409736163732,-0.725783049388946
9800,1.87028111421056,-0.395964116514498,-1.27253623641519,-0.497151923778342,-0.548926728961063,-0.472702768793704,-0.310856139888639,-0.084602677838401,-0.0809485756433419,0.165710378358248,-0.67005238699258,-0.615883060549689,-0.241114035450094,-1.41921069842517,-0.278053200519906,-0.624342910125342,-0.475238275457778,-0.407099321925553,0.0419374331441629,0.384437790681897,0.280946472179215,-0.221388883316822,-0.460716165503985,-0.40067883035721,-0.778198892448445,-0.397360136507996,-0.016354351998419,0.261762104392815,0.276074915526109,-0.834428977198439,1.38478916519222,-0.592813900682242
9900,1.13021675467668,-0.479822139874013,-1.40161623641519,-0.610793590445009,-0.455399145580439,-0.511259320034169,-0.328162502132447,-0.216554019242479,-0.395927759061266,0.469151858614855,-0.468210202062366,-0.446368060549688,-0.148139246613155,-1.46019620915059,-0.250948859770945,-0.748375124379084,-0.682999664863271,-0.41777350216041,0.212191157780449,0.287624049466004,0.296965361068104,-0.312208418447387,-0.274311861283777,-0.477250590399417,-0.909458653761727,-0.411090988119683,-0.0406586379369655,0.156966313735901,0.363027437044082,-1.1019364611801,1.22598617617591,-0.63019655844147
10000,0.722537972632033,-0.416719401271857,-1.33713471431553,-0.562089423778342,-0.508198440855706,-0.569462058979662,-0.376127598509361,-0.295032299901842,-0.467994264896917,0.438269014242142,-0.879440363002508,-0.230895560549687,-0.156942535964244,-2.35674898456902,-0.445159024875581,-0.731012715587374,-0.830451142588798,-0.135059918553795,0.431491618144692,0.607388836318419,0.037902027734771,-0.145152732727998,-0.426751589950848,-0.49010773325656,-0.87349412970955,-0.461515868599346,-0.134875781691152,0.316777169896316,0.315397966194848,-1.50970837240107,0.382812078263394,-0.5134823496059
10100,1.0823014045723,-0.0877347594535422,-1.44519630117845,-0.542601923778342,-0.767858948025164,-0.618764107776286,-0.342704961465448,-0.445350762919538,-0.552728958093104,0.274648319683541,-0.877895880916804,-1.63782379087969,-0.0906558003948455,-2.1952915895948,-0.448655411000944,-0.882506826757312,-0.983821911485907,-0.117277819907821,0.101347927943626,0.608097487306568,0.0410020277347707,0.173680067291314,-0.730790235146535,-0.407879161827988,-0.739738943024245,-0.382308194288313,-0.118209115024486,0.126590351704312,-0.0302538666150913,-1.62049634385034,0.456901996157915,-0.491106930536877
10200,1.66596392328582,0.0603813431173469,-1.52790690931703,-0.557106090445009,-0.659154241347245,-0.650845791740816,-0.344817687031745,-0.44541395860437,-0.105294268665528,0.28003651260141,-0.6655176852797,-1.23535351852969,-0.179450597755471,-1.56231166359056,-0.625672493076437,-0.980511364722434,-1.19970140831264,-0.226406514310005,0.195032815534846,0.662241427720349,0.230468694401437,0.431981143591768,-0.163939996113919,-0.441374093733713,-0.687589933932548,-0.454992066819926,-0.0865870509878532,0.0411917312609598,-0.107631313453821,-1.8052855350786,0.523963525002697,-0.248565610476012
10300,0.970651488111529,-0.0980600083145758,-1.54239195891975,-0.681548038136936,-0.749979457412236,-0.584299524153613,-0.228104198084508,-0.420161826186549,0.0841472474253597,0.17683579134144,-0.694384395056954,0.249962162950312,-0.140025382007525,-2.41399313263115,-0.583128975949226,-1.44699053923774,-1.57726571813076,-0.253480688190723,0.316838216276568,0.768487827171654,0.00612424995699304,0.841933271492367,-0.558044817938902,-0.387985623742374,-0.772809926795863,-0.409197201118034,-0.0991998596204797,-0.453184503986594,-0.0323944798501138,-1.86992816987998,0.413525065977734,-0.077752828153724
10400,0.910794534158083,-0.886566353545162,-1.57795953332383,-0.883691185442599,-0.688297400023678,-0.600442976396985,-0.183531416197757,-0.494793138141683,0.186981260523126,-0.0428499001770408,-0.459281533257619,-0.608080874427188,-0.105415739032465,-2.10592722704086,-1.02861565064312,-1.47340888738069,-1.31880109453834,-0.432619398052018,0.381871804058105,0.837823129020581,0.0903331067918172,0.88189164024261,-0.428847762620257,-0.333333942865058,-0.931535950785683,-0.534753736784105,0.0118777484528808,-0.466071835963375,-0.0786965482959407,-1.8053119032509,0.435179068307485,-0.174244721213642
10500,1.11303865751728,-1.08931199407046,-2.05340785908458,-1.20480326396575,-0.925650562725864,-0.890678089870375,-0.571219920040042,-0.456867520453257,-0.568746526093031,-0.0585121169080798,-0.436625742135361,-1.08628965434969,-0.183074430434355,-2.71782676373141,-0.786198076268672,-1.39466427212683,-1.6148497914516,-0.523636460205591,0.10363954846563,0.619990167692188,0.408096856791817,0.589492281578264,0.0489698036216821,-0.269168814969217,-0.862983124095011,-0.494567760340601,-0.116303081003688,-0.601856230355703,-0.12147074835451,-1.53260001507436,0.315289445781988,-0.269972236937342
10600,0.751840162838841,-0.632880888698636,-1.36537331137811,-1.63087886536261,-1.07360420572766,-0.867480186909039,-0.631809723421024,-0.54467652158877,-1.49453393041723,-0.438297214362914,-0.608847790349311,-0.554140690012188,-0.330642441035164,-2.70170584522312,-0.666269398753913,-1.30772126056712,-1.37764991183319,-0.510205528279294,0.430726317391626,0.666339756986554,0.370096856791817,-0.439454032904711,-0.145474590839671,-0.226654529254931,-0.7221859916369,-0.598229117216639,-0.237370879472609,-0.620630522017769,-0.200876374987428,-1.47260471141364,0.105982208879268,-0.292125027457449
10700,-0.0914418061032432,-0.596811869740287,-1.21412864218622,-1.95677886536261,-0.553579873294867,-0.569119079228146,-0.647253607453889,-0.394993349112184,-1.67016516614104,-0.683573269700899,-0.635498334948947,0.0670907743253122,-0.236170595395921,-2.83958702160336,-0.621594433619018,-1.75902859006567,-1.43657519575553,-0.549970010891433,0.54831196156188,0.526134628436788,-0.0652968932081827,0.318152329945564,-0.127438363812403,-0.141413215067688,-0.721669148914039,-0.665764926128333,-0.328351567763436,-0.552264904297545,-0.197143277262251,-1.75251894712954,0.4082669847297,-0.435139715106778
10800,-0.3006874269678,-0.406030600747812,-1.03268353432299,-2.58866600244148,-1.12676413819274,-0.846463919278093,-0.681664586990598,-0.26364477478466,-1.69906012100906,-0.764965057680696,-0.635803976895236,0.714452458497812,-0.314442744384657,-2.8389433809263,-0.560585583961608,-2.08458442701731,-1.33433253860881,-0.613118653583147,0.637313563011116,0.670870317466801,-0.288540643208183,0.720622353036083,-0.355874369278209,-0.142147958318717,-0.991019130956626,-0.708987057317862,-0.349405859062335,-0.487505164773328,-0.601325307132242,-1.64672956772196,0.24047999984828,-0.372339964291437
10900,-0.358287596725267,-0.608969577445833,-1.4269427508947,-1.75071896601725,-1.10969262639526,-1.21769280758912,-0.72326955633782,-0.319930298577786,-1.94542925355319,-0.871614437245984,-0.775080617429659,-0.396557845599688,-0.441379809916496,0.164614728066781,-0.612747028989695,-2.02611081912906,-1.2200329254507,-0.472772310025697,0.411514817627618,0.621869496743658,-0.673636858488169,0.645282560829153,-0.745520995394877,-0.208533672604432,-0.512746759827295,-0.815936360669667,-0.387171983904719,-0.449448021916186,-0.639192971611378,-1.46501732652828,0.297846993498496,-0.155533726493895
11000,-0.706724437783409,-0.750897605032765,-1.39094887096826,-1.56676609493298,-1.41775379477558,-0.0880172414400958,-0.779047463146429,-0.454135427396823,-1.80884912306709,-1.12012472795551,-1.34693591685907,0.212825499550312,-0.329308224139457,1.31634828972566,-0.696137545193487,-0.903791053024368,-1.14677320174853,-0.501155396652663,0.220981206911736,0.659026647350637,-1.03084348680079,0.615574283109684,-0.8548240039467,-0.248776529747289,-0.680257166657116,-0.772432861782529,-0.484246557908586,-0.566182726127641,-0.667422260306725,-1.78757658922708,-0.0712450135564626,-0.171790917308616
11100,-1.16238554118306,-0.864676692966124,-1.66591812557353,NA,-1.66448046830584,0.851730900060945,-0.793306248560776,-0.521368050652204,-1.71592022578664,-1.55055914995372,-1.33097551993159,-0.0513795004496873,-0.288049245161137,1.24881908962281,-0.645312157760619,-0.840087552080795,-1.66862190470482,-0.464755363085381,0.297022954855778,0.472959307683609,-1.08344348680079,0.108655875856731,-0.91507113636239,-0.26850510117586,-1.31131794356965,-0.857417156793833,-0.385398763525154,-0.560968102120474,-0.589264322579436,-1.20860715326272,0.101094125523196,-0.581453319285932
11200,-0.99198581091575,-0.454060290170507,-1.6913400924378,NA,-2.01307768331269,0.809025871934954,-0.724892306965256,-0.427124715325735,-1.73099805501724,-1.5374917709067,-1.79184763492396,0.0299660149128128,-0.177477047410736,-0.876199292424781,-0.412647112479308,-0.930210449840944,-2.06052019113733,-0.862943646747041,0.261509852163202,0.632751292948276,-0.855526820134126,-0.210506139835925,-1.11886246603597,-0.448229797035763,-1.36082865497205,-0.94123093875131,-0.434792798852702,-0.67375421088702,-0.488639552362321,-1.52504428664605,0.103131691045888,-0.789417461030317
11300,-0.871322361588616,-1.13547426962865,-1.87440401834466,NA,-2.30628315380959,0.660306098381508,-0.674166897611363,-0.423528713475563,-1.84619812951174,-1.8823622738476,-1.39373267436977,0.190478756732811,-0.242027949014451,-1.55742102181989,-0.8495113425186,-1.59378926660616,-1.29915462207528,-1.01329207075797,-0.00539908674898924,0.719793088018963,-0.765776820134125,0.560454535079249,-1.24305587598939,-0.588543753106531,-1.42331259104808,-0.956406848208975,-0.456819433735366,-0.649100452119787,-0.477478963767453,-0.186212442112716,0.0344201607692096,-0.485204582670991
11400,-0.175391185990395,-1.25415873163611,-1.79489689489209,NA,-2.50410461144679,0.459924446218185,-0.750190757762798,-0.645271634683122,-2.82321560051488,-1.97913268991564,-1.42176417051598,0.581641763575312,-0.353456520443022,-0.0428611154073325,-0.955818916379457,-2.41617681476754,-1.64366393001874,-1.37192798268598,-0.0336417692015367,0.704672397705539,-1.03741015346746,0.0129598061016173,-0.515809982708263,-0.588543753106531,-1.54007161311069,-0.987534945688775,-0.608114968101586,-0.498932470617996,-0.232551314139383,-0.684895108646049,-0.451768573776571,-0.405677901766102
11500,0.168396225501975,-1.47458333501406,-2.06709511169317,NA,-2.55130467982978,0.429561803726583,-0.852803520032864,-0.669657573052781,-2.81329849080273,-2.2518481720263,-1.47858678100564,0.821719263575313,-0.311325387497904,0.439865703376179,-1.02560880274711,-2.70223473001891,-2.2822325195768,-1.52400082833651,-0.115223816026975,0.643123588928124,-0.957660153467459,0.179406743009387,-1.04002266389767,-0.44971518167796,-1.41947772757254,-0.982250986355773,-0.864161874551346,-0.531447797343321,-0.602547823912958,-2.58153240297938,-1.18204091221595,-0.944211437014974
11600,-0.0483020656045438,-1.25163148113854,-2.15156257919061,NA,-2.90731924190641,0.406962600256718,-0.927802102759528,-0.817544290721458,-2.12425023121795,-3.01678012266295,-1.8220905701726,0.477789538721977,-0.469796293539793,0.322757572129903,-1.10886071092083,-2.9913528363165,-2.40828446827951,-1.47211589449258,-0.208911191787357,0.470675072262575,-0.502058693474214,0.391712954295375,-1.60439711451652,-0.615979885476882,-1.29888384203439,-1.11867526642995,-0.463123601163786,-0.700184538231504,-0.577190297678187,-0.99033614332066,-1.68713800138984,-1.08854513222292
11700,-1.04619007349568,-0.783995590126994,-2.0679097138314,NA,-2.76307292138048,1.12105926400416,-1.05124299460848,-0.800724269037585,-3.30219546913952,-3.2727175438396,-2.07343808668387,-0.828554864290078,-0.423298783530494,2.87165361014159,-1.30627699843408,-2.92306030056914,-2.63861091034999,-1.91122181891791,0.174597283398494,0.355941471135993,-1.528117767296,0.267897621198276,-1.6524300438356,-0.706922643023731,-1.31319413465512,-1.20052150896828,-0.882752242950918,-0.75365008666398,-0.44116982472821,-1.87220541299484,-1.50769027078982,-1.25509472734556
11800,-0.446707128281424,-0.93466303307196,-2.21505228663021,NA,-2.8223028279515,1.16952758157767,-1.17607374226496,-0.877563074688826,-4.08581935862565,-3.66560844932965,-1.79146955949349,-1.27787653339674,-0.459089684196584,1.89945361014159,-1.1853646873032,-3.29820590981753,-2.43894909473654,-1.93104676288018,-0.0874185899111757,0.217055517401689,-1.88324443396267,0.0826258015311712,-1.91687457974988,-0.654907978990346,-1.33465957358622,-1.37940571213907,-1.54054335236844,-1.17881787094806,-0.831313739637268,-1.87421926699484,-1.58069693975617,-1.52065408537558
11900,-0.765278134896858,-1.16686050553421,-2.48886446422167,NA,-3.25244446463248,1.04188748410754,-1.34429740747998,-0.639636642587046,-4.45536333553304,-3.8632561279794,-2.42361878927525,-1.13218153339674,-0.489126636339613,-4.19104638985841,-0.66877116898138,-3.72740803937991,-2.47408199472647,-1.97047934531684,-0.621897611823733,0.201882522094404,-1.79571110062933,-0.0975408811383926,-1.72418991733039,-0.654907978990346,-1.53481017003091,-1.43824071064724,-1.67087668570177,-1.48734519325,-0.905259551287978,-2.04157532352817,-1.45965855327785,-1.35123562312101
12000,-1.73137969517931,-1.41863798017889,-2.70930816058583,NA,-3.06262557965379,0.804951721139872,-1.27086603993689,-0.821216822685921,-5.45348840707415,-3.81757681536695,-3.00794389115464,-1.14044394424175,-0.30999708456285,0.296753610141594,-0.442703664870554,-3.82237971655977,-2.38329454538302,-1.95596407764426,-1.2980384715154,0.372876496081612,-1.52889110062933,-0.433457863591929,-1.5683718250715,-0.625562922625493,-1.52723786552421,-1.6716232043356,-1.49587668570177,-1.48107000661197,-1.23203807491539,-3.05906933672817,-1.19416062118754,-1.08641150010687
