"time","CAF","CAR","CNA","EAN","EAS","ENA","ESAF","GIC","MED","NCA","NEAF","NEN","NES","NEU","NSA","NWN","NWS","NZ","RAR","RFE","SAU","SCA","SEA","SSA","SWS","WCE","WNA","WSAF"
0,0.483218804957748,1.37502287052561,-0.272875022625712,1.19121168830104,-1.595494210631,0.394374356929845,1.86875967406574,-0.404894993353694,-1.00307609063937,-0.0445478341986001,0.558216997254685,-0.971002565696207,NA,-1.34539124063075,NA,-0.882725411673565,NA,-2.07441463241843,-1.81108770930668,-0.353137230911114,0.971363436410726,NA,0.448274790706781,-4.32871884539311,-2.28336231048373,-1.36736230338895,-0.131556655552569,1.06643401578918
100,-0.817917111541032,1.41365628734542,-1.13671144712386,-0.399679268057293,-1.55818360754244,-0.59179145935173,1.31215714930056,-1.51824037273941,-1.27930267197356,1.05314165290298,-0.656129163673558,-0.766239808494032,NA,-1.32969665218655,NA,-0.750721183791351,NA,-0.739292974037643,-1.92889061976345,-1.24628475784207,0.687974416626815,NA,-0.0681137881539747,-2.59634392371406,-1.14389897711039,-1.40711681520283,-0.0415665908182592,0.830518977859865
200,-0.946322312894022,1.56549775932546,-0.88303805687973,-1.25435612521751,-0.649265505202979,-1.61819277108425,1.51837422383797,-1.45679547876293,-1.23008797289022,1.14031892897563,-0.231731811886955,-0.542636427754846,0.216475363448717,-1.27082159541831,NA,-0.696192816333853,NA,-1.41487367176198,-1.33236492295507,-1.08996827111173,0.0353543029448437,NA,0.326508291254245,-1.79999729985914,-1.23124089295598,-1.04574674990411,0.142517176935782,-0.606920392039703
300,0.0998908072027263,1.56549775932546,-0.873643163702217,-1.08790362592617,-0.688013145290015,-1.80247378709469,1.16435401327648,-1.35128359871691,-1.01469881117217,0.254027820894736,-0.17682201657044,-0.91870331429941,0.301929880918306,-1.37192981632755,-1.60528038192226,-0.636463387511536,NA,-1.85144755066593,-0.594408643906393,-0.572978641535326,-0.0392776597199497,NA,-0.460377985384534,-2.22065807703979,-0.711030046462172,-0.548690961079578,0.235821675445493,-0.858937655037232
400,-1.62167481762178,0.943211427610363,-0.933394638301806,-0.730354323668569,-0.609648964026199,-0.526587780611282,0.172770024014956,-1.32222888121549,-1.00238909895288,0.349426659260324,0.0155372417886033,-0.496106604811976,0.458115209714385,-1.27636153534932,-2.17236149320005,-0.603238138019388,NA,-2.11188323424055,-0.6672288795382,-1.22718834526521,-1.05166109625362,NA,-0.252606112875375,-1.25534606992159,-0.317960458207114,-0.492306975240403,0.172495624451058,0.243090305498477
500,-1.87041675027009,0.458051020020257,-0.743478160369404,-0.583717854372361,-0.556831504591957,-0.619309621132124,0.0501245847660355,-0.997080158321614,-0.552667213882416,0.541394325400588,-0.00692268550637449,-0.591345752437583,-0.373648103048314,-1.20484234262585,-1.77831304830065,-0.654945553180865,NA,-1.80809299141673,-1.00873640080906,-0.702537156345029,-1.20005973622813,-0.437669436954065,-0.32650378501271,-0.858629197799476,-0.363248066811899,-0.547151881195938,-0.207980938862007,0.398871440628949
600,-1.57434011272391,0.300593017915218,-0.49357769955583,0.250797842930856,-0.176657529240683,-0.574398939386699,-0.0998488461510282,-1.09293463201594,-0.443813953719016,0.175319120423778,0.000569969435853505,-0.385193080652092,-0.352203179014558,-1.11134471251894,0.911188937640788,-0.810699227621582,NA,-1.00576230527007,-1.41022798919778,-0.3100648482554,-0.833569905356568,-0.437669436954065,-0.195843106541112,-2.04841821711407,-0.498439198510599,-0.655863797527381,-0.379093255304741,0.561515972958353
700,-1.36951284227719,0.592846914666736,-1.2592851668848,-0.372171159395545,-0.447721234385499,-0.59835577289685,0.38394210694461,-1.08264903812766,-0.443713090102009,0.281647101780782,0.183521991955558,-0.371032785280034,-0.267400968243736,-1.15999317828788,0.474268557582122,-0.529948334957405,-1.50263079230599,-0.646204748071769,-1.10722995482188,-0.181121429856971,-2.03296879118852,-0.672878369435386,-0.2567904074884,-1.63515983332948,-0.356303321913513,-0.760368746023854,-0.127051747273875,0.647663382626151
800,-1.06768825375378,1.13871989770873,-1.36611164750818,-0.66592054002255,-0.511532126146098,-0.665886507667265,0.243100936007931,-0.704396907121719,-0.371992740987438,0.591404578467627,0.767373138601086,-0.544001686416943,-0.0269519116667103,-0.974553668073931,-0.0217905804352313,-0.262357429478556,-1.09207378880791,-0.954725931174583,-0.706342927464202,-0.488029698677897,-1.6518022328373,-0.852935286983397,0.130012265040343,-1.1599619369433,-0.471059147761583,-0.694912056028714,-0.0622798426912417,0.432206802677476
900,-1.22711210152456,0.673322753260873,-1.3077632366149,-0.547772407733326,-0.608571725435043,-0.708136318673572,-0.719849824861723,-0.64489002831877,-0.398489632911574,0.777753664977692,0.88894379836386,-0.551199884221057,-0.198620837392866,-1.02678572625881,-0.369392544352462,-0.267123976602569,-0.642945170129865,-1.79515813758864,-0.965413388925515,-0.711729900607086,-1.42468773761411,-0.852935286983397,-0.0649616142428467,-0.156531747781816,-0.482605527807918,-0.425952845507487,-0.141213832513334,0.0714272841376784
1000,-1.32687850074977,0.416307339837359,-0.896821837007801,0.0945502552658879,-0.292375807695396,-0.604430353815181,-0.941542921526592,-0.801939224407144,-0.52181000461018,0.530765859731285,0.862419417002683,-0.430101025855873,-0.204054387975956,-0.807432611521111,-0.165732584734962,-0.203616701667697,-0.996393884220411,-1.66117165954116,-1.0100822713936,-0.251379333434826,-1.42468773761411,-0.929999469449125,-0.00920033524213649,-0.833909733388832,-0.374306534994283,-0.452819168770207,-0.254070222441759,0.0531213034486393
1100,-1.28563341028418,0.124859440326568,-0.873954806494149,0.0584144804467398,-0.178549175681028,-0.351739708718033,-0.707874798569449,-0.964996203336415,-0.552915750329558,0.811159523160082,0.584836522194509,-0.340547305314155,-0.151073815386423,-0.904682019331114,0.0655571687782192,-0.256962467697101,-0.303246145712945,-1.66142904900781,-1.30593977879841,0.130200907279988,-2.23844749398822,-1.60781832364954,-0.0112418811268648,-0.391731360761726,-0.373328724814195,-0.469218549401552,-0.0978339129535008,0.358509329425817
1200,-1.24018329963735,0.521317295500525,-0.96065354899284,-0.131967460125219,-0.275987907495051,-0.40254951719183,-0.0552997182170986,-0.652723178182881,-0.344709977131644,1.39193232343262,-0.254329086411674,-0.196190197127516,-0.0716929090418567,-0.816668667710067,0.281223750475328,-0.461927032333509,-0.0247932527679615,-1.59178468651794,-1.18100725251741,0.245051539429798,-2.23330770084897,-1.60781832364954,-0.204736701238178,-0.120587005326202,-0.270301224449601,-0.378372884946734,-0.061284009710889,0.537080621554348
1300,-1.03681744334155,0.46709142337562,-0.873458724654458,0.538204839425313,-0.19074563056721,-0.435312457617514,-0.151610607654523,-0.586067078005508,-0.514858585608428,0.249676791294727,-0.318282981782215,-0.164710955586211,0.426512612524393,-0.784541298096699,1.18598691421436,-0.509063812443507,1.19896723238792,-0.758233492594224,-0.681612869944544,-0.0634687135262564,-1.08406958457342,-1.55155026178657,-0.278614510363279,-0.159487581233141,-0.369399651722859,-0.456830003530262,-0.125342013511283,0.472387801576129
1400,-0.964069153394148,0.196013373235569,-0.745067371083577,0.551112298553317,-0.150871429104072,-0.446272188590469,-0.323238012147354,-1.09964259806764,-0.6687345626258,-0.784793354450044,-0.217416209269082,-0.0506179544021084,0.0790591552965955,-0.79687238494743,1.74292236731479,-0.366225162330719,1.31124380225753,-0.701179133670895,-0.47437629231749,-0.125897807780991,-1.05219265703901,-1.42665726419815,-0.303253903766651,-0.0643292158279863,-0.462812188214727,-0.739273274514121,-0.290623235309141,0.654573950034149
1500,-0.472636179999762,-0.658531322980934,-0.629973262527788,-0.612821598351466,-0.421002254326316,-0.539451623113934,-0.329170537186439,-0.695688641676082,-0.494787254689204,0.0341444404341134,0.0899016267379459,-0.150171862804172,-0.0810236471632249,-0.749634619416781,1.89453248524388,-0.509372106380775,1.42435589778965,-0.990965618309784,-0.534419752910221,-0.355466335256684,-1.89414122056677,-1.42665726419815,-0.610924239816787,-0.147834785033098,-0.575702687504503,-0.77948575401346,-0.286154716038861,0.736449348101853
1600,-0.65537031959799,-0.361781741301083,-0.446276168808269,-0.153475962728079,-0.384266056932059,-0.699350188450606,-0.777330119077597,-0.629484033538541,-0.606980551690875,-0.140598678385788,0.190372138564814,-0.193070244513778,-0.09418889090268,-0.654631413313459,1.65185518051367,-0.375379624256613,0.620425527041647,-1.11342009986326,-0.906819115039099,-0.0807739303041968,-1.89880515858186,-1.08183327726376,-0.755988097225146,-0.479807617830695,0.418689662010557,-0.689721175718539,0.026844485856307,0.51323618092484
1700,-0.633852516330636,-0.125249476467584,-0.302647700970437,0.271877008709407,-0.306296488169315,-0.718333874515403,-1.4541477699086,-0.835134106892766,-0.621904124493572,0.120459502439896,0.325642208107306,-0.200006559132866,-0.0053955944292457,-0.677056305632854,1.35018100633509,-0.55275076609634,0.734334556918685,-1.14063069143397,-1.04361529050164,-0.343454451055868,-1.15865078258124,-0.833725324152141,-0.379084551242295,-0.271945097718444,0.772595350084712,-0.600945945278498,-0.223455901556291,0.521873093173925
1800,-0.91535427552412,-0.219509741348076,-0.066411536008964,-0.162127408986977,-0.291882071475473,-0.524606366034249,-2.0219487590094,-0.5475038580646,-0.429124411504374,0.107707703305871,0.452618197757248,-0.125509374819967,0.389907602475467,-0.594856729600238,0.978043146844488,-0.430645395291063,1.09182152417595,-0.98876020247999,-0.792597738088705,-0.00573639953027481,-0.558714323249772,-0.833725324152141,-0.48668425333676,0.101671130998282,0.325396615517015,-0.495706950601036,-0.311507200647694,0.149022838962396
1900,-0.817892726939957,0.17816971073664,-0.255386034220523,-0.411784376384045,-0.386723470023052,-0.483356137598532,-1.75664180412649,-0.688844579174361,-0.220353865732671,-0.0031500727002731,0.48443405064031,-0.233697312673069,0.427971969581039,-0.545607002010096,1.01477759535255,-0.129105519425478,0.338482673438171,-1.68119735527735,-0.814425279533834,-0.0548031131341379,-0.646344300002182,-0.833725324152141,-0.476331097691939,0.33635233155302,0.369741575264574,-0.593150609633181,-0.316548986673561,-0.282298962502076
2000,-1.04264089106264,0.230103422023804,-0.345814934974632,-0.770081921381397,-0.351592332734741,-0.489474001629507,-1.92836239210895,-0.575009861609592,-0.117028465544209,0.113887712805445,0.46360099399278,-0.19409657191489,0.385751498279799,-0.478052198351782,0.973326105227049,-0.261701426354417,0.194486314601823,-1.5465913891198,-0.902729983686695,-0.405049261670741,-1.55055837405265,-0.0127656829035229,-0.266347559001288,-0.423316841022238,0.238074480649147,-0.725130881769355,-0.391457430357663,-0.30236423530166
2100,-0.678020579344234,0.193462669315407,-0.361200761584582,0.204984434355819,-0.223903507441599,-0.4672138261242,-2.29304761954102,-0.466599002822251,-0.0893736530253964,0.415495556432378,-0.000994165406758552,-0.291139153478194,-0.0660439214223452,-0.497437228339778,-1.39654862465892,0.0196405400649492,-0.325229949061477,-0.943780032399371,-0.897225493206977,-0.204836587276387,-1.83683371974123,-0.0127656829035229,-0.177362148899343,0.266696099969123,0.0762096664813129,-0.747890242714786,-0.25640473159091,-0.0475908570416763
2200,-0.872905369373642,0.0977516266193532,0.0224863623646044,0.0855469841690525,-0.328217923855761,-0.205937714656503,-1.35980647242233,-0.736243403515817,-0.408088636162224,0.0232591056518611,-0.190985069778434,-0.316082813971797,-0.134917050528485,-0.70929112993764,-0.014958755513572,-0.0378756429835904,-0.298578170031029,-0.669655723056603,-0.720935921889633,-0.701639812283377,-1.88826191979575,0.993551510909163,-0.365249505696296,-0.11592303668993,0.0275448253656757,-0.700218294027122,-0.139827722214194,0.10040064806629
2300,-0.630581189984172,-0.0108334172402071,0.502582233974533,-0.188728777609527,-0.323143181954923,-0.138542423634547,-0.902930986294969,-0.375385069349154,-0.388627840800725,-0.450451861247875,-0.431271771212445,-0.227652376953672,-0.23763205679043,-0.646913715191794,0.0916083782662515,0.165383156424606,-0.691820380988482,-1.02921229741502,-0.538174207763633,-0.651071351598585,-1.9066345769867,0.949379553581672,-0.288184963638814,0.131089904890532,0.250715308848284,-0.554097924460756,0.141193296406325,0.0499201487725094
2400,-0.572092853015452,0.123757407270319,0.399523472766922,-0.477593526192884,-0.27334415126532,-0.104852242397652,-0.949234059823306,-0.490736287180179,-0.32985300215079,0.384162846449289,-0.648601334948415,-0.246382256033186,-0.232997965642921,-0.555377580587791,0.624023929086465,-0.142735016084511,-0.502737648729898,-1.58962640577159,-0.432900781252885,-0.641621068106035,-1.60472774417078,0.949379553581672,-0.414883348769047,0.414906198051678,0.51662351084271,-0.802260252071168,0.35024226106364,-0.142358181142338
2500,-0.776461549397962,0.556235120211509,0.217144035691563,0.0881139892572189,0.0084357751992928,-0.149647540522052,-0.974446481832254,-0.378107925583167,-0.475612009104945,0.361999779222421,-0.263691676264068,-0.141221795796258,0.770403960027951,-0.647831821669098,0.624023929086465,-0.0898988106001269,-0.690558149578791,-1.37489650476524,-0.528739742998715,0.0085943296134641,-1.20166319714898,0.911799643115286,-0.269817577154563,-0.310615592915823,0.727216152886796,-0.869761173687976,0.294755297484979,-0.364441401354343
2600,-0.394557617603305,0.351345294167597,0.236759300168279,-0.450356073334762,0.0506269829906364,-0.0929647283615407,-1.22986322168513,-0.416082973909611,-0.453251340607889,0.353609612093973,-0.0670329543995865,0.0877164526219018,0.425363256515662,-0.778682836430714,-0.377538744357767,-0.208598558643396,-1.40763329951419,-1.06182695825424,-0.857672237535015,-0.529991472378968,-1.44704152481521,0.879930769216616,0.0694655519590203,-0.134450467809143,0.806914983035144,-0.711662330955532,0.112322923784065,-0.756215691499009
2700,-0.940453575939858,-0.162847520671627,0.258200043403162,-0.984403932156598,-0.171261063554679,-0.193354349817541,-1.18439403355303,-0.304439354100024,-0.524554122908912,0.581950624527667,-0.110309952562014,0.218141191147165,0.560908635565475,-0.530107087829543,-0.298089610983887,-0.0515411140052771,-1.14920383726503,-0.742153504697328,-0.787889801683808,-0.455933359449195,-1.52825841309752,0.879930769216616,-0.0493599127062778,-0.444691569958088,0.689556323372243,-0.625865572854065,0.0162537364052426,-0.873241587560177
2800,-1.03660099679484,-0.684484348636063,-0.269402868757293,0.445085441661864,-0.0951356027605725,-0.18686772458804,-0.240717983332525,-0.504476166705662,-0.409930364535302,0.601950180731568,-0.244622665061605,0.0923953616061187,0.405973289949102,-0.50174579912876,0.217723808469364,-0.160679006012014,-0.964460575471935,-0.61665068311741,-0.535786436617328,-0.434584224469375,-1.61316055722719,0.879930769216616,0.0509908556551795,-0.197353138537776,0.897550910034043,-0.704703643120454,-0.0108593091160415,-0.957071650141963
2900,-0.682873875843112,-0.542890433026868,0.0776411857624869,0.636431171372935,-0.16694567744694,-0.0417759338919408,-0.00719905792122699,-0.333634191765919,-0.47932632284138,0.580358396107177,-0.193307342226944,0.202703918604538,-0.0774853735235091,-0.473396644306861,0.220996709731542,-0.0796774881436612,-0.687871197485645,-0.306679711333145,-0.556662914022259,-0.497217887725305,-1.63174901972155,1.37485881258206,0.140921514425796,0.063847971608622,1.02504031285659,-0.711307368025763,-0.113825429361955,-0.724754686377481
3000,-0.781283330986059,-0.47114000974956,0.138411434601443,0.290039934274327,-0.0956256344635764,-0.0030817577556796,0.227806003244094,-0.306250544262783,-0.455396629143003,0.209725580816185,0.423106753112554,0.0788573907304876,-0.1301717023091,-0.396334005810824,0.222611593705183,-0.0183413905084915,-1.1358524339319,-0.256820233527442,-0.308387165231744,-0.199373200962421,-1.41071223197238,1.50196964460126,0.252743336143003,-0.180479883444336,0.875291300430932,-0.607944017886554,-0.245800126488601,-0.556205022054017
3100,-0.914109846858483,0.526334254270609,0.184324863709877,-0.0438389832594273,-0.38050298953671,0.0215875176011128,0.344925041089122,-0.424268281361463,-0.286992079617474,0.803151759281848,0.580291499850132,0.115946812441208,-0.177398548201442,-0.516084645389266,0.555993657200725,0.0233721221626158,-1.07848611592393,-0.178886594431961,-0.467510699417428,0.210980947981372,-1.27287875736589,1.240333646088,0.10407805477512,0.00423144524765881,0.789156222235305,-0.45631963186801,-0.113249305737215,-0.187951708497344
3200,-0.953563810974091,0.585208813133871,0.0702491008883025,-0.429812052824927,-0.452328483014593,0.0343406193894023,0.418589785261346,-0.348755997465554,-0.511531444584531,0.654429206860852,0.174323322718564,0.166886860347629,-0.19429404987541,-0.541432577579323,1.12021326708337,-0.0904946906472767,-1.05067867892606,-0.537414142510326,-0.363274669783557,-0.265333896426225,-1.14762114947646,0.902754005807089,-0.0427711186930874,-0.0518854915568646,0.683222093661473,-0.455680942312159,-0.0224254549139657,-0.258453279570335
3300,-0.746957125730989,0.839417529514637,0.0556781691662045,-0.0454753394463027,-0.263918251378935,-0.0174585683532893,0.301643038982644,0.0444841370337122,-0.514078212488386,0.327237914109115,0.268260279220583,0.127375765447465,-0.00740396581207033,-0.49931362796311,1.0010355328195,-0.146052748633321,-0.953800860563855,-0.535966667190866,-0.186236246339874,-0.422956033872573,-1.10059288115039,0.840412465202023,-0.46266126205413,-0.627715941979609,0.615872808006133,-0.416220109802993,0.244774583158999,0.0836140207836795
3400,-0.498830013538494,1.19777680092325,0.142641398484348,0.180917102557949,-0.194929908507886,0.0142680568740638,-0.0360156214427286,-0.0868587891530951,-0.441223207452153,0.183916972588743,0.339001854158862,0.0240569983387069,0.0348126621908813,-0.453159641319075,-0.266608177565034,0.0218604859246114,-0.759889131853538,-0.417010549428168,-0.440774106990696,-0.31979508622028,-0.903874384029855,1.06270388492748,-0.192922845755713,-0.427386276657562,0.321542909568668,-0.292228272993087,0.0615317048361777,0.0308708621164417
3500,-0.286974386807198,1.15946604813598,0.0664463427072399,0.329692738549691,-0.214876763903671,0.0178080994577004,-0.264150289185927,-0.266775398157837,-0.484804127841343,-0.122528879165152,-0.00847292809940238,-0.179982734837667,0.0877354732543697,-0.403322757033871,0.344608989798006,0.45399721229376,-0.820886736047989,-0.33036142772178,-0.519059687844096,-0.426625469820758,-0.873852255550114,1.38509000135191,-0.153180584109341,-0.0485817724232105,0.299666977359058,-0.28291867000717,-0.00395614973935645,-0.288349009270195
3600,-0.0945919082229545,0.981426456681841,0.127314949300655,0.885197364204528,-0.194842792624286,0.0346625036774473,-0.326769571422917,-0.24145629308755,-0.408116007383588,0.235062069755951,0.285018807435074,-0.00961158560245627,0.346839241312167,-0.385071214818285,0.27226915501765,0.332506375471502,-0.979518194366513,-0.40225530572042,0.167018305103118,-0.716989540978958,-1.05711890229878,1.38509000135191,-0.0511965857307895,0.452384850012095,0.28583636897835,-0.275998992734221,-0.0511195821503559,-0.147745848468459
3700,-0.517070730534569,1.0034537632308,0.141842717463428,0.623865569154174,-0.147756591918278,0.353002873291242,0.0073658884454714,-0.195570199120378,-0.371791449607214,0.170799020804349,0.252379612060562,-0.100070453540662,0.551192036160997,-0.428523006038579,0.0753150406664608,0.416370952205693,-0.911794588474619,-0.480301780825532,0.538706368957687,-0.138298399893085,-1.08515886672178,1.39504714629202,0.198561819086146,0.113332544629575,0.371303515083175,-0.203973413498181,-0.288092342509397,0.139770617075546
3800,-0.311632156678722,0.592413937753751,0.095909853244607,-0.39471837628265,-0.299898347142762,0.246846694208452,0.120244290151122,-0.0536866488370804,-0.141216266971757,0.56303557689972,0.0440864837308744,-0.139860458059144,0.327057940489867,-0.300310699275172,0.0847759189674013,0.438701406337351,-0.925773531341833,-0.147785411582656,0.439755373726547,-0.157627429927851,-1.28036558039142,1.28657330186504,0.0558444120073715,-0.0930166617118865,0.364920450885122,-0.139143975638292,-0.215211893681743,-0.125194684756843
3900,-0.610994988959162,0.651164750259201,0.0352202349918749,-0.299200481677967,-0.138759860826052,0.189406624704005,0.117767238395284,-0.122853836420151,0.0178837182483647,0.400212326425168,-0.50118458686928,0.0716495619639072,-0.0423304856193784,-0.141441300369237,0.0616555930031134,0.0848866754338344,-0.711673120025418,-0.124047551921884,0.220106696484448,-0.152907319901301,-1.27591132613381,1.22880832115211,0.0980336361212517,0.0547501008755919,0.323339200537876,-0.113158996025646,-0.0581613655982125,-0.203128407869114
4000,0.0682487840417626,0.824653044216273,-0.191800244175542,-0.0318929122879845,-0.0383832940416337,0.00474132688880457,-0.015426955042765,-0.0356329646409606,-0.354886162480984,0.424993280572831,-0.7444899508293,0.147637403686687,0.735601143157797,-0.131912266036689,-0.174850506234289,-0.0130740555296681,-0.694797372861603,-0.120314376929957,0.167229589582494,-0.448171223338756,-1.12457837916014,0.7129007362983,0.338315653991525,0.511251201944552,-0.0598484026361049,-0.213314622688552,-0.0254849537846379,-0.0460666852825212
4100,-0.0941865442034005,1.05749685919296,-0.227772909328019,-0.130832352570613,-0.0888256282228796,0.069263968735853,0.245115227114001,-0.0367385446437824,-0.313190540383134,0.276650735972784,-0.794294671337481,-0.0448113696829046,0.70174823657235,-0.0300321664062085,-0.200420315917285,0.0582390528333511,-0.518953872088018,-0.223108034915907,0.0537561104779474,0.433854354130181,-0.285413819724255,0.161132437548512,0.0384633004238579,-0.0940228836050605,0.0316719978644478,-0.137694145815479,0.0868830199314353,-0.0577235335806433
4200,-0.0500763210035337,0.792266454532023,0.245020246952333,-0.0976952482724721,0.00147585264563498,0.0071082294913822,0.274475375017607,0.157553831126137,-0.325120991595591,-0.1275998550252,0.060477284918744,-0.277109847676849,0.0172401667679739,0.0292217670225019,-0.918122642067529,-0.211657015999158,-0.49964016075247,-0.106433996576146,-0.273307891365249,0.344360031792241,-0.151847321941334,0.155174590701521,0.183784998309033,0.440729495960621,-0.183016322706707,-0.104642780912471,-0.0797192246975124,-0.290816160896019
4300,0.107293091134667,0.609474527908036,0.523147462164447,-0.0917890618226286,-0.214570504292521,-0.044457250187701,-0.0893438318032891,0.197585770351983,-0.541631860355551,-0.891593772484905,-0.114676520664221,-0.167571956155745,0.188865159284065,0.143196293827039,0.166933495181243,0.214205664817758,-0.389684047479109,-0.501457661284315,-0.38062450914263,-0.702996525977443,-0.163837112038951,0.163054652131532,0.0106625832958535,0.766794514798669,-0.364992728948517,-0.115326913151001,-0.197944922256184,-0.299581768884082
4400,-0.428077709539629,0.990879504238531,0.679905820417139,-0.501173085054189,-0.177219819392497,0.0373563235062553,-0.345028673225653,-0.180602731898807,-0.477147616671531,-0.543209099725995,0.583116334652704,-0.264678375555553,0.372354149200774,0.120525150879426,0.319855289600953,0.381814663906984,-0.238098829942362,-0.259004423732993,-0.268601294581598,-0.236348062237859,0.359288812267274,0.327497805985829,-0.0404701312610141,0.346027546493287,-0.339621531793152,-0.0869214338959712,-0.0128202762088468,0.119992223483307
4500,-0.41140771960689,0.17779873674946,0.365541894112086,0.0444805823832191,-0.245576670442565,0.239299320190929,-0.482159905975503,0.102668256112415,-0.339081928109314,-0.750797000676049,0.912439665410149,-0.114852218630136,0.185617603055126,0.186432029742241,0.319855289600953,0.229274773256661,-0.653842024665829,-0.176180319955944,0.133183025115235,-0.419830764872757,1.0050498651995,0.667152338365189,-0.0927914113732958,-0.253842099542564,-0.152331962292396,-0.137995652809463,0.190937154452242,-0.16266369752812
4600,-0.490562368117299,-0.275711380916067,0.125753597392559,-0.217121053117019,-0.454321204235806,0.286207737134387,-0.284511502157094,0.299127409669526,-0.137543998001088,-0.527975970581235,0.822456498095023,0.178466158865866,-0.0618792768214208,0.278414283779759,0.361751439374359,0.220724956158514,-0.47535080437564,-0.128760021498736,0.537300172436807,0.0533411471641042,1.04087331563327,1.22050305399613,-0.0868334670592797,-0.0640188889719879,-0.0616894175587099,-0.0459879882143248,0.109364423873829,0.136995390568414
4700,-0.135228020765356,-0.135193872018884,0.187238796498808,0.318640013038599,-0.366253336416133,0.389591852478514,-0.190063343706372,0.258664796510425,-0.228718626347315,-0.86885057321431,0.236685512994431,0.21534503499378,0.0948240215352207,0.288526318596849,0.277636735324044,0.284676796579838,-0.534185818623076,-0.0453740580821962,0.595454264606679,0.306748016123886,0.453499883975129,1.01385788197896,-0.167167420620526,0.0169189126496831,-0.0726064949079291,0.0829658012220239,-0.120677965285644,-0.191484269781555
4800,-0.070448349240374,1.25675580173717,0.393911508882977,0.455864531710799,-0.124716297571207,0.331516524350544,-0.11287991324508,0.217179570977585,-0.34537972189495,-0.793093433138913,-0.0166973747063339,0.133429328044595,0.2496362099186,0.33179797992214,0.304357979504112,0.268655028754516,-0.722170162804722,-0.150627242034277,0.125894398041262,-0.486387417411203,0.452444390500139,0.699474460981452,0.0590019227376828,0.173824606577945,0.211079256277297,0.0790325435973742,-0.328342285763331,-0.263196059297523
4900,-0.134025525484955,1.05511221087929,0.304169641060855,0.337527212372481,0.149049673356591,0.0973320847248546,0.50466366544081,-0.140638683609409,-0.478759383079074,-0.553368916765219,0.853282135497176,-0.275795594839676,0.316452214571017,0.345763682641854,0.230988590526122,0.131578324417407,-0.541947923407852,-0.276985264987827,0.0348534968141698,-0.213529182700435,0.57419377365526,0.699474460981452,0.119623306058829,-0.332479014672106,0.236409500702212,0.226569304872868,0.0190988806370153,-0.39897348814915
5000,0.149773578832137,1.1230396313222,0.266833381073522,-0.374422012426701,-0.0800420516432415,0.18225748385777,0.484714009945348,-0.0862414450642769,-0.337862960572113,-0.839581254820839,0.404797829166096,-0.701369538606658,0.209181389761886,0.327604416645346,0.0770638560369789,0.238105038052187,-0.128968376580181,-0.46345336400576,0.208284977866241,0.0129355700980717,0.863960916147851,0.200161424410018,0.29412617583274,-0.422896967841552,0.55653094523978,0.191117711812845,-0.110778007518984,-0.0456920004549591
5100,0.858711482163294,0.125961729777983,0.288226461682448,-0.0323874359691161,-0.356665552720222,0.0776479925189035,0.384226267120726,0.124733678542096,-0.327153674377872,-0.228792445810235,0.475188797963353,-0.64078805169023,0.114245823162508,0.385707111347914,-0.520359737314192,0.260207918309301,0.348533205243174,-0.0587723783160181,0.348069814010544,-0.348422390692237,0.781464812296248,-0.426249027881646,0.170320317279759,-0.904307347931291,0.518476227537539,0.165088703561905,-0.0400013677584871,0.0204370018000146
5200,0.529623680016984,0.11109014345729,0.0564016521503251,0.369687717263764,-0.233298971105195,0.131848842933549,-0.0338217121570038,0.304262784554358,-0.235183250582442,-0.350855866371968,0.206209800382776,-0.649662316978747,-0.259542039546299,0.374949187723074,-0.439495017007935,0.409600801329365,-0.533894946160322,0.171579007065399,0.316203736541787,-0.0780387317609883,0.476011537069167,-0.269636611249121,0.134104286994495,-0.704562006122718,0.720947453772328,0.334380002991136,-0.0592831361149222,-0.130237065668791
5300,0.127243869949307,0.596929943173914,0.276789165434547,0.380737682117373,-0.222605655094654,0.214880009405768,-0.0368483505602067,0.468993871974079,-0.224940281547187,-0.352781706027631,0.00163939781927343,-0.549983851109657,-0.405741911186523,0.260360691873079,-0.480366939580306,0.385786477289891,-0.480127415117355,-0.217666310198363,0.467118212005154,0.766547390617822,0.509340643028511,-0.269636611249121,0.111308929547238,0.175986071805506,0.477046493747791,0.32542668863355,0.235336661552693,-0.29733629870356
5400,0.700684495130359,0.447163501702176,-0.257663984752707,-0.225802298097008,0.0386695898731442,0.259438911218031,0.249743070108285,0.404149369668605,-0.0721610593827191,-0.14576494575143,0.011147177604597,-0.503735922887188,-0.506883850898978,0.441694988935025,-0.434572357044561,0.237107742262998,-0.345415363143043,-0.528510255414549,0.230533555154444,0.801664570983954,0.144386319946464,-0.30957650235349,0.0870463530814838,0.751023138131812,0.333747630004516,0.275002658601255,0.197740277132221,-0.416958147359506
5500,0.771477184474709,0.558852554831417,-0.286612854054565,-0.293039356006159,0.20807824855118,0.246116484557458,0.157761266293667,0.246935140696363,-0.193617017274213,-0.11517106851306,0.501514175761681,-0.683785138122958,-0.552319743080904,0.272640021207582,-0.0277438978009396,0.70368919418843,-0.113804315440765,-0.58015202042441,0.151116320631209,0.933926696343486,0.100179969849966,-0.0777237192812619,0.0995693353351808,-0.10600187634567,0.0263691685728956,0.18201792222054,0.00951273648879409,-0.411939490816595
5600,0.747873925222167,-0.0119827011716231,-0.144332166519477,0.012627344299123,0.587097803002561,0.256386410335346,0.23554286507938,0.350634368498782,-0.255870691501965,-0.470615145304912,0.145586867879316,-0.363894856964717,0.00146705426769203,0.265678562041505,-0.0425794752076056,0.339537717888084,0.0232924320046813,-0.250898543877988,0.192509397139099,0.435178656690046,0.100179969849966,-0.150635721369065,0.0705394879008986,0.0310933692263845,-0.199704731890798,0.113814286157262,-0.129876449389487,-0.0822769386592966
5700,0.83002631530315,-0.0755926162850051,-0.175969919077343,0.566678713903107,0.519627176291065,0.323652785561354,0.271572039284548,0.544871015128267,-0.0550685309834661,-0.518840193177745,0.0415673325839224,-0.300868098777829,0.0415599985903455,0.467950596473045,-0.1233277689491,0.234604579994174,0.143960390792168,0.0472730642390536,0.478450559465892,0.19211287525762,0.886113893048791,0.0965404625401967,-0.0684828580779488,0.349521580184941,0.0609701268043066,0.120659600897396,-0.191914930629519,0.100097758686478
5800,0.316864095930223,0.120594409106619,-0.0465166880078695,0.52275273445479,0.338487519631425,0.112894207034399,0.321218435498851,0.638631752774285,0.0788199926044983,-0.119255404600299,0.0775506033671656,-0.426901647991756,0.181378560672288,0.569159666944565,-0.223307664890637,0.0590728253841531,-0.121562133568235,-0.0145753298978938,0.609680498197669,-0.0116664509058652,1.06346595813646,0.488336897100606,0.136638919762928,0.158147113005447,0.0147127082058973,0.00881642967906933,0.0372868535298855,-0.175105525147898
5900,0.162236324919675,0.283641297391025,0.422614050745684,0.185439045639692,0.399493987463331,0.347578466747811,0.349369450950741,0.765721753798898,0.136324516054524,0.298563057035113,-0.0910354394067357,-0.522536373008841,0.331698649081035,0.539817455416428,-0.498146831850161,-0.227428097828901,0.10109574704097,0.124426450259229,0.893005265499575,0.25880335626908,1.07294093596571,0.502109936655084,0.151407074775046,-0.0699035439463885,-0.118463405754835,0.125991424968629,0.0825801980245766,-0.140638278778707
6000,0.448052832007432,0.0552431815444048,0.36717898992203,0.586019828340404,0.43690025767934,0.421909040139726,0.421040857961875,0.618368755578853,0.0904180733096836,0.0397598819839091,0.316287862843783,-0.315396256960334,0.394257850259856,0.658502570495823,-0.562590812014998,-0.0757669654247982,0.000342396978849671,0.202211529685866,0.989550052916044,-0.0255379229551737,1.15154455708951,0.577617930213629,0.188357038347365,0.418059213352523,-0.112125132446774,0.370439074556077,-0.106799584852736,-0.13172996485957
6100,0.953056987963364,0.226641953941614,0.508539128204091,0.488072158116563,0.233910641670411,0.330339494918105,0.757260796265419,0.552612824100216,0.0131804719673751,-0.147593625591899,0.140717124891276,-0.385042848105064,-0.0292085050902687,0.631921654659334,-0.57114524012122,-0.232313152292217,-0.167131287699007,0.275790846667012,0.751150868674647,0.850174753363308,0.646909479040074,0.383163995708233,0.064827840964412,0.518546311197426,-0.0324622424226021,0.488593055040139,-0.00798829600658986,-0.00680836580613712
6200,0.602785199809007,0.180735680646919,0.503797178913537,0.145375572797068,0.304580303190639,0.395982180987762,0.749121907334432,0.510517545901417,-0.0394960964139871,0.899318823109253,0.0643197419808732,-0.683590989753048,0.0110293605152896,0.60045559511945,-0.232194491461771,0.00804062108063612,-0.05342520268893,-0.0042487083933947,0.550261319533632,-0.0333790289223107,0.338272491522295,0.207619359449407,0.128910598424951,-0.128645197635162,0.181211658033935,0.55505407761824,-0.085084245419709,-0.0389748745283231
6300,0.890374207243111,0.490056050860373,0.405272701109177,0.232424756470417,0.414439824649768,0.288634382564766,0.764138903733192,0.530280745799347,0.112761942473653,1.06769337946638,0.778152131516749,-0.333352270225901,0.238909366544862,0.61910021558432,-0.0924012735455002,-0.0138835031221799,0.451420649014591,0.0374917723960475,0.556321058112364,-0.355834878853226,0.0873033222521872,0.0503753925363461,0.0855914381499477,-0.247562944867888,0.505845359409161,0.413379475078193,0.0226743706595521,-0.174469717363605
6400,0.323229486518136,0.206481863955087,0.00142896962741634,-0.111165352459901,0.533122064183731,0.296836581849951,0.492791813660123,0.677901928404554,0.468714463664558,0.0718073364250784,0.779863571101052,-0.144288815231182,0.17334361216348,0.656982228757417,-0.311019032141262,0.206642192754564,0.756546257759529,-0.0490722740129537,0.850678153585747,0.342883695440307,0.0873033222521872,0.12035946797968,0.159134775989235,0.236637227092038,0.49485161244314,0.441604846607165,0.0712823844392765,-0.112514768639327
6500,0.343317040472203,0.0359501904422077,-0.248067150206896,-0.273300718526283,0.371175963288442,0.259227044341735,0.564252104114725,0.480564017189135,0.405187661009723,-0.154129180770944,0.883160984705527,-0.285494858327334,0.211131846803859,0.708479711494104,-0.458726428376484,0.338693957630854,0.372917882815624,-0.132938552455784,0.670242617475411,0.570597866899299,0.233722093911463,0.177926378335435,0.170564792807055,0.583641827705957,0.230938185001635,0.460791359696327,-0.263367062855806,-0.245204561734982
6600,0.825589026125578,-0.0573213731585097,0.260513709377509,-0.243247522040045,0.158331046601933,0.0942767472778333,0.804275972953704,0.714958396466724,0.398642340991407,0.273326625393315,0.792943398064223,-0.398454599795263,0.457651837005216,0.691746284892717,-0.869753751971122,0.342761425843474,0.199861274111557,-0.0502749325714987,0.38474456684706,0.527639196478419,0.56042015333857,0.0890734007409358,0.292390664954826,0.445146908010345,0.493974691911647,0.450300984586873,0.279267946714531,-0.234888967366956
6700,0.804246452475344,0.123651177619628,0.286002012774463,0.050373852033277,-0.0292645908991187,0.1300460025147,1.09975814703515,0.274492272978803,0.403701791601224,-0.0624941911675173,0.703696914519498,-0.377698897509671,-0.0448034492562515,0.537368240002583,-1.29007654949584,0.116882179403596,0.769606101448438,0.0532199440487815,-0.434887113494099,0.341237444101666,0.724316820665424,-0.00389734108007431,0.122050084976707,0.862492049625844,0.357300199217436,0.630263014443442,0.339049349557886,0.416752783421478
6800,1.14367034043269,0.477313774925721,-0.429801874127149,0.0774872673422684,0.0613604574133023,0.190159570924935,1.04517905242097,0.242254205852577,0.403085780575511,0.521366258186517,0.615006222644207,-0.390551821212651,-0.729461777913751,0.485265485712688,-1.06373320585209,0.0087869684501396,0.254966041015654,0.116670198468679,-0.0870396014595109,0.36200631043893,0.921267589287138,0.0901317321860145,0.0879339187198568,0.602018539913342,-0.189602295650582,0.683943767356303,0.0967429518621646,-0.0207543770521082
6900,0.532202564930373,0.541322013894149,0.12992501419961,0.216918587740231,-0.171416018652866,0.147305607508792,0.877540799047483,0.175408719591263,0.343749655164767,0.00977585448994703,-0.0396164594355193,-0.387605733706413,-0.412389893731806,0.431256003475913,-0.975077318724399,-0.151016313573392,0.198707423012456,0.25720918174525,0.0381205027268349,-0.218750755334571,0.763191283878786,0.257401446239095,0.271656965827664,-0.110846317671919,-0.168116581460613,0.734927411236227,0.271371720230338,0.550926640569008
7000,0.0603060216920146,-0.311229369741115,0.554464494655093,0.207036635232722,0.0913079266077006,0.153531746656015,0.493118717378156,0.159311529349876,0.321004703525723,-0.0460245536500728,0.318654827270006,-0.252798216457009,-0.389034895144139,0.517674505021197,-0.337057494066129,-0.421502480055995,0.869410775368929,0.166552435030681,0.294720690969499,0.125112403748251,0.728529372844333,0.588263390383477,0.178307687467925,0.379382749154932,-0.203239607926094,0.843854696730495,0.41387088404824,0.742720623632923
7100,0.39360880320017,-0.426054165830423,0.360796168321695,0.396139224424676,0.378317627781201,0.181827220481262,0.0618890542941231,0.204918786991936,0.626416268370305,0.33086333845351,0.423165862863454,0.753422651803003,0.217515373824189,0.595275120050055,0.378484397593128,-0.162898708357469,1.28753647245765,-0.376220480009113,0.612553047725998,0.302620633907596,0.760101514673317,0.38709860048454,-0.0385642273243517,0.978555945460677,-0.83496299989162,0.848555510868934,-0.00532165969611266,0.0795225361549285
7200,0.915227053672843,-0.458921478510296,-0.0370701485032197,-0.522403462082313,0.427002851058254,0.239410764003539,-0.260195161293595,-0.0314267909454124,0.670086055492613,0.271119186701963,-0.0194346550691528,-0.154096286979195,0.34029494810552,0.452376684296189,0.429886698373519,-0.0648451107892716,0.968810808685968,-0.110178993595481,0.284590647237685,0.232417068694368,0.83055167937806,0.00139772991212246,0.240822855720371,0.559950764143817,-1.01133756903744,0.662750835954787,0.205851053066205,-0.0922165737892895
7300,0.782864242256937,-0.207312906016642,-0.0409934407185221,-0.130763338788646,0.2882395682331,0.191648908807647,0.265039615788904,0.13929224344818,0.955380358617639,-0.531452919817561,-0.0510178137093814,-1.031391308094,0.0741361734553826,0.513557382172568,0.549465893683041,0.195169619776957,1.06676563016739,0.158696804990172,-0.0428654688182339,0.625615687235385,0.775040843833595,-0.0673140045480863,0.107503271238291,0.2436424598818,-0.955066774845958,0.694867400983079,0.502201903094151,-0.234047872909743
7400,1.05146430401783,-0.511811416011971,0.0794178117251487,-0.670777710054236,0.215002932127496,0.103890525744721,0.280144347092583,0.133118927282075,0.997373306435837,-0.49466057536016,-0.458722964745344,-1.28267083532317,-0.0799815247521544,0.402909166505734,0.501770730055299,-0.017920783500943,0.812749798123501,0.302995606323649,-0.0921549429991414,0.739377802533448,0.783545106535612,-0.286853662657971,0.00270035443436274,-0.382594231056359,-0.65978184417514,0.734562322829932,0.159557230877664,0.489997707980316
7500,0.66114008950841,-0.992043078839753,0.0616791926770596,-0.501550828755583,-0.0561203268814651,0.00910710496268061,0.336508318689419,0.0759661580263235,0.964472050206408,-0.570481726909362,-0.889432470346613,-1.30440735354261,-0.422765731108225,0.555633530384592,-0.201831288177987,-0.0458289484930625,0.846865020248255,0.158255495243673,-0.0984190508657177,0.679863906989802,0.622365111176416,-0.000912046476335527,-0.045565727261034,-0.668405616524258,-0.838954300175153,0.431494677879658,0.309338956392541,0.450984975994789
7600,0.373122544290188,-1.22149443250472,0.174467904425154,-0.249582963526085,-0.0988754825091862,0.111342758372809,0.0754655118931899,0.521383788778858,0.96438191804346,-0.205054075229359,-0.674507073559048,-1.01562134277728,-0.423111111905575,0.497609526633247,-0.368628817631146,0.000461756881836438,0.0852648375753455,0.344691660583646,-0.0284922910868392,0.144511796834262,0.230880662959042,-0.16903841398027,-0.116955885078218,0.123215699431088,-1.21484937584725,0.206770237691987,0.614190771883081,0.543528835346282
7700,0.212081016387554,-1.30167939932588,-0.111479663223018,-0.160102739870194,-0.126367758517661,-0.00898040104999367,-0.287253245015617,0.310563072583528,0.8442505233628,-0.386490877125814,-0.644381269691977,-0.968049870873561,-0.325939982315646,0.422291756330609,-0.0349602291057512,0.0262463276095845,0.0814087133765998,0.499590914956234,-0.397601778088323,0.485670904607306,-0.00797923198697266,-0.565411582567532,0.0680900998482653,0.251739776950674,-1.38222517640527,0.401578908548863,0.664950334774231,0.223006490168983
7800,-0.119677748571913,-1.51900602571223,0.219920260224774,-0.452501140940666,0.0691109522766959,-0.37154678579087,-0.187105014821867,0.123445166170763,1.03957944676516,-0.553274738543404,-0.72293988980712,-0.607971080512062,0.154953338866247,0.198696766758616,0.409099407261457,-0.237401758304558,-0.448269936677685,0.81578886597135,-0.124425925078633,0.608894549177962,-0.028461845535722,-0.438912436132163,0.0680535455866606,-0.0255903185248258,-1.24385045463364,0.582938624790717,0.367416897234027,0.323202388218712
7900,0.292974754869177,-0.923127004697074,-0.0818108864587543,-0.782272825076374,0.27962515467239,-0.295408537645754,-0.288929023616656,0.17841656639725,1.14892665436388,-0.589528493051009,-0.923611674030655,-0.324663302111339,0.415834040948099,0.123921238416433,0.409099407261457,-0.708084547221759,-0.56928057422944,0.936396658234963,0.24636360870978,0.546875853223532,0.113733312726722,-0.277057815916395,0.15327555282827,-0.209990242106202,-0.969492392159484,0.693436473300362,0.570442232422641,0.234133275086158
8000,0.530362987902798,-1.08032505315188,0.0491959915662386,-1.23328273356952,0.255042039808299,-0.0499524601830487,-0.358044220677394,0.0219722763324828,1.28207599925021,-0.661045416937037,-0.888043441006603,-0.385048661384303,0.27451945830001,-0.110251322456882,0.454631623933537,-0.338047286628032,-0.259780295890916,0.674033521758945,0.100508215371843,0.08060254107263,0.233092256940117,0.0658329586780595,0.219323582467318,-0.328737606897839,-0.82484597760659,0.515541043874845,0.452396059545413,-0.0276560948112412
8100,-0.342486210826029,-1.33371945140469,0.300972959857567,-0.723813405537932,0.184241583056414,-0.272213809842319,-0.212216480769329,-0.192022517795631,0.895468230769262,-0.534156277504955,-0.952341306773931,-1.20742917574673,0.0619894594650444,-0.119614359077505,0.160325429714874,-0.106681462342811,-0.629697221840625,0.726361590917397,0.158127182471661,0.371347089357292,0.289634804878718,-0.331726935818918,-0.045357767234114,-0.359021100009602,-0.744268661090716,0.381914732249509,0.191317347883032,-0.374453681185801
8200,-0.104446991265833,-1.77341485187207,0.458697437050388,-0.822439820105068,-0.116886205595497,-0.642208354896384,-0.122228788547867,-0.548542050510437,0.68134605113014,-0.849853892838417,-0.927545646342725,-0.827495819638293,-1.05437728289473,-0.30242236222868,0.134928873366798,0.0991755643716574,-1.0919981567457,0.923673280215729,0.399327402811213,-0.0663442900328038,-0.351338821322114,-0.553614042537434,-0.200221762558515,0.280652646668436,-0.566943523486472,0.374742378076716,0.117903222313186,-0.432591620359753
8300,0.54542901443241,-1.45913638270936,0.299705988390642,-0.223497214833402,-0.40329804977509,-0.805076546727547,-1.10790997813518,-0.464748794137953,0.916404603460484,-0.51946142300445,-0.95590885074098,-0.312795452156583,-0.732835575276086,-0.336882072382918,-1.99409973915059,-0.0311168402107528,-0.233562617371307,0.918688517519725,0.554208079569758,0.70164474233575,-0.832503038308846,-0.611737879892099,-0.196918151956225,0.449445264870222,-0.405400331769432,0.42896915291284,0.507601932395335,-0.48963095969908
8400,0.617997750329682,-1.54221788755067,0.306758693796366,-0.646996179290804,-0.490356591093683,-1.04492570412947,-1.75207373466765,-0.26605635194167,1.01669770927047,-0.501470632129953,-0.909798969776703,0.113772890132067,-0.352491581181167,-0.314113300732686,-2.13600580411117,-0.286579091234518,0.383530337328168,1.05286752118305,0.545342406101743,0.139061350545715,-0.974836168129667,-0.594041571459133,-0.252937018097518,0.57971932878412,-0.755871143642676,0.245147082680299,0.53380809701147,-0.299976046324649
8500,0.154069114415854,-1.21642866823416,-0.420648479712043,-0.593699152407425,-0.685746069319157,-1.37125730339668,-1.8919982130171,-0.232896049589666,0.812243920861449,-0.522932607700214,-0.562937855092483,0.0951353381034446,-0.465871235777381,-0.312695867864436,-1.99912052277723,-0.279865290469716,0.202648474191256,1.08772627768908,0.824404007717048,0.134655531120165,-1.25448558158504,-0.661581408664107,-0.581270404084438,-0.481137322631301,-0.869277065219715,0.101130720679474,0.523687173721893,-0.0860618982451828
8600,0.310457181114806,-1.16636507634033,-1.16143285673079,-0.76739120950714,-0.924076334201702,-1.2984562129359,-1.43298721551147,-0.267509066892405,0.977849765740552,-0.391852952627852,-0.861831630107108,0.161418572090292,-0.435667614705746,-0.33395647392913,-2.31115620122156,-0.398302166358138,-1.04087090262059,1.84540478658034,0.834943191017504,0.578025002939658,-1.2476830576532,-1.84779378675535,-0.794684726648743,-0.351607385726108,-0.599962206564551,0.0533658381053091,0.638885033737947,0.0786151650756098
8700,-0.0171960947911001,-2.48813091842222,-1.16047430526072,-0.182867491000425,-1.28157363104012,-1.36064399269939,-1.1134774076527,-0.16673638915874,1.27153552261119,-0.169046595925992,-1.08686687021126,0.371691311792452,-0.466962877784424,-0.36114257660457,-2.55211598830778,-0.260356716660607,-1.20111861367251,1.7364315096579,0.668145693526923,0.334616253038809,-1.23296328113371,-1.88440119508592,-0.74520170273067,0.0902221361687488,-0.213499492062271,0.0980113437634866,0.731600382166764,-0.0422249384246175
8800,-0.309764614328904,-3.0100843137902,-1.06007261810893,-0.0376127030890587,-1.09681456622243,-1.44423137827778,-1.69805784049135,-0.17598679997436,0.846565549992429,-0.100614683150483,-0.741088344471562,0.0240777076833638,-0.468635506142597,-0.47680115801075,-2.56076026499227,-0.212893826037321,-1.37845430683327,1.38369733272879,0.917501794360098,-0.0597938198651182,-1.08455365015825,-2.06130047462261,-0.699599978277939,-0.107619227864279,0.286450446535298,-0.0293904985510018,1.00448170427502,-0.0934607108904374
8900,0.43729892102538,-2.69401724482097,-1.38714972098365,0.534515759466963,-0.734128408010389,-1.55170952222063,-1.61140768020289,-0.0056919494044696,0.587152189586309,-0.213862036456793,0.127667444668502,0.702592241094312,-0.5456058792445,-0.817238936521563,-2.61701212631602,-0.228451137522652,-1.28336193858114,1.62364273049508,1.21327616631797,-0.350348761973971,-1.78008829933072,-1.9894136930302,-0.745666185758199,-0.281309804202231,0.388909091110306,-0.196721843946534,0.653380528981894,-0.25811873675616
9000,0.470004972174986,-2.0859697814606,-0.690193844101853,0.046401430827325,-0.841799721188217,-1.59344565626658,-1.51001702279759,-0.1830448654004,0.809710295007058,-0.514788253386068,0.0106035256731849,0.289002167862765,-1.20320207461509,-1.26103423441805,-2.55105300825121,-0.311362654849444,-0.892037673063636,2.12387474274536,1.28293756237996,-0.268030276004563,-1.72560241990505,-1.79931694237691,-0.512254506580946,-0.175249268138134,0.146297058956051,-0.473347863582608,0.63267764649282,-0.0302379730271376
9100,0.143713582601642,-2.24837584425668,-0.0618688620699065,-0.0451174098616051,-0.819716506425397,-1.69488607025262,-1.00138256838061,0.161301300910041,1.00740841178949,-0.653412842157683,-0.156192769085745,-0.10587507394952,-1.16995522872604,-0.889297491383263,-2.93801495051836,-0.628153940311765,-0.838972247831923,2.27434981317444,0.747830136573545,-0.281260980359634,-1.71993664702253,-2.04073011406395,-0.603693970128527,0.118172751191224,0.135149835565871,-0.45880280443036,0.737431795041289,0.432923154917179
9200,0.536529560481882,-3.51552807355422,0.0784077746875332,0.529098604948259,-0.739160095870751,-1.90292397381309,-0.872105036362326,-0.110459598054242,0.810486499544959,-0.608941025287502,-0.216544560679474,-0.474821115154372,-0.957012027854772,-0.744234600257481,-3.5591158735875,-0.407507869327833,-0.871076119396063,2.13108369365551,0.712540529454101,0.186386425407755,-1.82069261925114,-2.06281365034305,-0.732597783147797,-0.234789782921195,-0.461242725820458,-0.101020199330239,0.822601085455288,0.296749551783317
9300,0.204385433050571,-2.92371028361242,-0.0944526695754488,0.405406146176554,-0.971303646787419,-1.84585666888902,-0.608329018189259,-0.175232230385579,0.647846701265747,-0.0902633876507155,0.149467541121567,0.0216716767534063,-0.876701715230386,-0.882285721355247,-3.71991027604529,-0.402999026128212,-0.929946266657741,2.06183063009983,0.87276363364746,0.61490082832621,-1.20888361451932,-1.71387146094794,-1.05496646237643,-0.426885324970462,-0.415383506964534,-0.161571098151932,1.16992815589905,-0.360879916553473
9400,0.0462260367492221,-2.70824572535979,-0.0838800648375032,0.874354879331127,-0.387094038650931,-2.41870863768383,-0.887256358761254,0.446751015942954,0.421999901169573,-0.107302864562349,0.0898223787113725,-0.0155392971080881,-0.7167499519176,-0.537665621525213,-3.36551229432781,-0.336355263285709,-1.00285132529447,2.10074924041308,1.0267238875177,0.819958921222484,-0.576141126051855,-1.61312921903376,-1.09666334905196,-0.0727462651653456,-0.686356870827195,-0.59388306496738,1.07246917288135,-0.18462451495458
9500,-0.255029789498868,-3.70925705314234,-0.609148699970034,0.690956143560695,-0.702409088293962,-2.33482930176878,-1.40249179858092,0.0346527939077462,0.347501676427805,-0.421824803302298,-0.0835724757338409,-0.194977261644433,-1.16086280097953,-0.435211367277405,-3.58738742773547,0.0275671704332221,-0.927078968361049,2.14331004960117,0.821352820519697,0.152446499767491,-0.71444393731277,-1.65408560104843,-0.768189793492113,0.106712194095283,-0.689761727169187,-0.990633562800866,1.16075450077513,-0.178310426016669
9600,-0.696172897297237,-4.01137755580571,-0.710844840061247,1.21532955825068,-1.18749021170286,-2.15597980389908,-1.81296677564297,0.0564049809427676,0.505724316876404,-0.582830251656871,-0.123013314449942,-0.0052394602560928,-0.891131041242198,-0.226741160359569,-2.99798506817382,-0.0863977594027609,-1.06321791970404,1.85262159743948,0.645776345086114,-0.20838081084288,-0.554226809434469,-2.13627849658084,-0.786418554705089,-0.484550117173181,-0.208549178315563,-0.514509723769798,1.27745741763411,-0.97517894260058
9700,-0.560360027242633,-2.89696380917628,-0.360344721903995,0.755262884946288,-1.2082591657053,-2.66195989592369,-2.19220588856048,0.21069450982368,0.52470987180749,-0.443119628809827,-0.477015529723317,-0.151811107095305,-0.828098734216222,-0.364210957123491,-2.90350958674524,-0.104683860254527,-0.760469624524316,1.93302525964607,0.681690830339072,-0.0189365472148207,-0.949194045954612,-2.0670886889402,-0.634058286950425,-1.16046958248088,0.569420521900764,-0.360052406855326,1.50534808763398,-1.69490861740917
9800,-0.414150623169152,-2.8013863382392,-1.40251696630159,0.444784669234841,-1.43920005636646,-3.22303082683422,-1.59235036352545,0.353215297169136,0.53238898605171,-0.440963076711972,-0.737165418162174,0.0977921629794873,-0.652071909761558,-0.657074688533946,-3.21092118383388,-0.111573568853089,-0.872738116218751,1.80295622638846,0.724859807631644,-0.176074036541134,-1.03508356299287,-2.11974873587016,-0.889645988567609,-1.37233444286824,0.44692453801148,-0.671365412025366,1.80482794262394,-1.5914464581939
9900,-0.464040908838569,-3.57328433815333,-1.61427258330243,0.798969744826246,-1.2616465578752,-3.30664898356981,-2.27877464622086,-0.0223587697834259,0.742945541385782,-0.950786780917726,-0.745409003911818,-0.0246973400720858,-0.349036341037248,-0.853396773739098,-3.69085588063852,-0.135804632790873,-0.712850799906742,1.71965345653229,0.717049202971901,-0.320201473364902,-1.19943422475627,-2.49348376305664,-1.00074050698838,-1.29037543220578,0.704062763564259,-0.750857349796046,1.85031357010511,-1.63595545304114
10000,-0.610673176617358,-3.95232670407395,-1.593087938105,0.41098070628811,-1.28624795384212,-3.51057222257081,-2.74949560041377,0.192122022324043,0.632687474131557,-0.80677569443618,-0.736726936850937,-0.917641351520966,-0.767914964668258,-0.707119292667931,-3.74586928365741,0.295917083337522,-0.938807913259751,2.03394939626572,0.24906335822297,0.18463171007872,-1.26172749079589,-2.44008059834926,-1.16079077257201,-1.73838592348036,0.731474609492031,-1.38319900149232,1.34719675819247,-1.41911594302816
10100,-0.486451687890943,-3.19912321299625,-0.992332749761303,0.369198920460083,-1.57651766802745,-3.69580890100116,-3.48209081857409,-0.0499208340319531,0.410327403764889,-1.47964177941765,-0.642034714003319,-0.582425983407405,-0.832627454975803,-0.815963829424989,-3.98709571014158,0.294835523650388,-0.976438553729612,1.91185519816857,0.325061085039955,0.680479575915172,-1.15297040235596,-2.10833956121892,-0.978875227232206,-1.25167605701948,1.10385306511756,-1.58735289911136,1.34604651421478,-1.2158940610538
10200,-0.588943077963926,-3.06544638033216,-1.01464449987495,0.208291540909022,-1.41197387038414,-3.57714222207201,-2.79724848356206,0.247323744903487,0.284013402531104,-0.978641642648164,-0.754486730917142,0.0544642377790941,-1.12195600687458,-0.976051215624657,-4.35005126225292,0.925334040582091,-0.893751107744391,2.07365958955382,0.71075192148926,0.626782754149894,-1.19929005171834,-1.90271885490362,-1.12595517673729,-1.40034505123065,1.23894319042522,-2.08217547419723,1.35303091752427,-0.798929916204874
10300,-0.637435114290193,-3.07420213054406,-1.74328221499,1.51136541368647,-1.68050664069221,-4.01752967098892,-3.04088758798884,0.216431200361165,0.254045009761353,-0.757982884232996,-0.701178675821164,-0.555312273656148,-1.07354732699088,-1.41136201412027,-5.33340688455762,1.21145431904449,-0.457241306038971,2.37632635744042,0.393158572027235,0.759434880878474,-0.992100042504928,-2.07892992767235,-0.993583488887108,-1.27227557840758,1.41050595620422,-2.25442990043165,1.22425434321473,-0.636402929608548
10400,-1.06733378176668,-3.1770117673634,-2.63017759597145,1.00542585206612,-1.742503457052,-3.81766582753388,-3.64182734980011,0.421473386013002,0.0750300368555723,-0.890478342941991,-0.658955229601136,-0.11352676446757,-1.63461664282991,-1.59323217518818,-5.12267282062801,0.22326357737512,-0.298153485063708,2.14361940680891,0.279776424435676,1.01843328250144,-0.833541462496325,-2.42110111833298,-1.22595120041357,-1.47400647893007,1.3421725406217,-1.68925134084142,1.06061257767656,-0.784767241959691
10500,-0.772693720921092,-3.59432912706454,-3.52039032580273,1.03985240165603,-1.9377190275586,-3.50711200455531,-3.41901000475754,-0.676982770140777,0.142499630811084,-1.11258434682353,-0.584215524093374,-0.308524101225159,-1.33824293464902,-1.64862713827504,-5.49900191047397,-0.618558081240391,-0.389030067028646,1.41829856810379,0.842133155837261,0.563365369484807,-0.818373234088698,-2.29164004054701,-1.30512169114406,-1.70044176246814,1.18924893461087,-1.80796789844812,1.03864403827655,-0.937189603071819
10600,-0.572151444018155,-3.09665734467839,-12.3431279622489,0.637072636021072,-2.07647914529895,-4.08557412203731,-3.60363198299084,-2.05428255910603,-0.294138343458963,-0.938434343840294,-0.562539128740098,-0.223262505547926,-0.701722895073189,-1.95918139779337,-5.45902872403974,-0.712638294782949,-0.227267004004269,1.37965712074337,0.663626553579429,-0.681141694174062,-0.746987896222631,-2.12773700295576,-1.60301211432988,-2.23919740561276,1.11407922177709,-2.00868156091426,0.764458457976841,-1.28065169851814
10700,-0.833676988075759,-2.96668126382374,-13.4959472354631,0.265543204303213,-1.68510477364947,-4.42344859037256,-3.41622559473941,-2.33105925106547,-0.463676412738702,-0.771385502601286,-0.325379317007483,-0.0399168599857649,-1.03330640275516,-2.75169791615138,-5.48672206931634,-0.639503748063021,-0.166166171546121,1.36791576862131,-0.164008364455841,0.452341646155517,-0.590217735685029,-2.1315901824188,-1.66239540152473,-1.84459445603706,1.6536981304897,-2.13690931030046,1.06540031422572,-1.45578145073049
10800,-0.660339395780522,-2.60166729754118,-9.21693298884561,-0.0275851721681715,-2.27528896954089,-5.3916424062693,-2.78420656897859,-2.34316147726315,-0.530232145029351,-0.680865656378699,-0.614513686028521,-0.459667717826683,-1.29689465075711,-3.27099575979987,-4.4909102130267,-0.811917641876712,0.0536815267720077,1.53028867057259,-0.602083817549164,0.711921926744727,-0.644953146549464,-2.27483194336376,-1.71842210730562,-1.59953107004207,1.08065003959437,-2.23823152267733,0.549628645679765,-1.36404348295829
10900,-1.0009742751848,-2.93666395157147,-14.8687186274559,-0.121831539707857,-2.22972479845935,-6.2565699642139,-2.75656117270877,-2.8786017288872,-0.640369343586594,-1.29380786851366,-1.35335661217773,-0.303914676022969,-1.40292526608278,-3.32098240008192,-3.76219946930879,0.688586745326502,-0.0173179825108734,1.66223998301319,-1.52355830178114,0.356491023518527,-0.871177158686694,-1.77408626911523,-1.96635321212418,-2.88235708359304,1.15840168701902,-2.88111264882214,0.446086280917613,-1.03926854206683
11000,-1.36293184580099,-2.91278451608008,-14.5132040222784,-0.282849743254831,-2.53195606046292,-5.06576438021543,-3.24159230661518,-2.40531108263366,-1.10668626158706,-0.621661599401548,-1.13559802339405,-0.422572023690979,-1.71896900209448,-1.97109081859945,-3.57073129767168,0.705989615305458,-0.85491899398354,1.77422429435175,-2.30488854575763,0.344653399654519,-0.93113040438497,-2.46162499649588,-1.96060386031571,-3.3479475313059,1.19775285052623,-3.54786186960878,0.00222616431005131,-1.09878308032604
11100,-1.68548912405053,-4.07951557401644,-19.8174898141064,-0.597027439449797,-2.93022462171089,-7.33790308009427,-3.08244769699564,-2.5013648739735,-1.82885048117723,-0.659653196042159,-1.02004496246173,-0.141556178429081,-1.50309283411531,-1.82134873592266,-4.61323608218425,1.09798181338457,-0.443837365725085,1.21108036269719,-2.41096894864245,0.320417596820572,-0.962269978769813,-3.2894948333057,-2.24000481394886,-3.22321681625497,1.32270072124772,-1.85622902210888,0.549934310563536,-1.98460918784386
11200,-1.94793670676918,-4.21444003096738,-22.4242034849835,0.0419578550693758,-3.66455590141603,-7.64551798058036,-2.36402983767845,-2.57000027227715,-1.79502298637859,-0.954030699978715,-0.739951511456838,-2.02142983979485,-1.0840895997252,-1.86079757279692,-6.23579950710531,0.406761813935792,-0.472974837368197,1.48121170463186,-2.00497242689244,-0.356264330195663,-1.51418309882762,-3.41958366681505,-2.31574926185743,-3.15480906639827,1.4283791030188,-2.07479755266076,0.69735823896441,-2.25606244594022
11300,-2.19287214776331,-4.38636339829305,-8.6198711418081,-0.620402026258241,-4.22954077906033,-7.54803347370559,-1.08704080483718,-2.69712082253513,-2.11331934533499,-1.43538031328232,-0.726626231037555,-3.13816704804439,-1.94271169493875,-2.83489300032013,-4.69522066527543,0.575926483524796,-1.08397174829486,1.48169450769806,-1.7381499509173,0.207284856580966,-1.99050044965216,-3.58758403909653,-2.46147238988037,-2.61023514098022,1.19865616250141,-0.954109351078735,0.572880409753988,-1.79912958966649
11400,-2.36893463603691,-4.24234260169196,-14.5283000916235,-2.64905588957715,-4.52886226851101,-7.64183700299811,-1.61656193585187,-3.95168391652252,-2.44650754966314,-1.43002257747327,-0.726626231037555,-2.2416968480615,-1.86451656527828,-3.97703353521998,-5.99268356512163,-0.34737685050519,-1.11701050499894,1.5311004077479,-2.37583979344406,-0.184780250443414,-1.99050044965216,-4.0174367090645,-2.56863775959798,-2.81239362958293,1.54858332780122,-2.25985604477992,-0.0762232421115943,-1.60834088800293
11500,-2.84207076108946,-4.39659335314831,-14.5283000916235,-1.91143357927119,-4.53550439894828,-7.95333849514839,-1.7580977774214,-3.73921099008901,-3.02803128894305,-1.55196282567032,-0.401643077914016,-1.97124230994554,-1.96377292245269,-4.56523581322328,-8.04157940705906,-0.890940773670739,-1.71072149062893,1.65520012353307,-2.19299985675158,0.174440639690419,-1.66896652893325,-3.82955012681517,-2.5178042422154,-2.49713828388415,0.980841316878452,-3.59265422513796,-0.862729744463241,-2.28342256969794
11600,-2.53073000560034,-4.46713288794126,-13.3492322694437,-3.809006521281,-4.82532904958723,-7.8090366152307,-1.89976703957366,-2.84769395533313,-4.20996452028337,-0.519867921198411,-0.70642230772604,-1.18617822570639,-1.88841288740086,-5.9989889920846,-7.30511956400427,-0.785182814992423,-1.85336257647403,0.602860344939085,-0.969713566348545,0.525187345283014,-2.24520646321484,-3.63466118253789,-2.75674792575002,-2.75813526332716,0.869043125291816,-3.15707997637287,-1.69156993961186,-2.66842909407762
11700,-2.31726954927821,-4.51026484276683,-35.9849212202268,-3.84087523451718,-4.66805646213008,-7.80720533014723,-2.32037765336457,-5.56770531270654,-5.13220722309756,-1.18191264032524,-0.561330213930904,0.143678331094644,-2.07240269126279,-5.86564395269733,-8.00574728449003,-1.29212695801513,-1.28502227803762,0.484083304988796,-3.50146301867802,0.416917962929551,-2.67822955693669,-3.54895700933983,-2.99399979997006,-3.1935380269532,1.22668611802403,-6.60912639075758,-2.36743077040901,-3.32821346932148
11800,-2.76637267715191,-4.79714354486121,-36.443949227797,-2.83376907791109,-4.78599812559234,-8.51084726557413,-2.73084850803184,-8.32580749732123,-5.7893091679061,-1.49952320862095,-0.463682341161197,-0.742890734365917,-1.97272932186354,-6.62407457458795,-7.1410302479155,-1.3315131774101,-1.71025907953285,0.296611421770885,-4.31880105941126,0.214718851182645,-2.6436881113804,-3.44080569046805,-3.43073566333564,-3.37725346709721,1.146034059584,-6.99471908500786,-2.5899433464052,-3.65937314926846
11900,-3.02798334580262,-4.92058375209195,-14.2346246918867,-3.07354500576355,-5.41808989877866,-9.93472235822546,-2.4286408554925,-8.08487966411256,-6.24334123005408,-1.08578762835453,-0.50011513569018,-4.0529993280586,-1.45919055090559,-7.29155020327747,-7.0904533374163,-0.858374486165967,-2.69019713422845,-0.0192906921447074,-4.08597519581495,0.0153657804120303,-2.6436881113804,-3.70896006013442,-3.62126095352341,-2.94482519713232,1.02182692565868,-8.60101046961801,-2.43039483978444,-3.47408949499186
12000,-3.27996520674688,-5.04414025195068,-14.0628354287398,-3.69831571392325,-5.02067022592201,-10.4069775172614,-4.06534285614448,-9.70054358383126,-6.63398556328659,-1.31011949457865,0.136055845329409,-1.14944925573683,-1.20663376160588,-7.46858064475115,-6.72640528231927,-0.43684633579054,-3.65050964614991,1.06127366601396,-3.28079920029342,-0.297161827004166,-2.55012139596787,-3.70537614254174,-4.07023631270397,-3.49029720805065,0.749053438643443,-9.10735010464639,-2.13089859258942,-3.00962892441887
