,ARO,ARP,ARS,CAF,CAR,CNA,EAN,EAO,EAS,EAU,ECA,EEU,ENA,EPO,ESAF,ESB,GIC,MDG,MED,NAO,NAU,NCA,NEAF,NEN,NES,NEU,NPO,NSA,NWN,NWS,NZ,RAR,RFE,SAH,SAM,SAS,SAU,SCA,SEA,SEAF,SES,SOO,SSA,SWS,TIB,WAN,WCA,WCE,WNA,WSAF,WSB
0,0.7806455492973328,0.15333157777786255,1.2972785234451294,5.937060356140137,2.2249817848205566,2.2313897609710693,0.7518224716186523,5.068940162658691,4.323095798492432,2.6884572505950928,0.5920131206512451,1.1879918575286865,3.2949013710021973,4.678048610687256,3.561387300491333,1.4297795295715332,1.576975703239441,3.3115899562835693,1.545991063117981,2.373105525970459,5.619369029998779,1.6030683517456055,2.132305383682251,1.335649847984314,3.895341634750366,1.9876128435134888,2.8095648288726807,3.654543399810791,1.6536355018615723,5.606325626373291,3.354950189590454,0.9106593728065491,1.7563942670822144,0.3316621482372284,5.58937406539917,1.944488763809204,1.5681596994400024,3.8880536556243896,8.949895858764648,2.8910727500915527,3.1099531650543213,2.7129147052764893,2.21160888671875,1.6255855560302734,2.2374489307403564,1.1533445119857788,0.9297139644622803,1.8706765174865723,1.8286892175674438,2.363542079925537,1.1277077198028564
1,0.7662466168403625,0.15284159779548645,1.31398606300354,5.887669563293457,2.203772783279419,2.2109832763671875,0.7445741295814514,5.104800701141357,4.333774089813232,2.720708131790161,0.5845814943313599,1.2028648853302002,3.302558183670044,4.660949230194092,3.599559783935547,1.4141768217086792,1.5620250701904297,3.3761701583862305,1.5636780261993408,2.373671770095825,5.579731464385986,1.6016812324523926,2.1173219680786133,1.3083996772766113,3.8553898334503174,1.9839954376220703,2.8116490840911865,3.672011137008667,1.6590341329574585,5.535830020904541,3.374166965484619,0.9078249931335449,1.7606931924819946,0.3328400254249573,5.551601409912109,1.9530023336410522,1.572211742401123,3.9043240547180176,8.874201774597168,2.913943290710449,3.1122233867645264,2.7028965950012207,2.203348159790039,1.6329374313354492,2.234011173248291,1.1493364572525024,0.9076606035232544,1.8498716354370117,1.8120218515396118,2.3195033073425293,1.1286048889160156
2,0.7840113043785095,0.15250715613365173,1.3087897300720215,5.929840087890625,2.185710906982422,2.2337465286254883,0.7456633448600769,5.087285995483398,4.292926788330078,2.6802871227264404,0.597644567489624,1.174552083015442,3.339848756790161,4.686367034912109,3.615103006362915,1.4125789403915405,1.5771865844726562,3.434164047241211,1.5633529424667358,2.362394332885742,5.52363395690918,1.591734528541565,2.1124625205993652,1.320540428161621,3.9207887649536133,1.9759825468063354,2.821775197982788,3.6180531978607178,1.6517313718795776,5.515852451324463,3.391082525253296,0.9195777177810669,1.7512668371200562,0.3225685656070709,5.531280517578125,1.942935585975647,1.5724049806594849,3.8217809200286865,8.87267780303955,2.921956777572632,3.1131575107574463,2.714240550994873,2.208716869354248,1.6478359699249268,2.2400941848754883,1.1501755714416504,0.9424547553062439,1.8280324935913086,1.8599889278411865,2.364981174468994,1.1088017225265503
3,0.7901162505149841,0.15088419616222382,1.3125274181365967,5.921267032623291,2.2601513862609863,2.234560012817383,0.7485594153404236,5.100995063781738,4.309378147125244,2.681962490081787,0.5956822633743286,1.1910401582717896,3.313771963119507,4.6901021003723145,3.5793631076812744,1.4190433025360107,1.5803463459014893,3.2961840629577637,1.5768606662750244,2.3902852535247803,5.557822227478027,1.5920002460479736,2.106848955154419,1.3243849277496338,3.850691795349121,1.9964877367019653,2.8091180324554443,3.6685588359832764,1.6656609773635864,5.478458881378174,3.3670899868011475,0.927004337310791,1.7589893341064453,0.34281378984451294,5.587211608886719,1.9699093103408813,1.588649034500122,3.9269094467163086,8.923227310180664,2.8791537284851074,3.1068782806396484,2.7164132595062256,2.224095582962036,1.640167236328125,2.223506450653076,1.1566113233566284,0.9241828918457031,1.865438461303711,1.8388556241989136,2.287484645843506,1.1253317594528198
4,0.7858936190605164,0.15409062802791595,1.3208595514297485,5.875953674316406,2.214794874191284,2.247495174407959,0.7548156976699829,5.106555938720703,4.283498287200928,2.680389642715454,0.5935791730880737,1.1979541778564453,3.3419570922851562,4.71084451675415,3.6109561920166016,1.4229695796966553,1.5782026052474976,3.380382776260376,1.5795437097549438,2.3662197589874268,5.420491695404053,1.5971347093582153,2.121995210647583,1.3228501081466675,3.8927648067474365,1.984365701675415,2.8332927227020264,3.6138107776641846,1.6544872522354126,5.487949848175049,3.401242971420288,0.919539213180542,1.7603217363357544,0.3250441551208496,5.567250728607178,1.939367651939392,1.5846368074417114,3.8763747215270996,8.913314819335938,2.9357426166534424,3.1185123920440674,2.7152857780456543,2.2149581909179688,1.653281807899475,2.2076427936553955,1.1556429862976074,0.929294228553772,1.8526005744934082,1.8661479949951172,2.3072617053985596,1.1309903860092163
5,0.7906489372253418,0.14836834371089935,1.2741882801055908,5.836181163787842,2.210480213165283,2.247372627258301,0.7533062696456909,5.091315746307373,4.296664714813232,2.670994997024536,0.5925766229629517,1.2064635753631592,3.31449818611145,4.7037672996521,3.625190496444702,1.4186331033706665,1.5757195949554443,3.518277645111084,1.5539627075195312,2.37016224861145,5.364974021911621,1.60039222240448,2.0947048664093018,1.3257228136062622,3.87528920173645,1.9903799295425415,2.8461833000183105,3.6064913272857666,1.6611968278884888,5.488255500793457,3.360616445541382,0.920274019241333,1.7594786882400513,0.3177120089530945,5.589864253997803,1.8950735330581665,1.5395145416259766,3.8719146251678467,8.903337478637695,2.9373486042022705,3.1104989051818848,2.709054470062256,2.2046451568603516,1.6563689708709717,2.1912050247192383,1.1611666679382324,0.9158461093902588,1.8444942235946655,1.838749885559082,2.265530824661255,1.1425256729125977
6,0.7812934517860413,0.15077762305736542,1.3031800985336304,5.8379225730896,2.226811408996582,2.243535280227661,0.7541474103927612,5.117882251739502,4.271355628967285,2.7076826095581055,0.5897193551063538,1.2078882455825806,3.356785774230957,4.702664852142334,3.6118199825286865,1.4196501970291138,1.5846970081329346,3.4284324645996094,1.5648455619812012,2.3733527660369873,5.505915641784668,1.5900758504867554,2.0945491790771484,1.3331483602523804,3.839803695678711,1.9827815294265747,2.8304853439331055,3.6181318759918213,1.6618027687072754,5.4902496337890625,3.3739073276519775,0.9204453229904175,1.765365481376648,0.3113861382007599,5.568065643310547,1.963809609413147,1.5810567140579224,3.889167070388794,8.918599128723145,2.920213222503662,3.1258840560913086,2.712977647781372,2.215078592300415,1.6533617973327637,2.2165584564208984,1.1562315225601196,0.9166609048843384,1.852939486503601,1.8515563011169434,2.293347120285034,1.1350514888763428
7,0.763947069644928,0.1445046067237854,1.2903977632522583,5.822409629821777,2.203731060028076,2.240518808364868,0.753159761428833,5.122040271759033,4.283369541168213,2.7020580768585205,0.5848886370658875,1.200855016708374,3.332357883453369,4.691563606262207,3.615398645401001,1.4194039106369019,1.5835374593734741,3.449817180633545,1.53377366065979,2.3599984645843506,5.469206809997559,1.583115816116333,2.0959393978118896,1.3257207870483398,3.8926472663879395,1.982833981513977,2.825883388519287,3.61787748336792,1.6626309156417847,5.414942264556885,3.3464763164520264,0.9158313274383545,1.74311101436615,0.30271610617637634,5.60663366317749,1.9338185787200928,1.5718926191329956,3.8737292289733887,8.912748336791992,2.9077858924865723,3.1241719722747803,2.707204818725586,2.214597463607788,1.6673065423965454,2.195547580718994,1.1544536352157593,0.9069153070449829,1.8512107133865356,1.8324637413024902,2.2701494693756104,1.125807285308838
8,0.7806052565574646,0.1490514725446701,1.3368552923202515,5.819601535797119,2.203690767288208,2.2524771690368652,0.7633019089698792,5.134166240692139,4.284196376800537,2.6760778427124023,0.6024552583694458,1.2000080347061157,3.3602774143218994,4.699060440063477,3.624542713165283,1.4109232425689697,1.579634666442871,3.48162841796875,1.539847731590271,2.3495078086853027,5.357942581176758,1.5797104835510254,2.113269329071045,1.319554328918457,3.8742244243621826,1.9911928176879883,2.843966245651245,3.6656713485717773,1.6560131311416626,5.433316707611084,3.3693971633911133,0.9217257499694824,1.7493926286697388,0.3152514696121216,5.566212177276611,1.918075442314148,1.5698161125183105,3.9169793128967285,8.835813522338867,2.9897825717926025,3.1183440685272217,2.7052178382873535,2.213628053665161,1.673965573310852,2.220277786254883,1.1526917219161987,0.9205148816108704,1.8477108478546143,1.8589271306991577,2.300973653793335,1.128401756286621
9,0.7947508096694946,0.1485808789730072,1.2874308824539185,5.815755844116211,2.2559430599212646,2.25075364112854,0.757555365562439,5.121143341064453,4.278878688812256,2.7040939331054688,0.5897001624107361,1.1960283517837524,3.3241031169891357,4.684616565704346,3.6256816387176514,1.42282235622406,1.5783618688583374,3.4117727279663086,1.5406910181045532,2.370479106903076,5.46641206741333,1.5688236951828003,2.0899388790130615,1.3222205638885498,3.8356881141662598,2.0007243156433105,2.8232786655426025,3.6525256633758545,1.6584510803222656,5.455495834350586,3.3532931804656982,0.9190085530281067,1.7432048320770264,0.3056577146053314,5.585079669952393,1.953479528427124,1.569446086883545,3.919189691543579,8.864959716796875,2.9013113975524902,3.1094143390655518,2.7039716243743896,2.2037482261657715,1.6761150360107422,2.1980605125427246,1.1528208255767822,0.9194865226745605,1.85051429271698,1.846701979637146,2.2973053455352783,1.142822027206421
10,0.7886680364608765,0.1425098180770874,1.328989028930664,5.765507221221924,2.2736775875091553,2.2440502643585205,0.7554791569709778,5.078552722930908,4.267612934112549,2.681783437728882,0.592396080493927,1.2127950191497803,3.34893536567688,4.710165977478027,3.618406295776367,1.4238733053207397,1.5778555870056152,3.4430806636810303,1.5504748821258545,2.3785629272460938,5.442841053009033,1.5932590961456299,2.077395439147949,1.3246506452560425,3.6984572410583496,1.9926215410232544,2.8143672943115234,3.677794933319092,1.664076566696167,5.481008529663086,3.355343818664551,0.9211156368255615,1.7530090808868408,0.3130649924278259,5.593265056610107,1.9545356035232544,1.5686672925949097,3.9861841201782227,8.912572860717773,2.896602153778076,3.1357455253601074,2.705254077911377,2.2125535011291504,1.6758607625961304,2.2003211975097656,1.1493736505508423,0.888512372970581,1.8651480674743652,1.827836275100708,2.2327511310577393,1.141073226928711
11,0.7794033288955688,0.1477060467004776,1.342961311340332,5.768914222717285,2.2516982555389404,2.2291107177734375,0.7498547434806824,5.11489200592041,4.270147800445557,2.676392078399658,0.5782045125961304,1.2085814476013184,3.3199355602264404,4.654681205749512,3.6299023628234863,1.4146804809570312,1.5562559366226196,3.4256882667541504,1.55898916721344,2.3750457763671875,5.512127876281738,1.560518741607666,2.103105306625366,1.313151240348816,3.835801124572754,1.9661357402801514,2.8078012466430664,3.667888641357422,1.648600459098816,5.414714336395264,3.3424923419952393,0.9167632460594177,1.7296611070632935,0.3043805956840515,5.559263706207275,1.9386005401611328,1.5887084007263184,3.9828147888183594,8.883548736572266,2.9593241214752197,3.119997262954712,2.694488286972046,2.220494031906128,1.6748454570770264,2.1726229190826416,1.138063907623291,0.8988581895828247,1.8596779108047485,1.8437435626983643,2.29494047164917,1.1214107275009155
12,0.7777159214019775,0.14562363922595978,1.3196064233779907,5.7508063316345215,2.314096689224243,2.22981858253479,0.7496093511581421,5.058627128601074,4.283824920654297,2.7079403400421143,0.5731818079948425,1.204538345336914,3.2944374084472656,4.682175636291504,3.655305862426758,1.4189972877502441,1.5672513246536255,3.4411141872406006,1.5448638200759888,2.387686014175415,5.399279594421387,1.5749613046646118,2.0856995582580566,1.3154096603393555,3.8150370121002197,1.9919601678848267,2.8033528327941895,3.684938430786133,1.651667594909668,5.387582778930664,3.3465402126312256,0.9143481254577637,1.7350823879241943,0.3105720579624176,5.541531562805176,1.9366445541381836,1.568593978881836,4.021485805511475,8.867697715759277,2.9395675659179688,3.125455141067505,2.6853983402252197,2.198193073272705,1.6774541139602661,2.176478385925293,1.1370326280593872,0.8962863087654114,1.8591361045837402,1.845744252204895,2.2900867462158203,1.1271895170211792
13,0.7854812741279602,0.14230336248874664,1.2903883457183838,5.722736835479736,2.2634193897247314,2.2113938331604004,0.747624933719635,5.1367926597595215,4.281360149383545,2.7005157470703125,0.5846119523048401,1.1978648900985718,3.3221776485443115,4.647350311279297,3.6340181827545166,1.4084168672561646,1.5703636407852173,3.4264163970947266,1.542093276977539,2.35605788230896,5.567295551300049,1.5578402280807495,2.0555994510650635,1.315228819847107,3.929370641708374,1.9832558631896973,2.7972209453582764,3.7057669162750244,1.6407122611999512,5.381048679351807,3.3419082164764404,0.9163439869880676,1.7123836278915405,0.30005502700805664,5.605086803436279,1.970165729522705,1.5805484056472778,4.008754253387451,8.830699920654297,2.8986587524414062,3.0947155952453613,2.6888983249664307,2.216094732284546,1.7001309394836426,2.188122034072876,1.1342363357543945,0.8920784592628479,1.8235093355178833,1.8517571687698364,2.2959482669830322,1.1427544355392456
14,0.8013143539428711,0.14531397819519043,1.3073328733444214,5.692230224609375,2.2638471126556396,2.231968402862549,0.7474900484085083,5.108496189117432,4.313512325286865,2.705634593963623,0.5810458660125732,1.2137863636016846,3.327885150909424,4.642692565917969,3.624537229537964,1.4108070135116577,1.572466254234314,3.468188762664795,1.5541768074035645,2.3589417934417725,5.592102527618408,1.582208275794983,2.0553107261657715,1.3111889362335205,3.813303232192993,1.9883756637573242,2.814434289932251,3.6934285163879395,1.645066499710083,5.353531360626221,3.342623233795166,0.9094294905662537,1.7332351207733154,0.2992597818374634,5.567107200622559,1.9587236642837524,1.5704578161239624,3.962185859680176,8.827507019042969,2.89022159576416,3.1233463287353516,2.6869454383850098,2.2060799598693848,1.695194125175476,2.1862711906433105,1.1471240520477295,0.887025773525238,1.8489000797271729,1.8507167100906372,2.2483468055725098,1.1449661254882812
15,0.7530195116996765,0.14175616204738617,1.2904691696166992,5.6692938804626465,2.278729200363159,2.2032129764556885,0.7437397837638855,5.104248523712158,4.281557083129883,2.722736120223999,0.5670566558837891,1.2065346240997314,3.3072590827941895,4.611076354980469,3.635518789291382,1.402907371520996,1.550681471824646,3.4685983657836914,1.5310063362121582,2.362778425216675,5.534056186676025,1.5643268823623657,2.077153444290161,1.3058549165725708,3.857339859008789,1.9627902507781982,2.7936174869537354,3.724703550338745,1.639629602432251,5.406309127807617,3.3178584575653076,0.903232753276825,1.726845383644104,0.30030927062034607,5.5436882972717285,1.9650694131851196,1.5738533735275269,4.055685043334961,8.82640266418457,2.950476884841919,3.106592893600464,2.6793901920318604,2.2084298133850098,1.6975147724151611,2.172940731048584,1.12477707862854,0.8654299378395081,1.8439117670059204,1.83436119556427,2.2709434032440186,1.141097903251648
16,0.7716740965843201,0.14741849899291992,1.2640734910964966,5.694761276245117,2.3353054523468018,2.2132136821746826,0.7405487895011902,5.10620641708374,4.255197525024414,2.6635048389434814,0.5702233910560608,1.213209867477417,3.3450634479522705,4.645932197570801,3.62602162361145,1.4039009809494019,1.5495084524154663,3.4769704341888428,1.5232210159301758,2.3594064712524414,5.461629390716553,1.5145816802978516,2.0592668056488037,1.3051685094833374,3.786607265472412,1.9894130229949951,2.7943949699401855,3.7617292404174805,1.6402453184127808,5.348538875579834,3.320413827896118,0.908926248550415,1.7295572757720947,0.31280285120010376,5.562168121337891,1.9344080686569214,1.5934185981750488,4.065220355987549,8.829662322998047,2.9380645751953125,3.1106226444244385,2.6773717403411865,2.195222854614258,1.696006417274475,2.1934115886688232,1.1292849779129028,0.8858643770217896,1.8468445539474487,1.8677971363067627,2.258734941482544,1.1348689794540405
17,0.7849327325820923,0.14643354713916779,1.2771416902542114,5.67921781539917,2.3967020511627197,2.1892917156219482,0.7450305223464966,5.118515491485596,4.273167133331299,2.779865026473999,0.5858668088912964,1.2136715650558472,3.300794839859009,4.5763092041015625,3.604175329208374,1.4038561582565308,1.5523868799209595,3.446230173110962,1.5404129028320312,2.3820579051971436,5.6288299560546875,1.519673228263855,2.060192108154297,1.3118855953216553,3.8073079586029053,2.0108566284179688,2.802093982696533,3.7640628814697266,1.6354790925979614,5.326174259185791,3.336225986480713,0.915945827960968,1.7359652519226074,0.32995501160621643,5.560102462768555,1.9877780675888062,1.5928146839141846,4.1488237380981445,8.760562896728516,2.865694046020508,3.09959077835083,2.6776270866394043,2.1995620727539062,1.7118403911590576,2.204094648361206,1.1252542734146118,0.8812973499298096,1.8552216291427612,1.8461146354675293,2.260019540786743,1.1386083364486694
18,0.7729402780532837,0.14730505645275116,1.2961440086364746,5.684814453125,2.295541763305664,2.221681594848633,0.7464301586151123,5.0760698318481445,4.230727672576904,2.7322630882263184,0.5703284740447998,1.2031960487365723,3.315312147140503,4.594097137451172,3.6525344848632812,1.4048211574554443,1.54450261592865,3.575667142868042,1.5476473569869995,2.350738525390625,5.499414443969727,1.5672729015350342,2.090442657470703,1.3051663637161255,3.8536996841430664,1.9820468425750732,2.8223977088928223,3.6990606784820557,1.6383317708969116,5.318361759185791,3.318451404571533,0.9123899340629578,1.7191537618637085,0.31049761176109314,5.564035892486572,1.9487323760986328,1.5906492471694946,4.021549224853516,8.794537544250488,2.942119836807251,3.1048362255096436,2.6781251430511475,2.202045202255249,1.7073885202407837,2.1697964668273926,1.130445957183838,0.8659518957138062,1.842349648475647,1.8684862852096558,2.2786929607391357,1.1379544734954834
19,0.7630353569984436,0.14200755953788757,1.261830449104309,5.637030601501465,2.285419225692749,2.220802068710327,0.7405552864074707,5.082584857940674,4.218425273895264,2.680981397628784,0.561913788318634,1.231635332107544,3.3239777088165283,4.6140666007995605,3.6164627075195312,1.4042139053344727,1.5576071739196777,3.5419623851776123,1.5319690704345703,2.3592445850372314,5.45593786239624,1.548211693763733,2.0563905239105225,1.2965389490127563,3.7756478786468506,1.9631068706512451,2.7975525856018066,3.7468061447143555,1.6243268251419067,5.350719928741455,3.301278591156006,0.9036786556243896,1.728102684020996,0.3087203800678253,5.566324710845947,1.9518089294433594,1.5719610452651978,4.085367679595947,8.828773498535156,2.9355881214141846,3.1026482582092285,2.6675169467926025,2.1923508644104004,1.7226941585540771,2.177985906600952,1.1239715814590454,0.8660889267921448,1.8360509872436523,1.8747414350509644,2.24784255027771,1.1486393213272095
20,0.7632127404212952,0.1474016159772873,1.249392032623291,5.689000606536865,2.2795825004577637,2.2200937271118164,0.7467522621154785,5.045692443847656,4.2127180099487305,2.733003616333008,0.5777800679206848,1.2074973583221436,3.318039655685425,4.619317054748535,3.625584602355957,1.4000372886657715,1.5369582176208496,3.50226092338562,1.5371170043945312,2.344003677368164,5.452868938446045,1.5226675271987915,2.077925682067871,1.2886571884155273,3.7820956707000732,1.9655596017837524,2.788503646850586,3.8089935779571533,1.6243057250976562,5.3848185539245605,3.3311688899993896,0.8990733027458191,1.7159172296524048,0.33540332317352295,5.569770336151123,1.9543851613998413,1.5863007307052612,4.128504276275635,8.802438735961914,2.9736404418945312,3.110304355621338,2.6671199798583984,2.1967358589172363,1.7098246812820435,2.1903488636016846,1.1348382234573364,0.8797948956489563,1.8355437517166138,1.8917524814605713,2.249058485031128,1.124950885772705
21,0.7643480896949768,0.140470951795578,1.240446925163269,5.603877544403076,2.3114893436431885,2.1977601051330566,0.7432660460472107,5.064326763153076,4.277413845062256,2.6952922344207764,0.5602905750274658,1.2115191221237183,3.31188702583313,4.547396659851074,3.6314284801483154,1.3922966718673706,1.5544970035552979,3.533233404159546,1.5386863946914673,2.345426559448242,5.525104999542236,1.5057934522628784,2.0445783138275146,1.295554757118225,3.848398208618164,1.9732340574264526,2.781090497970581,3.827848196029663,1.6239603757858276,5.343836784362793,3.25760555267334,0.9050421118736267,1.7117444276809692,0.32732102274894714,5.5698957443237305,1.9656691551208496,1.5940006971359253,4.170623302459717,8.785933494567871,2.930736541748047,3.0897135734558105,2.666354179382324,2.191009759902954,1.7342664003372192,2.175577402114868,1.1316276788711548,0.8634133338928223,1.8462167978286743,1.879721999168396,2.251999855041504,1.1328600645065308
22,0.7791375517845154,0.14599920809268951,1.2623931169509888,5.661525726318359,2.3067820072174072,2.1939127445220947,0.7423079609870911,5.048013210296631,4.270256519317627,2.723729372024536,0.5752921104431152,1.211018443107605,3.301250457763672,4.545325756072998,3.614943027496338,1.3966871500015259,1.5454473495483398,3.483948230743408,1.5361034870147705,2.3538780212402344,5.52255916595459,1.521945834159851,2.0808637142181396,1.30794358253479,3.8567724227905273,1.9780257940292358,2.812734603881836,3.7784128189086914,1.6413533687591553,5.29113245010376,3.300682544708252,0.9106308221817017,1.7361267805099487,0.32777139544487,5.585402965545654,2.001573324203491,1.5821775197982788,4.157234191894531,8.767964363098145,2.932222604751587,3.080343008041382,2.6725783348083496,2.1947414875030518,1.7107840776443481,2.2142980098724365,1.1309384107589722,0.8810431361198425,1.8286259174346924,1.863924264907837,2.2656588554382324,1.1327862739562988
23,0.7865968346595764,0.14263945817947388,1.2855108976364136,5.639620780944824,2.3047468662261963,2.184075355529785,0.7442079782485962,5.068466663360596,4.276918411254883,2.693756103515625,0.5645750164985657,1.2060034275054932,3.3018596172332764,4.575930118560791,3.5878212451934814,1.4036365747451782,1.5344150066375732,3.4765758514404297,1.5280656814575195,2.3519837856292725,5.579221725463867,1.532427191734314,2.057008743286133,1.2988017797470093,3.78169584274292,1.9862908124923706,2.7640511989593506,3.8063735961914062,1.637986660003662,5.354565143585205,3.284597635269165,0.910804033279419,1.7112737894058228,0.3432997465133667,5.571648597717285,1.978927493095398,1.5886309146881104,4.188327789306641,8.794376373291016,2.914682388305664,3.0771095752716064,2.666233539581299,2.1857903003692627,1.7244114875793457,2.191617488861084,1.1248408555984497,0.8572700023651123,1.8530856370925903,1.8526744842529297,2.2323009967803955,1.1444355249404907
24,0.7794332504272461,0.14917099475860596,1.27884042263031,5.659201622009277,2.3747217655181885,2.1504404544830322,0.7455267310142517,5.037150859832764,4.251901626586914,2.696807622909546,0.5727854371070862,1.2094696760177612,3.283869743347168,4.523598670959473,3.5993189811706543,1.407754898071289,1.5267553329467773,3.4794771671295166,1.5507938861846924,2.36409592628479,5.6304850578308105,1.4961121082305908,2.0647079944610596,1.2965245246887207,3.839582681655884,1.9850809574127197,2.796107292175293,3.8327319622039795,1.6316661834716797,5.310706615447998,3.283559560775757,0.905198872089386,1.7285716533660889,0.3407827615737915,5.512476444244385,2.0090346336364746,1.5923675298690796,4.229977607727051,8.741551399230957,2.8720061779022217,3.0854544639587402,2.6639392375946045,2.1864895820617676,1.7273235321044922,2.203359842300415,1.1226626634597778,0.8674700260162354,1.8556327819824219,1.8818737268447876,2.261730194091797,1.1347472667694092
25,0.7767236828804016,0.14366668462753296,1.289198398590088,5.645327091217041,2.312908887863159,2.1724159717559814,0.7425955533981323,5.021682262420654,4.284560680389404,2.714088201522827,0.5662975907325745,1.2118406295776367,3.2793428897857666,4.5358710289001465,3.599175453186035,1.3979241847991943,1.5307060480117798,3.4962496757507324,1.5479888916015625,2.3507018089294434,5.630615711212158,1.5061070919036865,2.053781032562256,1.283668875694275,3.844879388809204,1.9784889221191406,2.7696995735168457,3.8216605186462402,1.6206624507904053,5.33816385269165,3.2525131702423096,0.9040301442146301,1.708888292312622,0.3589813709259033,5.534343719482422,2.002548933029175,1.6042392253875732,4.2098493576049805,8.758056640625,2.8566417694091797,3.0698039531707764,2.660609483718872,2.1827714443206787,1.7194311618804932,2.201162338256836,1.1271876096725464,0.8521839380264282,1.839390754699707,1.8698092699050903,2.2723515033721924,1.136132836341858
26,0.7679407000541687,0.15140488743782043,1.2457000017166138,5.632831573486328,2.3191096782684326,2.1811611652374268,0.7412234544754028,5.039305686950684,4.270089149475098,2.692143678665161,0.5627787709236145,1.2202390432357788,3.3027501106262207,4.50543212890625,3.563645124435425,1.4067957401275635,1.5508955717086792,3.471388578414917,1.5251892805099487,2.3509936332702637,5.636194229125977,1.5209221839904785,2.0484604835510254,1.294541358947754,3.8204238414764404,1.9858630895614624,2.791292190551758,3.8638179302215576,1.6293678283691406,5.315593242645264,3.281791925430298,0.906475305557251,1.724553108215332,0.35390323400497437,5.534817218780518,2.0371577739715576,1.5994248390197754,4.221717357635498,8.723488807678223,2.8426926136016846,3.0606589317321777,2.6617445945739746,2.1853716373443604,1.7243982553482056,2.225964069366455,1.1238394975662231,0.8535288572311401,1.8488705158233643,1.8828017711639404,2.2360615730285645,1.1372039318084717
27,0.7862094044685364,0.14815746247768402,1.241590976715088,5.606164932250977,2.3722054958343506,2.1607275009155273,0.7373653650283813,5.012373924255371,4.323083877563477,2.704026460647583,0.581140398979187,1.2082122564315796,3.315901756286621,4.518342018127441,3.5515787601470947,1.3978959321975708,1.5531879663467407,3.525756597518921,1.5392742156982422,2.3556711673736572,5.670892238616943,1.4885838031768799,2.045186758041382,1.2934083938598633,3.7065589427948,1.9789468050003052,2.7556872367858887,3.9247519969940186,1.6216477155685425,5.398493766784668,3.2953615188598633,0.9085619449615479,1.711480975151062,0.35985714197158813,5.5095930099487305,2.056220769882202,1.5939685106277466,4.294639587402344,8.725883483886719,2.835087299346924,3.059220790863037,2.656123638153076,2.1800696849823,1.724256157875061,2.2175369262695312,1.1258569955825806,0.8447830677032471,1.8444336652755737,1.8784401416778564,2.2059390544891357,1.1205018758773804
28,0.7771674990653992,0.14663127064704895,1.2507036924362183,5.62135124206543,2.3140904903411865,2.1470155715942383,0.7383090257644653,5.003350257873535,4.282374858856201,2.749666213989258,0.5712371468544006,1.219603180885315,3.2941267490386963,4.504263877868652,3.592768907546997,1.394264578819275,1.5439645051956177,3.4636738300323486,1.5291293859481812,2.3545260429382324,5.740838527679443,1.493314504623413,2.0575151443481445,1.2819899320602417,3.782400369644165,1.9854638576507568,2.7845077514648438,3.846308946609497,1.636265754699707,5.382660388946533,3.276740550994873,0.9093729853630066,1.7214747667312622,0.3517298400402069,5.530799865722656,2.0526278018951416,1.5968940258026123,4.248198509216309,8.732062339782715,2.829279899597168,3.0854973793029785,2.6587610244750977,2.1832985877990723,1.7285504341125488,2.2326467037200928,1.127116084098816,0.8411085605621338,1.8144537210464478,1.8782037496566772,2.269804000854492,1.1307144165039062
29,0.782767653465271,0.1477566659450531,1.2532864809036255,5.603179931640625,2.3031725883483887,2.137836456298828,0.7451967597007751,5.023248195648193,4.288135528564453,2.7280311584472656,0.5748838782310486,1.2370063066482544,3.2960243225097656,4.476319313049316,3.579878091812134,1.402909755706787,1.5491633415222168,3.5392167568206787,1.5328150987625122,2.3481619358062744,5.792838096618652,1.4863896369934082,2.0664970874786377,1.2802526950836182,3.793548345565796,1.971600890159607,2.7801761627197266,3.9109387397766113,1.6263213157653809,5.428233623504639,3.2520642280578613,0.9087066054344177,1.7143954038619995,0.3546559810638428,5.534909248352051,2.074983596801758,1.6104463338851929,4.237741947174072,8.723796844482422,2.846996307373047,3.052220582962036,2.6553568840026855,2.1941721439361572,1.740713119506836,2.2515413761138916,1.1152844429016113,0.8295143842697144,1.8320131301879883,1.8902679681777954,2.245237350463867,1.1356825828552246
30,0.7644426226615906,0.15636296570301056,1.2913326025009155,5.5930891036987305,2.3762593269348145,2.1024527549743652,0.7392741441726685,5.006076812744141,4.282121658325195,2.6643996238708496,0.5714554786682129,1.198736548423767,3.2845115661621094,4.469740867614746,3.5390713214874268,1.3909519910812378,1.5186803340911865,3.4734795093536377,1.5483167171478271,2.354820489883423,5.769099712371826,1.4702991247177124,2.0711822509765625,1.27837073802948,3.8291749954223633,1.9682425260543823,2.7670857906341553,3.9467406272888184,1.6358332633972168,5.382328033447266,3.224106550216675,0.906305730342865,1.699758529663086,0.37268608808517456,5.551017761230469,2.083214521408081,1.6105551719665527,4.3516740798950195,8.68456745147705,2.850285530090332,3.035944700241089,2.655383586883545,2.1893513202667236,1.72946298122406,2.248028516769409,1.1184991598129272,0.8460786938667297,1.8376682996749878,1.8648430109024048,2.2128264904022217,1.1298093795776367
31,0.7764678001403809,0.15821944177150726,1.2455190420150757,5.60725212097168,2.3810436725616455,2.1365034580230713,0.7409398555755615,4.955868721008301,4.264573574066162,2.6728341579437256,0.56392902135849,1.2171647548675537,3.282027244567871,4.478015422821045,3.5487008094787598,1.3932181596755981,1.5298192501068115,3.5008811950683594,1.5489375591278076,2.3628742694854736,5.758740425109863,1.4810396432876587,2.0665640830993652,1.2800109386444092,3.7370645999908447,1.973188877105713,2.772909641265869,3.9360265731811523,1.6279749870300293,5.409112930297852,3.2636961936950684,0.9078496694564819,1.7141997814178467,0.3852880299091339,5.477819442749023,2.067673444747925,1.6005151271820068,4.369009494781494,8.695880889892578,2.817326068878174,3.051694393157959,2.650949478149414,2.1865158081054688,1.7257212400436401,2.2552781105041504,1.1233041286468506,0.8328516483306885,1.8605618476867676,1.8865902423858643,2.220728635787964,1.1280510425567627
32,0.7593216300010681,0.15252922475337982,1.258514165878296,5.590533256530762,2.324845790863037,2.1287550926208496,0.7439290881156921,4.951121807098389,4.300747871398926,2.7480382919311523,0.5747302174568176,1.1965607404708862,3.2754037380218506,4.4218668937683105,3.5637435913085938,1.3910713195800781,1.5311506986618042,3.4936890602111816,1.5519614219665527,2.3387091159820557,5.755929946899414,1.482714295387268,2.0501444339752197,1.2684706449508667,3.786694049835205,1.954569935798645,2.782073497772217,3.9504919052124023,1.6265214681625366,5.414847373962402,3.2539076805114746,0.9077790975570679,1.6932718753814697,0.38764286041259766,5.515296459197998,2.067296266555786,1.597730040550232,4.340281963348389,8.68480110168457,2.8259997367858887,3.0507972240448,2.6483733654022217,2.193978786468506,1.7249690294265747,2.2570645809173584,1.1108026504516602,0.8239338994026184,1.8352301120758057,1.8783276081085205,2.2270760536193848,1.1181421279907227
33,0.7739604711532593,0.1647368222475052,1.2532963752746582,5.5820631980896,2.399840831756592,2.094325065612793,0.7395570874214172,4.951435565948486,4.3024983406066895,2.7574121952056885,0.5665357708930969,1.2108017206192017,3.276399850845337,4.430634498596191,3.5304179191589355,1.3896617889404297,1.5354745388031006,3.512603998184204,1.5374159812927246,2.351033926010132,5.8128485679626465,1.455359935760498,2.0667121410369873,1.2729861736297607,3.684452772140503,1.9640767574310303,2.7594563961029053,4.036228656768799,1.630750060081482,5.428318500518799,3.256101131439209,0.9069327712059021,1.7121747732162476,0.40062662959098816,5.501900672912598,2.112758159637451,1.6014068126678467,4.446627616882324,8.675902366638184,2.792179822921753,3.0291759967803955,2.643397092819214,2.1772396564483643,1.7352439165115356,2.2765791416168213,1.1184974908828735,0.8192974925041199,1.8325419425964355,1.8850650787353516,2.1993978023529053,1.1356507539749146
34,0.7774729132652283,0.167149618268013,1.2459285259246826,5.605218410491943,2.3995959758758545,2.117405414581299,0.741913914680481,4.945389747619629,4.282131195068359,2.6571872234344482,0.5754279494285583,1.1925885677337646,3.277224540710449,4.440962791442871,3.5231974124908447,1.39351487159729,1.5226616859436035,3.4717979431152344,1.5380284786224365,2.3511149883270264,5.871187210083008,1.4539945125579834,2.0498433113098145,1.2605311870574951,3.752228260040283,1.9717726707458496,2.7469656467437744,4.040562152862549,1.6276830434799194,5.496241092681885,3.250755786895752,0.9082497954368591,1.6935803890228271,0.41318830847740173,5.5194172859191895,2.076744794845581,1.605082392692566,4.4530253410339355,8.654897689819336,2.764380931854248,3.021568775177002,2.643535852432251,2.193087577819824,1.7430810928344727,2.2543320655822754,1.1131131649017334,0.8299598097801208,1.8461835384368896,1.8982917070388794,2.2267966270446777,1.1318069696426392
35,0.7844498753547668,0.16702038049697876,1.2552679777145386,5.617733955383301,2.363860607147217,2.1193432807922363,0.7337216138839722,4.8888044357299805,4.2885613441467285,2.6367783546447754,0.575570821762085,1.2047572135925293,3.2735354900360107,4.419208526611328,3.565049171447754,1.391727089881897,1.5110605955123901,3.530852794647217,1.5411972999572754,2.354968786239624,5.82975959777832,1.4488027095794678,2.0690488815307617,1.2615647315979004,3.7087461948394775,1.983136534690857,2.7728164196014404,3.974045753479004,1.6219427585601807,5.438083648681641,3.232002019882202,0.9029473066329956,1.7093271017074585,0.41439658403396606,5.501671314239502,2.069744348526001,1.6036875247955322,4.3789777755737305,8.667195320129395,2.7966115474700928,3.022615671157837,2.6474781036376953,2.1807150840759277,1.7188479900360107,2.2571022510528564,1.1099343299865723,0.8162205815315247,1.8622705936431885,1.895421028137207,2.230172872543335,1.128430962562561
36,0.7636897563934326,0.16373556852340698,1.2186660766601562,5.5846428871154785,2.377533435821533,2.070497512817383,0.7352714538574219,4.925166130065918,4.320639610290527,2.779768943786621,0.5735983848571777,1.1916587352752686,3.264005422592163,4.382053852081299,3.5275769233703613,1.3785557746887207,1.504091739654541,3.5244343280792236,1.537920594215393,2.3376121520996094,5.831032752990723,1.451338768005371,2.039372444152832,1.2535896301269531,3.822777032852173,1.9558186531066895,2.752126455307007,4.062302589416504,1.6159731149673462,5.471606254577637,3.2340028285980225,0.9029988050460815,1.670857548713684,0.4240609407424927,5.530147552490234,2.089451313018799,1.6077170372009277,4.441599369049072,8.589709281921387,2.745736837387085,3.0167641639709473,2.6408963203430176,2.1803438663482666,1.7378298044204712,2.2573022842407227,1.112589716911316,0.8100805878639221,1.8312982320785522,1.8898086547851562,2.2550301551818848,1.1034044027328491
37,0.7473134398460388,0.17250390350818634,1.2542997598648071,5.598884105682373,2.3988022804260254,2.0671119689941406,0.732441246509552,4.894874095916748,4.275839805603027,2.6609673500061035,0.5684924125671387,1.1907421350479126,3.217979669570923,4.372381687164307,3.5387752056121826,1.3777639865875244,1.5074381828308105,3.52262020111084,1.5521821975708008,2.3530008792877197,5.8057026863098145,1.4775243997573853,2.089231014251709,1.2507292032241821,3.7497100830078125,1.9519506692886353,2.766712188720703,4.060512542724609,1.6077483892440796,5.4697442054748535,3.2130558490753174,0.8907695412635803,1.6873708963394165,0.44037869572639465,5.459489822387695,2.1031148433685303,1.61712646484375,4.4404473304748535,8.566922187805176,2.7648849487304688,3.0119123458862305,2.6314871311187744,2.175626516342163,1.748607873916626,2.2800724506378174,1.1071566343307495,0.8246102929115295,1.8493891954421997,1.9019265174865723,2.249037027359009,1.1008223295211792
38,0.7722598314285278,0.16803361475467682,1.2587249279022217,5.618086814880371,2.3688251972198486,2.0629119873046875,0.7307558655738831,4.894028663635254,4.293091297149658,2.718343496322632,0.5729103684425354,1.2036025524139404,3.218813180923462,4.360738754272461,3.5172126293182373,1.3832091093063354,1.5260769128799438,3.5221145153045654,1.5396838188171387,2.343172550201416,5.889073371887207,1.4677433967590332,2.063788652420044,1.2503635883331299,3.728080987930298,1.9491883516311646,2.758096933364868,4.069926738739014,1.6225354671478271,5.5177083015441895,3.2213821411132812,0.9020130038261414,1.6979409456253052,0.4150325357913971,5.506409645080566,2.118093729019165,1.6010768413543701,4.420402526855469,8.641136169433594,2.715048313140869,3.0344340801239014,2.6366114616394043,2.175215482711792,1.7352722883224487,2.297734498977661,1.1101200580596924,0.8036063313484192,1.8391562700271606,1.882172703742981,2.237895965576172,1.1159822940826416
39,0.7700359225273132,0.17918196320533752,1.227252721786499,5.627124786376953,2.3667590618133545,2.087139129638672,0.7280619144439697,4.875987529754639,4.301762104034424,2.673083543777466,0.5809857845306396,1.1870882511138916,3.2548911571502686,4.378509044647217,3.5026063919067383,1.38603675365448,1.5109798908233643,3.5002057552337646,1.540835976600647,2.3431050777435303,5.862720012664795,1.4703079462051392,2.0800583362579346,1.246384620666504,3.698713779449463,1.9551247358322144,2.766606569290161,4.069365978240967,1.6213107109069824,5.544859409332275,3.2138383388519287,0.895862877368927,1.6978572607040405,0.41634416580200195,5.44711446762085,2.1201822757720947,1.6097468137741089,4.379222869873047,8.615179061889648,2.729177236557007,3.0097765922546387,2.637267827987671,2.1732020378112793,1.7303001880645752,2.3083322048187256,1.1174702644348145,0.8319151997566223,1.8301301002502441,1.9033632278442383,2.2561190128326416,1.1187736988067627
40,0.7559964060783386,0.18064425885677338,1.259587287902832,5.631467819213867,2.3725790977478027,2.06018328666687,0.7337852716445923,4.850207805633545,4.287492275238037,2.7251431941986084,0.5765544176101685,1.1945152282714844,3.2219057083129883,4.3696513175964355,3.553690195083618,1.378678560256958,1.5038164854049683,3.5197956562042236,1.5588537454605103,2.3453235626220703,5.919785976409912,1.4388970136642456,2.093553304672241,1.2404531240463257,3.8123345375061035,1.9492377042770386,2.760211229324341,4.088294506072998,1.6192439794540405,5.510254383087158,3.253821611404419,0.9000017046928406,1.6827452182769775,0.4472566246986389,5.454570293426514,2.138828754425049,1.5926729440689087,4.441338062286377,8.541362762451172,2.7822723388671875,2.9865846633911133,2.6335647106170654,2.177581787109375,1.733649492263794,2.300518035888672,1.1056140661239624,0.8139572739601135,1.8394193649291992,1.913797378540039,2.2635040283203125,1.1206659078598022
41,0.7511014342308044,0.18157507479190826,1.2330169677734375,5.651122093200684,2.36358642578125,2.0552234649658203,0.7307796478271484,4.851867198944092,4.306819915771484,2.7404227256774902,0.5658153891563416,1.1784864664077759,3.243769645690918,4.324176788330078,3.483604669570923,1.3718398809432983,1.5065380334854126,3.5378456115722656,1.553017497062683,2.3356077671051025,5.937775611877441,1.4201680421829224,2.092385768890381,1.232718825340271,3.805185556411743,1.9449598789215088,2.749196767807007,4.11989688873291,1.6107608079910278,5.537965297698975,3.241474151611328,0.8967680931091309,1.6801985502243042,0.45238083600997925,5.492186069488525,2.14241361618042,1.6036711931228638,4.480937480926514,8.553597450256348,2.7141098976135254,2.995514154434204,2.630899667739868,2.168661117553711,1.7409708499908447,2.2874817848205566,1.1140788793563843,0.8103423714637756,1.8404312133789062,1.8947850465774536,2.263679027557373,1.1141124963760376
42,0.7592551112174988,0.18078018724918365,1.2581404447555542,5.656793594360352,2.355583429336548,2.048379421234131,0.7258972525596619,4.82160758972168,4.269441604614258,2.690368413925171,0.5864086747169495,1.1710034608840942,3.2124178409576416,4.32979679107666,3.4973628520965576,1.3800430297851562,1.466458797454834,3.536289691925049,1.551713466644287,2.3335700035095215,5.953919410705566,1.4597997665405273,2.0826547145843506,1.2209608554840088,3.7334985733032227,1.959770917892456,2.754621744155884,4.169883728027344,1.6082156896591187,5.586493968963623,3.2213473320007324,0.9024087190628052,1.6532832384109497,0.4665544331073761,5.420494079589844,2.144662857055664,1.624154806137085,4.438610076904297,8.515836715698242,2.720778226852417,2.97402286529541,2.624732255935669,2.170705556869507,1.7394975423812866,2.30765438079834,1.102149248123169,0.8121951222419739,1.8459742069244385,1.913960337638855,2.2595112323760986,1.0970830917358398
43,0.7396344542503357,0.18107467889785767,1.2178318500518799,5.633575439453125,2.2156221866607666,2.0664494037628174,0.7292714715003967,4.851682662963867,4.286726951599121,2.684541940689087,0.5786164999008179,1.1645970344543457,3.209265947341919,4.2905120849609375,3.510906934738159,1.3577837944030762,1.4193427562713623,3.5553555488586426,1.541986346244812,2.286672592163086,6.012140274047852,1.4618706703186035,2.0816195011138916,1.2080134153366089,3.929719924926758,1.9225435256958008,2.7522852420806885,4.123301982879639,1.6034717559814453,5.586455821990967,3.2355518341064453,0.8874929547309875,1.6435164213180542,0.4750915765762329,5.497452735900879,2.0656325817108154,1.62178373336792,4.3087897300720215,8.510544776916504,2.72178316116333,3.001735210418701,2.6210224628448486,2.1682262420654297,1.7425169944763184,2.2733347415924072,1.1063728332519531,0.8001049160957336,1.8153111934661865,1.904608964920044,2.308438301086426,1.0911304950714111
44,0.7406385540962219,0.17936789989471436,1.2353931665420532,5.684566974639893,2.2282845973968506,2.0429530143737793,0.7279897332191467,4.82628059387207,4.272347450256348,2.681861400604248,0.5791030526161194,1.1585153341293335,3.222461462020874,4.289247512817383,3.5205657482147217,1.3519394397735596,1.4331836700439453,3.544919729232788,1.54923677444458,2.2930023670196533,5.920739650726318,1.4450984001159668,2.076460123062134,1.2110344171524048,3.8692333698272705,1.9272931814193726,2.7673516273498535,4.113528251647949,1.6152899265289307,5.629790306091309,3.226022958755493,0.89931720495224,1.6548508405685425,0.47882381081581116,5.481868743896484,2.0825746059417725,1.610583782196045,4.312300205230713,8.559350967407227,2.6940829753875732,2.997464656829834,2.6272058486938477,2.183234214782715,1.7278871536254883,2.2849647998809814,1.1038674116134644,0.8014016151428223,1.8164186477661133,1.8818387985229492,2.316349744796753,1.0922443866729736
45,0.7434781193733215,0.1867392510175705,1.228386402130127,5.62980318069458,2.2583694458007812,2.038363456726074,0.720081090927124,4.80646276473999,4.266695499420166,2.693824529647827,0.565091073513031,1.1538217067718506,3.1847872734069824,4.294527053833008,3.5483200550079346,1.3566374778747559,1.4256739616394043,3.61322283744812,1.5412861108779907,2.287888526916504,5.930977821350098,1.4389395713806152,2.10684871673584,1.1941927671432495,3.8772268295288086,1.9180550575256348,2.752826690673828,4.1205902099609375,1.6050138473510742,5.6324310302734375,3.217564105987549,0.8873456716537476,1.6507600545883179,0.4747905433177948,5.434466361999512,2.0944197177886963,1.5994120836257935,4.3220295906066895,8.50754451751709,2.724876880645752,2.982703924179077,2.6204020977020264,2.167419195175171,1.7288198471069336,2.300302267074585,1.1082403659820557,0.7933540940284729,1.8029671907424927,1.9214311838150024,2.2964797019958496,1.09837806224823
46,0.7586094737052917,0.19203725457191467,1.2832401990890503,5.658801555633545,2.2226431369781494,2.0380072593688965,0.7241933345794678,4.8051629066467285,4.291590690612793,2.7387278079986572,0.5680468082427979,1.1675711870193481,3.202261447906494,4.263214588165283,3.524031639099121,1.3619295358657837,1.4162321090698242,3.5901567935943604,1.5218390226364136,2.283303737640381,5.944732189178467,1.4285246133804321,2.1173489093780518,1.1960898637771606,3.890185594558716,1.9292945861816406,2.7842559814453125,4.159355163574219,1.6117099523544312,5.674232482910156,3.2289528846740723,0.8961499929428101,1.6552168130874634,0.4671332836151123,5.43476676940918,2.131859302520752,1.5944591760635376,4.316252708435059,8.45637035369873,2.7298076152801514,2.974194049835205,2.6180663108825684,2.1705336570739746,1.7447197437286377,2.333279609680176,1.1137996912002563,0.8048995733261108,1.7886096239089966,1.9182854890823364,2.297325849533081,1.1005494594573975
47,0.7516323328018188,0.19777752459049225,1.2335141897201538,5.701898097991943,2.1770598888397217,2.0508065223693848,0.7189030647277832,4.811793327331543,4.281636714935303,2.675452709197998,0.5640134811401367,1.135623812675476,3.1706910133361816,4.290010929107666,3.4957363605499268,1.3586788177490234,1.4099924564361572,3.5794103145599365,1.5463507175445557,2.2848143577575684,5.958890438079834,1.4603842496871948,2.1136515140533447,1.1876672506332397,3.8383684158325195,1.922796368598938,2.765120029449463,4.116207599639893,1.6087912321090698,5.682454586029053,3.2008676528930664,0.8916247487068176,1.6408880949020386,0.48377397656440735,5.433029651641846,2.107177495956421,1.6019545793533325,4.22545862197876,8.544928550720215,2.7332818508148193,2.991245985031128,2.622394323348999,2.1830806732177734,1.7234114408493042,2.326658248901367,1.1039201021194458,0.810034453868866,1.8031853437423706,1.9248414039611816,2.3262479305267334,1.0782259702682495
48,0.7546295523643494,0.19385336339473724,1.3216919898986816,5.68828010559082,2.162416696548462,2.04927396774292,0.7231765985488892,4.772561550140381,4.2509894371032715,2.6913504600524902,0.5679663419723511,1.1505945920944214,3.184691905975342,4.279419422149658,3.5105502605438232,1.3641221523284912,1.4077880382537842,3.619124412536621,1.532016396522522,2.2863590717315674,5.883996963500977,1.4770039319992065,2.1320114135742188,1.184059977531433,3.8348069190979004,1.9523128271102905,2.8089165687561035,4.081871509552002,1.6162089109420776,5.672047138214111,3.2057650089263916,0.8960856199264526,1.6439270973205566,0.47425130009651184,5.42026948928833,2.130615472793579,1.59913170337677,4.196841239929199,8.442865371704102,2.713071346282959,2.9709417819976807,2.6231606006622314,2.1743416786193848,1.7471132278442383,2.3466053009033203,1.1030242443084717,0.7892453074455261,1.8212167024612427,1.9080321788787842,2.301851272583008,1.1002016067504883
49,0.7520551681518555,0.1967170238494873,1.2771881818771362,5.697207450866699,2.0088353157043457,2.07271671295166,0.7261879444122314,4.785227298736572,4.266674041748047,2.705232620239258,0.5731790065765381,1.1426711082458496,3.178576946258545,4.257370471954346,3.5304694175720215,1.3436663150787354,1.3691842555999756,3.634303331375122,1.53058922290802,2.233248710632324,5.8570051193237305,1.4782328605651855,2.116819143295288,1.1793696880340576,4.0544047355651855,1.910720705986023,2.80149245262146,4.026621341705322,1.5949532985687256,5.661587715148926,3.243312358856201,0.8856810331344604,1.6411688327789307,0.4720126688480377,5.459779739379883,2.0637381076812744,1.5798847675323486,3.932542085647583,8.509389877319336,2.712263345718384,2.981095790863037,2.626014471054077,2.179253101348877,1.7484294176101685,2.3201632499694824,1.098043441772461,0.8008795380592346,1.8102754354476929,1.934352993965149,2.3712751865386963,1.0777795314788818
50,0.7373437285423279,0.2053011655807495,1.2492905855178833,5.764528274536133,2.040853261947632,2.057224988937378,0.7226705551147461,4.813973903656006,4.2847771644592285,2.6983678340911865,0.5650428533554077,1.1161108016967773,3.1887025833129883,4.219958782196045,3.5003697872161865,1.3481340408325195,1.3659601211547852,3.5610415935516357,1.5423434972763062,2.2427186965942383,5.999546527862549,1.4738894701004028,2.1376891136169434,1.1541748046875,4.024162292480469,1.9139772653579712,2.8021883964538574,4.06687068939209,1.5988569259643555,5.659143924713135,3.1839587688446045,0.8861666917800903,1.637858271598816,0.48598942160606384,5.444737434387207,2.136016845703125,1.5943806171417236,4.021233081817627,8.433298110961914,2.695930004119873,2.9542739391326904,2.6203198432922363,2.1726431846618652,1.7692316770553589,2.354037046432495,1.0941723585128784,0.8042485117912292,1.8086034059524536,1.9262142181396484,2.394862651824951,1.0740238428115845
51,0.7514079213142395,0.209416463971138,1.2127424478530884,5.745930194854736,2.1997132301330566,2.037520408630371,0.7187633514404297,4.757144451141357,4.300727367401123,2.6979124546051025,0.577345609664917,1.1146440505981445,3.1995556354522705,4.233483791351318,3.4793167114257812,1.348596215248108,1.4018734693527222,3.5612475872039795,1.5428433418273926,2.2890772819519043,6.036558151245117,1.4768885374069214,2.14166259765625,1.1699167490005493,3.89863657951355,1.9372498989105225,2.777143955230713,4.206665992736816,1.5978150367736816,5.768306255340576,3.2327611446380615,0.897616982460022,1.657517433166504,0.4853648245334625,5.414538860321045,2.1737008094787598,1.6025596857070923,4.328358173370361,8.420318603515625,2.671947479248047,2.952937364578247,2.6189723014831543,2.173868417739868,1.7522815465927124,2.3857765197753906,1.0868918895721436,0.8242690563201904,1.8135333061218262,1.9520388841629028,2.3806746006011963,1.0736488103866577
52,0.7516739964485168,0.20760217308998108,1.203510046005249,5.752167224884033,2.1088788509368896,2.0121119022369385,0.719699501991272,4.801350116729736,4.284160614013672,2.7034270763397217,0.5774094462394714,1.0909653902053833,3.1712541580200195,4.208588123321533,3.487881898880005,1.34501051902771,1.3725892305374146,3.590283155441284,1.553829312324524,2.25054669380188,6.138089656829834,1.4536032676696777,2.123530387878418,1.1581820249557495,4.042853832244873,1.8931549787521362,2.7686827182769775,4.170638084411621,1.5894979238510132,5.778036117553711,3.203544855117798,0.8827046751976013,1.6234464645385742,0.49974408745765686,5.458424091339111,2.1290993690490723,1.6272000074386597,4.208163261413574,8.445894241333008,2.617354393005371,2.943110466003418,2.6218478679656982,2.17179012298584,1.7574001550674438,2.365980625152588,1.0893934965133667,0.8207232356071472,1.765518307685852,1.9348241090774536,2.421959638595581,1.0635762214660645
53,0.7389421463012695,0.19611701369285583,1.2026968002319336,5.764035701751709,2.0219740867614746,2.0155975818634033,0.7175412774085999,4.827907085418701,4.269124507904053,2.757110834121704,0.5706051588058472,1.076588749885559,3.169063091278076,4.15136194229126,3.520432710647583,1.3340463638305664,1.330260157585144,3.628767490386963,1.5599322319030762,2.217095375061035,6.088700771331787,1.4910176992416382,2.117021083831787,1.1122255325317383,4.1045026779174805,1.851993203163147,2.8062427043914795,4.128013610839844,1.5726171731948853,5.763480186462402,3.2145678997039795,0.8670612573623657,1.6071420907974243,0.485848993062973,5.509185791015625,2.091299295425415,1.618054747581482,4.065973281860352,8.433862686157227,2.652350664138794,2.975900173187256,2.6196393966674805,2.1715190410614014,1.758089542388916,2.3353915214538574,1.1003276109695435,0.8136720061302185,1.7614455223083496,1.933939814567566,2.4078683853149414,1.0471261739730835
54,0.7478190064430237,0.20636512339115143,1.2006925344467163,5.77999210357666,2.059642791748047,2.0212273597717285,0.7168574929237366,4.782522201538086,4.294727802276611,2.7513041496276855,0.5708635449409485,1.0803438425064087,3.1545608043670654,4.185633182525635,3.4945640563964844,1.331368327140808,1.3045076131820679,3.59674334526062,1.563153862953186,2.2349464893341064,6.096363544464111,1.4938647747039795,2.134762763977051,1.1206594705581665,4.045875072479248,1.8680696487426758,2.781059741973877,4.132218837738037,1.5634409189224243,5.8394975662231445,3.242732286453247,0.868205189704895,1.6156221628189087,0.4800204634666443,5.486878395080566,2.106078863143921,1.5962471961975098,4.0980377197265625,8.401275634765625,2.6077425479888916,2.9626247882843018,2.615417003631592,2.175023317337036,1.7624034881591797,2.3657889366149902,1.0924973487854004,0.8251328468322754,1.7794369459152222,1.9139702320098877,2.4296696186065674,1.0492312908172607
55,0.7201395034790039,0.19349823892116547,1.2107727527618408,5.77244758605957,1.9386059045791626,2.0206737518310547,0.7206187844276428,4.789024353027344,4.257532596588135,2.717478036880493,0.567929208278656,1.0769246816635132,3.143871307373047,4.161630630493164,3.5198047161102295,1.320116400718689,1.2868351936340332,3.62451171875,1.5828886032104492,2.2073726654052734,6.093479633331299,1.4730780124664307,2.138263702392578,1.0700044631958008,4.215588092803955,1.8222436904907227,2.795116424560547,4.079699516296387,1.5497121810913086,5.8349504470825195,3.2085254192352295,0.8313320875167847,1.5841753482818604,0.48342522978782654,5.517597198486328,2.06980299949646,1.5983206033706665,3.9407742023468018,8.404163360595703,2.6830978393554688,2.961780548095703,2.616914749145508,2.172802686691284,1.769532322883606,2.3389060497283936,1.0880100727081299,0.8082790970802307,1.770731806755066,1.9202768802642822,2.439868211746216,1.0591716766357422
56,0.7333049178123474,0.1852298080921173,1.2111971378326416,5.820363998413086,1.998500108718872,1.9821354150772095,0.7173773050308228,4.774410724639893,4.324871063232422,2.7871594429016113,0.5750784277915955,1.0528268814086914,3.0913732051849365,4.149778366088867,3.528968334197998,1.3126455545425415,1.2648528814315796,3.6784069538116455,1.606738567352295,2.2180216312408447,6.240789413452148,1.4629894495010376,2.1261281967163086,1.0706390142440796,4.273746967315674,1.8291982412338257,2.7637405395507812,4.094673156738281,1.5377225875854492,5.804612159729004,3.2000694274902344,0.8377028107643127,1.592677116394043,0.5191574692726135,5.555591583251953,2.081209421157837,1.6141420602798462,4.045854091644287,8.369131088256836,2.6369969844818115,2.9536702632904053,2.625358819961548,2.1810879707336426,1.7491422891616821,2.3431951999664307,1.1077380180358887,0.8029689192771912,1.775781273841858,1.9332422018051147,2.5276241302490234,1.0324922800064087
57,0.7312121391296387,0.19336730241775513,1.2085562944412231,5.829261302947998,1.9237060546875,2.0028629302978516,0.7197617292404175,4.765326976776123,4.294836521148682,2.731797456741333,0.5725836753845215,1.0513447523117065,3.079442024230957,4.155876636505127,3.530416965484619,1.3116620779037476,1.2568166255950928,3.6499528884887695,1.5881518125534058,2.2014451026916504,6.1583452224731445,1.5008805990219116,2.1533961296081543,1.072141170501709,4.264965534210205,1.8336066007614136,2.8002283573150635,4.013617992401123,1.5443419218063354,5.82454252243042,3.2235288619995117,0.8226301670074463,1.5978344678878784,0.4917178750038147,5.524484157562256,2.07370662689209,1.6174955368041992,3.8318753242492676,8.411551475524902,2.656885862350464,2.9809606075286865,2.6239616870880127,2.187255382537842,1.7521518468856812,2.3383805751800537,1.0995579957962036,0.8144190311431885,1.771865963935852,1.933026909828186,2.4767282009124756,1.0435181856155396
58,0.6861904859542847,0.20522841811180115,1.1758464574813843,5.8121256828308105,1.8278416395187378,2.029498338699341,0.7228415012359619,4.7725830078125,4.275363922119141,2.677138090133667,0.5679473876953125,1.0616368055343628,3.058370590209961,4.157113552093506,3.4947824478149414,1.3012418746948242,1.241289496421814,3.669837474822998,1.5809965133666992,2.1732840538024902,6.128629684448242,1.508826494216919,2.1654186248779297,1.0330119132995605,4.315861225128174,1.8474384546279907,2.8072290420532227,3.9713199138641357,1.53961980342865,5.86955451965332,3.2136406898498535,0.8161559104919434,1.6000114679336548,0.48833632469177246,5.528561592102051,2.078134059906006,1.616268515586853,3.6966564655303955,8.403960227966309,2.664506196975708,2.981210231781006,2.6212358474731445,2.183650016784668,1.7690095901489258,2.3661587238311768,1.1013363599777222,0.8180577754974365,1.7639766931533813,1.9360769987106323,2.497701644897461,1.0514822006225586
59,0.697006344795227,0.19993582367897034,1.2041370868682861,5.811532974243164,1.7678815126419067,2.0040290355682373,0.723703920841217,4.862751007080078,4.276772499084473,2.815931558609009,0.564473032951355,1.020592212677002,3.0361714363098145,4.150564193725586,3.541860818862915,1.2978817224502563,1.2034094333648682,3.735898971557617,1.5339863300323486,2.142380714416504,6.144608974456787,1.5351017713546753,2.1325411796569824,1.0472973585128784,4.342642307281494,1.8495303392410278,2.826988935470581,3.9210376739501953,1.5411360263824463,5.856459617614746,3.2491745948791504,0.8279815912246704,1.578827142715454,0.4601379930973053,5.515227317810059,2.0621297359466553,1.6055309772491455,3.5402657985687256,8.407919883728027,2.644317150115967,2.9710209369659424,2.6241023540496826,2.1927330493927,1.7523106336593628,2.3515384197235107,1.1047019958496094,0.8212319016456604,1.7129440307617188,1.9307695627212524,2.5258684158325195,1.0238757133483887
60,0.7013629078865051,0.20175331830978394,1.213456153869629,5.835644721984863,1.8216427564620972,2.006666898727417,0.7197377681732178,4.821272850036621,4.276909828186035,2.7515337467193604,0.5660959482192993,0.9931044578552246,2.9862349033355713,4.165777206420898,3.5055465698242188,1.2987303733825684,1.1968129873275757,3.709624767303467,1.5645884275436401,2.1592018604278564,6.011350631713867,1.574184775352478,2.135087013244629,1.0086320638656616,4.342143535614014,1.841294288635254,2.823000431060791,3.9107635021209717,1.5083787441253662,5.854339599609375,3.2637126445770264,0.8298328518867493,1.5875027179718018,0.4426695704460144,5.502810955047607,2.049686908721924,1.593761920928955,3.5472397804260254,8.44294548034668,2.648481845855713,2.973175287246704,2.6204240322113037,2.1950433254241943,1.7586702108383179,2.362893581390381,1.104926347732544,0.8293555378913879,1.7076259851455688,1.9756168127059937,2.5235118865966797,1.0110832452774048
