,ARP,CAF,CAR,CAU,CNA,EAN,EAS,EAU,ECA,EEU,ENA,ESAF,ESB,GIC,MED,NAU,NCA,NEAF,NEN,NES,NEU,NSA,NWN,NWS,NZ,RAR,SAH,SAM,SAS,SAU,SCA,SEA,SEAF,SES,SSA,SWS,TIB,WAF,WAN,WCA,WCE,WNA,WSAF,WSB
0,0.7317378672823012,5.203638963976394,1.277184625136075,1.2601988995055133,2.250094818348059,0.39087560122190657,3.2847162009715665,1.4397081662026845,0.9680816156016127,1.166162176756127,2.250420344148551,3.379185028764283,0.9947982173483947,0.7015335954007317,0.6574787789722184,3.1913430621935515,1.8891880980734816,2.5855428225196966,1.1705881575238668,2.5456540646032533,1.5209317883628009,3.236713677052416,1.4477777718840255,5.258054577520351,2.9325521601797555,0.6967860629395297,0.22325183231405893,4.469066570303697,2.305210308076593,0.5524823540291185,1.2331476902019916,6.351805588641628,3.118203132950238,2.305973260030457,2.615498224593965,2.4071450481674295,1.6014645115615054,4.224095933132712,0.8726763400010896,0.4453965160404824,1.616976312188131,1.4525987430419494,2.9163841856172774,0.9662814541952427
1,0.6812866155073678,5.124657566782423,1.5181892709392741,1.1692202425318576,2.2320964909495427,0.3861146553268707,3.179721820991683,1.36401464260681,0.9712653742758833,1.1627242904264599,2.2394179828744543,3.361035371550234,0.9779702248199786,0.7079981466660438,0.6877589671951533,3.1746415823849934,1.973797525083525,2.5193460196554818,1.162028260521522,2.4384541744895922,1.4961857092438857,3.220397246397437,1.409822779240436,5.232795925250215,2.9376768974720107,0.6762749376043613,0.22497448360061295,4.382469617683889,2.17252353220298,0.529187042359449,1.3510000046465136,6.231824524237875,3.0313375769561968,2.2618555900354997,2.609307024449401,2.3908929397279155,1.543744350774282,4.1685103051883345,0.8619530636580075,0.45739155341768206,1.6335024730977945,1.4943595742696278,2.8999924307214298,0.9572666471556865
2,0.7653562978243716,5.207953358352128,1.4745402620519599,1.1706356968591864,2.2180355286718267,0.38598106740295285,3.363096980078702,1.4073457913989487,0.9977414121334505,1.1726897645335768,2.2594900972762217,3.416004673179638,0.9881311631231846,0.7309231686985637,0.6936871280414565,3.1158414427831307,1.9140754184847935,2.5614054430410924,1.1615143035231614,2.5041504023729524,1.5351278166598474,3.324628853420706,1.396529512803603,5.271519469576244,2.9229438327115203,0.6870613386019974,0.22752844371512912,4.404127870404176,2.2675678417746967,0.5390150683078391,1.3749965713234014,6.380652568593799,3.0639321680647806,2.262946268439554,2.631748055334077,2.3932098402605884,1.5766177274736544,4.235103989282709,0.8462571175999235,0.48127286597375607,1.627875001121073,1.5213079967761296,2.888655967956418,0.9603816704781859
3,0.8030153231632787,5.294206196308121,1.355480046925095,1.216257146582268,2.2261864673147858,0.3864153203897122,3.4637257458654673,1.4459068755851103,1.012599733644262,1.1504204486376,2.272895164571555,3.485161331783867,0.9870950524564008,0.6919480731328417,0.6773816825474793,3.073995031694969,1.9428599295425977,2.558719495496227,1.1698777351435987,2.650985422594224,1.520654155895917,3.3795141369427433,1.4030945246606379,5.246112721295289,2.941323108572905,0.6910025598949525,0.2314978994305207,4.500426595180036,2.308205522915114,0.558307843571922,1.3321992553547808,6.418922126352862,3.018552562493236,2.309531028369966,2.645827323276327,2.4052329912730093,1.582341219909844,4.248409985323053,0.8485460082448296,0.4756143403007354,1.599980556097328,1.5076310904172794,2.9070374480943997,0.9507325814926173
4,0.7976190656647776,5.280138248854758,1.4010259320684781,1.1721593939101957,2.2166268776372444,0.389315182527687,3.4682995546820585,1.458902936022971,1.0118182897652703,1.1478120030134247,2.2755696241411223,3.487645915217376,0.9852058622127665,0.7026045001189272,0.6928529463364892,3.055674752116881,1.9499807649745577,2.549063010846615,1.167888897122808,2.639614442439354,1.498668892696843,3.404953649874515,1.405438324007353,5.266379235460854,2.9561443331244766,0.6916664640807259,0.22151493159154811,4.464264366216342,2.3194927447468983,0.5493290475464991,1.3331165526638815,6.420726445851852,2.982409185340876,2.288154906762718,2.662996709783507,2.425828060407514,1.560904025991478,4.238978999799013,0.8556887252940452,0.4840101784903833,1.5969764270337619,1.4929273407757764,2.8687619131742714,0.9427486833766616
5,0.8122059769838675,5.265644417249996,1.3958024125988806,1.212855806370778,2.238900729389719,0.38553890475006614,3.468635548671315,1.4606253808767027,1.0159286823273752,1.1499934279438566,2.302910171690904,3.468432509872074,0.9869677929695405,0.6984342830104582,0.6915667307395489,3.057029813884887,1.9187137846764295,2.54816857417034,1.1705366567917272,2.6251066759280497,1.504298533404443,3.4346382231730446,1.391464921162079,5.325865176077296,2.927935024180384,0.6920368837296433,0.23190052560932728,4.479582441011434,2.3200739327418507,0.559210100106029,1.3415098919604764,6.4136251442860255,3.005503561378507,2.3098908011578425,2.665173698702915,2.4245008452729184,1.5992916375525208,4.244970555112764,0.8430284561034523,0.4859384862118756,1.5860569103228888,1.5207663617700242,2.8886571013121096,0.9451168190403346
6,0.8295136483068718,5.263470613501001,1.4572179469496405,1.194577645954343,2.245853541532141,0.3848503312413942,3.4563206615444786,1.4407952395685404,1.0122682822432187,1.1615608810381854,2.2924367576107607,3.4846208763918076,0.9939837060206972,0.7158232652415518,0.7087343634103234,3.039318548078637,1.9942775083674733,2.518644505788507,1.1725967283780496,2.5479696555144864,1.5080025976825093,3.3755672674959496,1.4025178768431394,5.202492712960014,2.9160813641041328,0.6975550913536954,0.23964207916606758,4.465155497768733,2.340470624303419,0.5618992891609116,1.4042262638067442,6.418697309551869,3.0027498772096193,2.285713349987241,2.665309248618707,2.4105826155455627,1.5912633466675106,4.266958283738555,0.8453513825503972,0.4843790576326922,1.6277123838002463,1.5076314843141843,2.8886908794273083,0.9469622571496575
7,0.8261566674027411,5.260313789264103,1.4422976310868307,1.2065955800855788,2.2540891577039557,0.3848870167048841,3.45767231891213,1.4473774429513095,1.0177519737622067,1.1529634089123406,2.3268458276182047,3.4710727718503143,0.9866496416794655,0.7136203397849915,0.6907096146136358,3.0715799778232973,1.9145746945639417,2.5249271012410284,1.168080745466611,2.559196916702303,1.5112382420787724,3.4579359322830325,1.4015519842069593,5.257232565023745,2.898068352096657,0.6940350762032695,0.22767114854148326,4.450472350728757,2.3519164838890974,0.5582308451036048,1.3738666811618812,6.410470795282276,3.004236929773757,2.3117234375223377,2.625379004529101,2.414542022682497,1.610654915859622,4.224957634021758,0.8409426773991293,0.47848050211244364,1.6295114046332038,1.5148814327952964,2.8677002729838668,0.9400076332561875
8,0.8897323890990005,5.2874588422900874,1.5328535522485254,1.1850927750287445,2.24318767392841,0.3867862281994392,3.459181077668029,1.4473980275652503,1.0388748272324781,1.1746345426368345,2.3350231774130044,3.4614736398213273,1.0011481206948318,0.7380886115187617,0.7109166221732239,3.0635814878108483,1.9317106961816224,2.606092101938009,1.1752337518369382,2.5494573501566475,1.5307478860844883,3.41884787678499,1.3997415966951303,5.271133262502521,2.92969482132242,0.7096020577173855,0.25257129636612163,4.453037553788236,2.2866743090944923,0.5501215962086624,1.4323294780542413,6.392678465033775,2.997330641664165,2.2848337797574145,2.6290599020926884,2.4007460188597913,1.5915875284994494,4.281422868647184,0.8388190413013571,0.5060572109392162,1.6471790917673828,1.5283566974825837,2.8649143641508057,0.9569631621082859
9,0.8959170037842609,5.26119493647356,1.4748826069015715,1.2091897195262005,2.246034775755563,0.3857625841033664,3.4538112449398244,1.4518491748467084,1.0386899279343527,1.163550356618587,2.329452903645783,3.4995475821385122,0.9992636401231869,0.7232651814242878,0.7014015044188514,3.055966255683229,1.935828736746305,2.5787974331209536,1.1649584104403539,2.5514696116492503,1.5241163180730946,3.3823705418982524,1.4020070318956943,5.259585753582322,2.9238646959020995,0.7094213501201632,0.2683744536616877,4.449211379607478,2.334155167876506,0.5480491175732771,1.3832003203338543,6.386748901663348,2.9780555488089964,2.295101906681409,2.634867313278863,2.4156937348227725,1.6354275486099283,4.2686033985684,0.8442692079740992,0.49616631567856195,1.634965179609086,1.5266168919300949,2.882894237857607,0.95657278141613
10,0.872117388391867,5.226859524105945,1.3819762587349702,1.2153808894382168,2.2227136788143036,0.3845546744508587,3.451642060733655,1.465427881650786,0.9994119830453054,1.1468121137293452,2.298629238657446,3.4870275399681345,0.9847183526179437,0.6952870542929679,0.6792814983033332,3.0766838156341034,1.9143536690832368,2.548664854968453,1.1613171899383836,2.6862832889474193,1.4921322817629297,3.421741650721526,1.3816883308343952,5.282739188389345,2.8854153977349264,0.6956047278372287,0.2492496453530208,4.5185136572089135,2.327512353838441,0.5690227637778832,1.3245908188411781,6.414573923701025,2.9918072962888833,2.283453384951958,2.631077519362399,2.453278141927562,1.6335630065491469,4.200638536743375,0.8342850548723105,0.4752906929343896,1.5877522334614493,1.5110513660855573,2.89242497478845,0.9348886024663208
11,0.8855259843096903,5.234494561716962,1.4009686454130588,1.170718015554775,2.249651985942766,0.38829278265647005,3.429533854780207,1.4342500714243065,1.0091452528055682,1.146481682276753,2.3202739934867105,3.4471482350906237,0.9817971019097143,0.6954543924996768,0.6862477597379488,3.0691150812163475,1.9679519921095259,2.5655917491468068,1.1589971343660779,2.602445271983224,1.5008904118911686,3.419509909037193,1.3900561125537798,5.247915641976063,2.9556671479061905,0.6944163806102592,0.25206005046287944,4.47939873285719,2.2977619372297973,0.5479232823194387,1.357473483874005,6.37948525864672,2.963890647972846,2.3023790902702066,2.6460885628473463,2.4163625861226876,1.6324673232038105,4.214826927036945,0.8507566973699595,0.48751194530747044,1.59522610152691,1.5497170116154784,2.8412689324184752,0.9402019571184437
12,0.9182069327566529,5.230874369374723,1.3829377220986316,1.2246833194620683,2.2228338803713985,0.38647081518885873,3.441906708690707,1.4312708080541041,1.0171099457207586,1.1475922653757058,2.290074297419335,3.486675444567005,0.9893066690668854,0.6971816377628558,0.6913297562241241,3.073871899326152,1.9819831596583963,2.5809416369651657,1.1609799152376912,2.6194136449999204,1.503834975176738,3.3890361029937197,1.39996023334042,5.186405141582004,2.9297703221875135,0.7030126552258433,0.2662378296696297,4.445251329883253,2.3002955953550996,0.5526269937531941,1.3527212559776418,6.3748784390467526,2.9885603662549256,2.298800366207496,2.6129096676334753,2.427779991484837,1.65012954817392,4.223629112667697,0.8331245629304258,0.495505476901913,1.6045255153599849,1.5142597447706478,2.9104496582240276,0.9357842618515798
13,0.9551804170705726,5.238863799857141,1.4551407362262125,1.1807845477073766,2.243366127284439,0.38589667043657433,3.457065734406948,1.4489264050176693,1.0271708337490921,1.1550020510879753,2.3056533303567823,3.4465670550453247,0.9931639463531617,0.705684413865226,0.6975258097507075,3.04785153219901,1.9665723617216062,2.5667130764504873,1.1645941288342643,2.5389087114617404,1.5124519474835065,3.388598559681969,1.3870188144764255,5.3032780764705665,2.966075079153249,0.7034578116731768,0.27977362045041676,4.466911180554493,2.3547241159654146,0.5552382592878298,1.3741491249265896,6.400843875028735,2.9829286373017796,2.2705043368176905,2.642629171537278,2.3881590624718476,1.6540179473642314,4.246224914901404,0.8391758927457948,0.49353291641157665,1.5977085728783544,1.541602110694077,2.9083376109966976,0.9492072657666061
14,0.971541724872524,5.211056563474139,1.5220771623652192,1.1806752009910741,2.2326527533412266,0.38655287978003117,3.5072088973577014,1.4346581801372396,1.049887736488797,1.1549108584716845,2.2997469485749993,3.4499899782706533,1.0016906039391706,0.7291537121313224,0.710111063583068,3.1036866431972423,1.9377870135875699,2.5924421886798488,1.1674722342490267,2.5444948437057398,1.510567930534598,3.38749156796585,1.398296290889667,5.288885730958217,2.9306449751504604,0.7059109878871399,0.3056631511852001,4.436260070631963,2.3308454647795034,0.5536505273212361,1.4152652830793226,6.426466223351105,2.9857226841236724,2.2706433305797464,2.6471600419333727,2.3895370814793715,1.6560647574427358,4.254110976443456,0.8334795859672045,0.5059968553045696,1.6099644447156456,1.5357779350333727,2.87331740964884,0.9506817398316557
15,1.0212495785653122,5.235491761189589,1.5008362276758864,1.214570362309449,2.251573894943762,0.3846646488558084,3.4724089597988335,1.4541133752134834,1.0367268348227476,1.1743883116037235,2.301819173007958,3.393000710215559,1.0130783388221434,0.7510267854649657,0.7243331858860701,3.120026676249115,1.9005044640939495,2.6200373432208997,1.1718103938946516,2.5195391065880997,1.5278814048513951,3.3853856223662504,1.4188676815674959,5.263665016909444,2.9073818142118824,0.7210387597987572,0.3082646292891055,4.443623495200194,2.349680689353383,0.5660705451743052,1.4147485151126322,6.43681313043485,2.9406835040181556,2.329898439806049,2.6093808142473747,2.387009602871494,1.6821340045693602,4.2693406114752905,0.8382036072925636,0.516109222539809,1.6478809815260804,1.558064526085293,2.902886327472866,0.9579194498496512
16,1.0194018896806338,5.238521868129473,1.4420167485695856,1.1947566746984233,2.243530416528795,0.38530583489932585,3.4499088493570005,1.443133380963681,1.0446831863173442,1.1492293339891744,2.3139623530196225,3.415872391485641,0.9981794612166995,0.7127565279603751,0.6960400090509494,3.087800577423575,1.980581448608473,2.583701412019409,1.1736838220926016,2.619522941599837,1.5164068372454604,3.359102272748756,1.4146751013089367,5.192944624623118,2.910872773460624,0.7162972450113794,0.2939441495532108,4.514390126426047,2.3363640037017186,0.5555953167312213,1.3750699832008102,6.3944531067822,2.931315316301437,2.2880379959505097,2.6384100036764044,2.3979426671938815,1.6783684104410443,4.239227594420661,0.8331352615291692,0.5186165791119072,1.611481916958922,1.5373477483306721,2.8908334512426594,0.9442575738531058
17,0.9929029086496665,5.222713033258588,1.4536641010920448,1.1867334693765919,2.2288833971660806,0.38576803154157807,3.4443601786153715,1.4535565977037166,1.0416722905713705,1.15590683720158,2.3209595796414733,3.3752631023972137,1.0006633358697379,0.7102794991205438,0.7015322049470732,3.0605556548002673,1.9714779945738694,2.6078622683355226,1.1712630505862092,2.6540673226935625,1.5040257923098972,3.4032416978659086,1.414744329217765,5.294111470531746,2.9322404119323906,0.7191949473853437,0.30990659429585027,4.486896947844604,2.334792004926718,0.5565200299930659,1.372361452226683,6.375205086341948,2.959652792444081,2.2815282164118234,2.6212079133583606,2.3986265986627218,1.687545126428751,4.243186841530912,0.8304851470116029,0.5138693843432754,1.6385323120061621,1.543272725184914,2.903203615137513,0.9438527049512695
18,1.0387477616977256,5.220353851714264,1.4575388256332644,1.1762156646121862,2.248481170950255,0.38778035506410985,3.4567106807261925,1.428837978608579,1.0301705843090043,1.1497286305778638,2.335010192730499,3.3884170494751498,0.9954553202716733,0.7292593311876738,0.7019334375065458,3.0934402621673884,1.9026182822597708,2.613998435969552,1.160413648918259,2.515548316195273,1.5194997882226002,3.4257863059304174,1.423127093951853,5.341140725148841,2.9582962069333028,0.7247116459286203,0.3307085500863622,4.396414828833278,2.347959165774593,0.5452802696845501,1.3775453554260906,6.408029805764645,2.91763335684024,2.2666056608990712,2.644737746823087,2.4165204277867827,1.6842462910589686,4.237899291463581,0.8410276816806251,0.5124916702810515,1.6091978109215925,1.5235318248887058,2.9151376589080833,0.9386476830013492
19,1.0535295506574494,5.185684704644722,1.4236832384995068,1.1766898161614643,2.2458516112116302,0.38548974974383027,3.4734446928099123,1.4671160935394991,1.025484137586663,1.1517472642406161,2.3297169110506593,3.3754367294343965,1.0052092090579032,0.7234540463476731,0.6933775602152944,3.1020099895497304,1.9393662543688586,2.6170567129855193,1.1612098482586006,2.572452342692152,1.5041060748123456,3.491334369557949,1.416069071100978,5.2706262260146,2.9313516418574457,0.721860182097768,0.32523800531671104,4.444577693469053,2.348158637637613,0.5442792977049795,1.3719979886072096,6.419718309013763,2.9495191221877244,2.2765461087163894,2.614568005295962,2.3857665339994725,1.6792683030087086,4.189965349363588,0.833201792135579,0.5097576137187025,1.6023968415793122,1.5501075621611304,2.892935756993208,0.946251291588146
20,1.058564139362304,5.192955499564967,1.438440923762803,1.1922259714301422,2.2408678048554704,0.3862397933087676,3.4910045216010213,1.4511089599417362,1.0434454070583297,1.1591773668193996,2.3475725142177195,3.3964246614054483,1.0024664417908014,0.7277084032444081,0.6982621114313651,3.070188994352674,1.9871431970806477,2.605506525946421,1.1589620867122103,2.6575578918775484,1.5059910266828374,3.4665734509424375,1.4140895221317877,5.290029377866782,2.89740878167919,0.7224007393592455,0.33034775462086824,4.465744853150046,2.3391330174149645,0.5518176373901811,1.3940354886001278,6.404276907561405,2.9522683348038847,2.267311594141116,2.6333630146510347,2.3895972735281035,1.6791636082502683,4.22164319182323,0.8380590176047958,0.5129028677479515,1.6314092721975455,1.5464582363699173,2.885344664388199,0.9409217667525407
21,1.0941478863488405,5.182755065667201,1.4070128051457687,1.1716969908562787,2.2363793492038173,0.3866517870468869,3.4751653447981026,1.4351889772855806,1.0384164168094272,1.1352866717066388,2.3414300137282287,3.377424585461477,1.0000126222020806,0.7010272501003957,0.6903630951968436,3.078518657453015,1.934649426175094,2.616335752631973,1.1503242572264074,2.6466695947699153,1.4942696489967489,3.423232915173736,1.4206218835424358,5.249141177148729,2.934610562325258,0.7246928845206624,0.363899978161305,4.440404138932986,2.3483197821151816,0.5474262638050197,1.3450452593900755,6.379998743133113,2.931459027955181,2.292186271208358,2.59080612614701,2.423115324709676,1.695894383818722,4.200979208875206,0.8387012505990237,0.5188824775759617,1.5987112370849894,1.53204532693661,2.9156312046782187,0.9322593005105053
22,1.0959816983039528,5.199285042336978,1.3569342743835477,1.159611023673621,2.248303333946228,0.3850284882223197,3.456107995446718,1.4357882630096592,1.0356283150338896,1.1478383467328057,2.344937285720897,3.377060039316448,0.9953416439179363,0.7123906384856669,0.6924671287901447,3.0578536107104837,1.964158932376629,2.6155650107552613,1.1534211444292182,2.7039508327271577,1.5025827857282203,3.4898860527479223,1.420540261044707,5.3022765503811335,2.9288182205127686,0.7241230271922768,0.35807805162698747,4.4658556823027755,2.359357185423149,0.5546719014256982,1.32785506290297,6.408859068141522,2.9199077751361355,2.254400386411354,2.627600673946058,2.400283597494895,1.7201968561630803,4.192122754832273,0.8410797581278158,0.5203250455780845,1.6020268950880605,1.5389536243702928,2.9338018018768177,0.9373580336361902
23,1.1425168842220705,5.181447549934737,1.4770563102217693,1.1607581492325316,2.245310244912419,0.38695346970912864,3.462776890217055,1.4088127070551753,1.0561709068874647,1.1718018740204028,2.323659481877645,3.3469075278645755,1.002084917902735,0.7517629086861846,0.7075612055008393,3.0340924302641525,2.0015705270580053,2.619662878507955,1.1623356223765702,2.571524836161197,1.509184819095985,3.3756518449700867,1.4310449571298423,5.276566388907455,2.9576716720370575,0.7327232035377197,0.3734963183868681,4.388162548900761,2.412215686483667,0.5511279234194728,1.4038014518330038,6.405700368714138,2.938795318062815,2.270208031969474,2.6226878895294563,2.406145709214464,1.7708013746991782,4.207482328056679,0.8408412135880657,0.5346163160789725,1.6414211805387269,1.5424270860047478,2.9166994249059366,0.95132723683171
24,1.1544499907017458,5.177234022891068,1.4131031467253965,1.1385929264537638,2.268275722379238,0.3851472314765981,3.439562768797547,1.428392406621455,1.0438460568883587,1.1552117843266232,2.3528430217302856,3.3211370178731876,0.9979115499200791,0.7277986283848569,0.7207290653632741,3.046643642277809,2.010822523036966,2.6241889320804352,1.1591245400328616,2.583061404983361,1.4866605218505966,3.410011133683016,1.4264842069878547,5.196496305664556,2.9202794064924085,0.7258324625335985,0.3809369055217497,4.3783490448840725,2.4077867628033744,0.5362346920191738,1.3820897221393937,6.419406757102142,2.908510589136729,2.262379566432611,2.632339113241903,2.415116115471072,1.7635811116224203,4.197506821291187,0.8290474340010033,0.5239528071678582,1.6387964995415736,1.538704356529332,2.912357981741611,0.9395717244813059
25,1.136005132607793,5.161716493691638,1.3883538233166721,1.1653082926852067,2.266869110566803,0.38113195271687617,3.4813461564361954,1.425678656918664,1.0370643781262359,1.1451744228875607,2.3321138127961882,3.3092469250833467,1.0074711717249398,0.7122151870389078,0.7002491734099475,3.0700102311554076,2.0125356648106703,2.6162546603067685,1.1464953289323443,2.7210967086189837,1.5031632748099242,3.438510551510976,1.4178069487089235,5.168747896952328,2.9413812799103094,0.7203284823907534,0.3884965773575433,4.453989923059303,2.3563176923253026,0.5457285232500763,1.3795132033346493,6.394926458138649,2.913264645412667,2.2323074990407723,2.631022234940155,2.40686913642102,1.7148964587670157,4.182552999230931,0.8319563754129694,0.5221107355556657,1.6136231284309155,1.5569763069940996,2.9187850513212146,0.9399811593732786
26,1.1597597847639882,5.196012439622385,1.3915731530289577,1.1249803589286043,2.2385824419523153,0.37192606254345256,3.4640121006358737,1.417978041914634,1.042760432464982,1.1415127406807888,2.3315839799952838,3.359624481172709,0.9934079539455958,0.7007904586964303,0.6845620177772513,2.993000099733145,2.047032741206671,2.6124917739826237,1.1426218405345552,2.697560856611553,1.5015662498932127,3.4880118700556655,1.4163576671747609,5.309239076790886,2.91439687782777,0.726127418810947,0.40811825027997484,4.435706253969596,2.3475423074822284,0.549479355542752,1.3499430820226404,6.391816731783095,2.894290101413727,2.2201312974899476,2.6281046616346115,2.403741563015108,1.7447056846248612,4.188194195540576,0.8195182877179631,0.5207123255766198,1.6004612331470442,1.5465435043557683,2.9192672580707697,0.9256827219843394
27,1.177425295654989,5.131715416534612,1.3070131805648089,1.0751136455855994,2.261043461009165,0.3748706810472563,3.462422506322632,1.3948899166767303,1.0467220736548488,1.1210458763827582,2.3195880338447656,3.3197082421059876,0.9898259554745098,0.694740641634494,0.6926032006497513,2.9632829921721897,2.0196739085936835,2.629790087946482,1.1417266023185815,2.643339308736932,1.4805121834507453,3.441069893049737,1.4150980396461021,5.205444270705154,2.9340771714285165,0.7225336774586794,0.40574391864434056,4.418434615105729,2.33385210187827,0.5264147865043837,1.3196588043964765,6.376264553710824,2.8930845625498405,2.2507620715468017,2.655760076397059,2.3987281466412447,1.7463544987497317,4.138727906177069,0.8166349332428914,0.5207481791320316,1.5933225737109105,1.5511682986261819,2.914587262555992,0.9182700517653559
28,1.1987576383768717,5.1863879963282065,1.3960398392498519,1.1076696805182356,2.2586498997324864,0.3741835333419673,3.439677982383003,1.4098233037157997,1.043935181979386,1.1487487232533222,2.3055770433727183,3.310256088623126,1.0051815276961322,0.7124571232031089,0.7123689922206555,3.0061525661871507,2.066867615673757,2.6435641598626898,1.1541645428850382,2.6230396695539175,1.489924437286504,3.504810635280575,1.4200760533254806,5.268576346835885,2.915364481947842,0.7286780170409072,0.41876379704182226,4.509385859834283,2.403536871369413,0.5311016727726042,1.3589088184892513,6.419775160069042,2.8937561979317543,2.23857573734063,2.6510723853091513,2.3973766828787317,1.8122543535743776,4.196716754733696,0.8167018355350089,0.545111917840164,1.6147131926685014,1.5606961095354177,2.9420283423981997,0.9324814136003081
29,1.257201253467068,5.1908565358886065,1.4763532330367266,1.1347236506754323,2.2685850556228107,0.37171277523273744,3.474738343103728,1.390297075627684,1.0530511136075218,1.1613153852691391,2.3411536972279743,3.306296275112659,1.0006266672686872,0.7510749250278544,0.7206265361912302,3.0441397897512217,1.9777756911380342,2.6394982176634745,1.1457792480896465,2.6126066416916403,1.4877112050408783,3.4982598926214794,1.4179504344121898,5.235489833201713,2.9387061622125175,0.7336627890759109,0.45221041571506043,4.38740836537948,2.3984450633670904,0.5383702490433689,1.4225410067394286,6.410821304730756,2.8856262001329966,2.2174810441067003,2.617428377233326,2.3980061178325873,1.8154896734175978,4.208081127253934,0.8217375153270112,0.5641143795759852,1.6323068431052097,1.5799344728377354,2.9426643905150507,0.9413267564560234
30,1.2555306891304554,5.153399875716071,1.3449956493391972,1.1031531466027458,2.2709525514758275,0.3716558907542973,3.5070698354918095,1.3848117656244536,1.0637396698899335,1.1433404327161627,2.3358492744781714,3.3007214241521234,1.0125244732718746,0.7359118283703014,0.7144987183771467,3.0280494631146637,2.013294256323776,2.6420419721235113,1.1389476147863076,2.6556614359787742,1.4824877647602648,3.46658524239947,1.4063043803353237,5.232280959268004,2.9187716862482005,0.7272749559398242,0.45525383914853174,4.412902060413244,2.4075472230817927,0.5315106601925818,1.3511600332298883,6.422999308849289,2.8686536955098725,2.2376908487586444,2.64403144018006,2.417172808277907,1.8334550413735622,4.176662560925824,0.8202967286708135,0.559129142116729,1.6061638846992758,1.5875702800301783,2.9387429135718466,0.9317706470890673
31,1.269420062223473,5.183421081411195,1.2700277309818375,1.1152770930511027,2.2226630360843846,0.3701155449363814,3.469208853018987,1.4349541869717577,1.0597337189026181,1.1297346206597476,2.313117291966292,3.350244067103533,0.9975156061116853,0.6868100104625617,0.7006820892106298,3.1028787479814812,2.030592165897752,2.6707823967736575,1.1282904867501455,2.7678296411185497,1.4593350263184368,3.5572880676714784,1.416706144432248,5.257898580200567,2.9061599023629476,0.7235558075232991,0.4593667568154985,4.490303647512956,2.415025078692353,0.5301066352834971,1.2852069203453278,6.292900791224317,2.896012486548303,2.1820178179625502,2.62587969335667,2.426089051085862,1.866139161486717,4.135179620244453,0.8191833023760362,0.5436606769601954,1.5819420224198868,1.554087862399091,2.9344060192419454,0.9186682680204789
32,1.347181069211992,5.190675998818608,1.2946079306175307,1.0775248260929773,2.2539477054818033,0.3699250703474246,3.453813570928347,1.4232730210247193,1.0641727077591856,1.1331216466693117,2.3399201550750894,3.3415998906554205,0.9999832738451929,0.7195600136221427,0.7182060692234395,3.2728117319946115,2.0426309321256366,2.6725406018845903,1.1307815136052333,2.665454729660126,1.463226458444729,3.5265156476666037,1.41795022869976,5.3752722893494935,2.941023512753107,0.7228168747350976,0.4872290198589955,4.4046384098059175,2.3810289900050012,0.5108018577729752,1.3421205545254495,6.170821416071586,2.8511781589731124,2.176453839636795,2.609702422641149,2.4322133077613857,1.854031782973391,4.167120962212364,0.8230915309145421,0.5681492147632712,1.609054859206773,1.5764000935471272,2.887488348695156,0.9202661212004729
33,1.334861799339919,5.190199053711878,1.2668133844329077,1.0902690593507274,2.257888728870268,0.37045737903321624,3.4188160481723675,1.4201572676595575,1.0716305045817343,1.1413755126553726,2.358445669588175,3.327771495850495,1.0076504752218187,0.719278590568318,0.709161493571158,3.3084288852111152,1.9954369982855964,2.6932606089524596,1.1311789694786236,2.6984235077459933,1.4648632418211414,3.53981344027732,1.4176085928955227,5.321426964684268,2.9344774630642467,0.7282718542870693,0.4834092116293823,4.4361445163565145,2.376104924586975,0.5005394801855333,1.3648305776610914,6.1402801061194285,2.8947903780355686,2.1843220929461604,2.6099486727608032,2.403337539794232,1.8528181979995537,4.16377612498673,0.8300183495226369,0.5599265104604583,1.6182158674581901,1.6136552855414614,2.9208732372466946,0.9285344959882598
34,1.310773084937249,5.151211960945051,1.0901983520739122,1.1030228128835131,2.26531801803535,0.3691267806984077,3.4214466834004043,1.4045247939653112,1.055018991158104,1.128650689470163,2.325174855284619,3.351693620239532,0.9944406777286231,0.6832690826880086,0.6984815217097166,3.245879168801349,1.996459664297268,2.6649021924959704,1.1100292568068424,2.8876596964129795,1.443211587976344,3.439940316258182,1.4270433073037667,5.371003476917444,2.9000498507017176,0.7188519358094432,0.486860685465099,4.553563832809569,2.3340136043499036,0.5193273416218179,1.2259164013958022,6.106241520875568,2.8233500573508934,2.1835341562582338,2.612377413935519,2.443430221852885,1.8307535299097732,4.104182267045016,0.8235938688946831,0.5319982014606573,1.5819617478890093,1.593373302634497,2.9835580027340103,0.9281763556312949
35,1.346808156023684,5.163072844837926,0.9503865688031965,1.1251098756927032,2.2583033021908756,0.3678740054968646,3.461069084617554,1.439507490832029,1.055022440653767,1.10685454485203,2.348531831234114,3.3738980770927363,0.9910689266443304,0.6745784382933819,0.6803544911865607,3.2696337965435216,2.0405752389820737,2.677222151221926,1.1096592444285456,3.0133932076958847,1.4517383418365177,3.4592285143533488,1.4218380973381537,5.293471475237741,2.908088315875352,0.7183785198228352,0.46938646775679244,4.615034281650203,2.349945460264358,0.5252763053120572,1.1082732027784465,6.072569141393572,2.885637081473167,2.1710274365681976,2.6121865098362966,2.447701371275847,1.847335316576554,4.063922569336905,0.810064101708455,0.5399294339212799,1.5325228391126087,1.5801002824986636,2.9901389508277343,0.912900185172244
36,1.3437584212057136,5.151517874262793,0.9519497190524362,1.0685854951736538,2.2713185652186034,0.37074621875085456,3.4439146475628233,1.4126800103677204,1.06944733256328,1.1033338562068014,2.3358208514150856,3.3314664664512077,0.9816060650633719,0.6709742884146365,0.6911311838184065,3.2124846375196245,1.9878871778298635,2.6754659306130617,1.0998919744718376,2.9649076232565954,1.4229469123899001,3.4519260874100652,1.4230740810590519,5.263738585835845,2.898952567662637,0.709874454498891,0.478893880582962,4.592435943634704,2.3271357722069923,0.5190350886225811,1.1444488894751765,6.075710964992561,2.882824642909331,2.1622863382036965,2.6306796623030047,2.4449006568055944,1.8533435851771358,4.026717393534003,0.817746951571762,0.5498746348426323,1.525985796121157,1.5852960654060946,3.005670913652752,0.906389489850859
37,1.362301338580696,5.156796001779999,0.9604959298314952,1.0376365153052916,2.2211347289648917,0.3671972008963151,3.4303674088273706,1.386302139124969,1.0639476524034035,1.1092733799872758,2.336686418252546,3.3325742519320363,0.989399376088628,0.6662037843053811,0.6940210289906118,3.1696823575570074,2.0042216000179334,2.7142491060200165,1.1008216700957685,3.040859448409733,1.425457412760682,3.481338031065648,1.416002199924959,5.413666261583324,2.8968722773994178,0.7125781109485202,0.49564936814942295,4.631725937219911,2.3431726846449954,0.5096402939926821,1.1449376256777009,6.105801544521259,2.8432471779075965,2.135847317378794,2.61181815379809,2.442913298330237,1.8819499977231111,4.063880067049416,0.8297586078550715,0.5633861806467851,1.558894617122592,1.5904046189584218,2.9964697961036064,0.9064909505526394
38,1.3887843396627146,5.149599068858136,1.06083504988419,1.0187014651454522,2.252864117162314,0.36833233290695233,3.409072955182667,1.3808417121176062,1.0555226213214346,1.1081353719174258,2.34489803201622,3.304973446992015,0.9954912031329199,0.677003425200114,0.700657247662198,3.21357507968659,2.068143054431058,2.6745751950868866,1.0944183871768827,2.887052267452737,1.425545337248799,3.4481911685348154,1.4247319453434895,5.384208854417319,2.923796902230208,0.7146603756148348,0.5093220847743232,4.515966033887168,2.364662196945135,0.5012118224589545,1.2299217799186044,6.111508627717512,2.8428203304061115,2.1343795006385915,2.6300460918035906,2.451121452529364,1.8808720833221686,4.0862590349452805,0.8222775208618214,0.561952141103477,1.5704067457077366,1.6039588659716792,2.998848703298832,0.9065442850737133
39,1.393569646326194,5.1414875197646435,1.0338242236684891,1.0220110547004986,2.2532893231108915,0.3648341032534735,3.4409549341488037,1.374398197893828,1.0695014796032918,1.097325145384671,2.346399182651682,3.3257650051062173,0.9984477684811452,0.6545798680919088,0.6836722386053462,3.1575948663587248,2.096949721884683,2.673294044332551,1.0989100800792309,2.878088061684426,1.4412122798328608,3.484011677478334,1.4143987652614485,5.384739067991093,2.9152573957916648,0.7165424286943779,0.545514929598529,4.51439340852851,2.3567417621889537,0.49439687494299384,1.2362603321613526,6.130182028855128,2.8396465751622793,2.1327692746293123,2.6253681302096292,2.411189600731345,1.912762977216134,4.098174443743269,0.8147567070694863,0.549250959375852,1.5307109328598516,1.597428893384785,2.9607215450002258,0.9078745872024695
40,1.3361429870367654,5.090676111625306,0.7892348106253166,1.0593980434530994,2.2768460592614566,0.3647953939518885,3.3882294965284077,1.400594686642889,1.0388729221502508,1.074350551319855,2.3501347773666046,3.379754349519393,0.9811061312009205,0.5994135351688323,0.6607258242028625,3.2127759613729596,2.041237995483505,2.68460548204097,1.0630197277197522,3.202969699524952,1.3877882278125968,3.3370104619833882,1.401261120910007,5.239081240359115,2.960530438272276,0.6949592533040836,0.4603960678308631,4.675401951304426,2.3117111770000704,0.5111713280562178,1.0434510691151946,5.994798679728762,2.853504186674445,2.144292991909796,2.6167070449947594,2.4628315980120647,1.8517178944038553,3.954569090621518,0.8321252780689484,0.5334947610751484,1.4703665522508422,1.6002255528498246,2.9917320546741704,0.8906158540386292
41,1.327186176622189,5.075656227339824,0.6359153331914059,1.0367784791662868,2.273386258867228,0.3622321309899632,3.385467915384211,1.3874068451113921,1.033214440778053,1.0497877560389828,2.357592929724987,3.3714297023020947,0.9686932782122716,0.5687994838470242,0.6563155620740581,3.1801256368354633,2.050356721285527,2.7061377339119534,1.0478622143230503,3.339314231571258,1.3604909109092616,3.2823391841348815,1.3867669803741989,5.267544889036473,2.917477482613882,0.6909170549946558,0.4407049136481968,4.671967514379087,2.2790315100463965,0.503648466225977,0.9913531974743169,5.950890334947513,2.878337686031825,2.1033497296492887,2.6226007971793823,2.482066636668841,1.8287426266329243,3.9612709166082793,0.8183240775920013,0.5343200852487104,1.4295360794168737,1.6043763695567015,3.021920289943201,0.8758759017567181
42,1.353415567809973,5.090946325237008,0.6380936604699627,1.0440711378671765,2.240811049262429,0.3610799610288005,3.41678935094488,1.4019160428566593,1.0355965224310508,1.0434719482161887,2.306520805621549,3.3643714965034976,0.9683120208815139,0.5783609397695643,0.6553810046460441,3.1654759755454434,2.0234903318048123,2.698010142147295,1.0500214063049536,3.352418395040837,1.3580695905513611,3.24829846416476,1.3915418503920358,5.198761918614488,2.9585927002679093,0.6994179340011667,0.4523207330959248,4.765744884029952,2.3334313988908026,0.5177818574570018,0.9743876225654908,5.989609040755342,2.8848657953201786,2.123615937903415,2.6173901745374795,2.502393554586854,1.8537575149514673,3.9245863212784244,0.8194777645673567,0.5261798992387228,1.4162727000055244,1.5808472650592684,3.0198247092467536,0.8728052878277011
43,1.343826106532065,5.078481658719369,0.6965817458848278,1.0598292263499753,2.2298802699805362,0.3607070768289264,3.3863518839828943,1.3837461184874351,1.0492588510760135,1.0653463995319603,2.3349695629092766,3.386556399790144,0.9696070115584752,0.5687560118221002,0.6508298705017806,3.190214013740266,2.078513375508404,2.674035117743557,1.0476716751706387,3.2706338342191907,1.3649925006749402,3.3050918388020136,1.3999264065457173,5.2291048306111225,2.9175501135256705,0.6947383683162461,0.45261223642414594,4.705461011809223,2.366123445657629,0.5240786772031135,0.9989650958327598,6.002821790540892,2.873199283650599,2.138801407207488,2.629680102737697,2.4978608983191104,1.9048143740871382,3.947326395519046,0.8184597976880462,0.5248510567621207,1.4231205628523749,1.5700010460741165,3.0209360488896295,0.8846702538316192
44,1.3746678973258986,5.093408118728396,0.6937189657918452,1.0452391763526894,2.286075476985005,0.3568306648238222,3.3931210147228863,1.3804929075080417,1.0558871398018779,1.0596745865725743,2.3110173359246646,3.351370843897815,0.9823461859826988,0.5621752998631385,0.662312889348454,3.1420250481328513,2.0995896760457167,2.669564190903083,1.0580778180873307,3.2977662467847053,1.3796699940651327,3.319862908328559,1.4085904912178902,5.2589497890790335,2.921150182628602,0.7025143884681143,0.4701855218096888,4.720836420424979,2.357000169270943,0.522480156355572,1.0027305162180544,6.0089864374396855,2.8352113022529615,2.123895733990344,2.604797560022544,2.460722392063515,1.8992697759952435,3.95144289149318,0.8280823906742414,0.54014487018854,1.4428013342210753,1.5725083911492241,3.064829620182793,0.8795773169990919
45,1.4053444009024432,5.11106204730047,0.8202789896927243,1.0062588056507855,2.27711005854897,0.3568852238416044,3.444341444065515,1.3605470872826664,1.0536522965600803,1.0672425082529553,2.3056392550257683,3.384166259451832,0.9820821649758632,0.5808525146351908,0.6710514851389442,3.0951280993514927,2.117925635185619,2.6874314649361355,1.0732821550231042,3.0581613505033314,1.4082220901843285,3.4360393092851838,1.4158217202868186,5.3263082400673,2.9013464635336903,0.7231910201325923,0.5032073857547879,4.562939705666709,2.391233499672326,0.504422517625063,1.0748182196845735,6.033216234559075,2.86428307421411,2.114586436125324,2.6217340069928765,2.45683406172797,1.9568961214763956,4.007926087277371,0.8199105238742664,0.5435757050976477,1.44822869746507,1.5980930279205372,3.03800814794192,0.876934658221213
46,1.4139949909793523,5.1161897406832475,0.9295395493325032,1.0218935077358513,2.29602514812127,0.3574479604673724,3.417658737815702,1.3380133151905995,1.0678406008369836,1.0782123162389776,2.3042008930385665,3.363540825553615,0.987851028643774,0.592817897317433,0.6920122133044386,3.1163073937064367,2.0729506941685547,2.6821994650772005,1.0699122312845435,2.96509490672078,1.3989244490119082,3.4813500494006577,1.4199340445001636,5.363808203551404,2.9349052241603815,0.7152368724538847,0.4929391997555031,4.56522001723332,2.3709123308032476,0.512537180320264,1.1687224494138668,6.072703250303244,2.8154083535538854,2.122461675952575,2.6491912441112055,2.458870711234583,1.918624166790113,4.018137089214033,0.8188290579936763,0.5601922884139632,1.486431833484511,1.6116377031410913,3.022494266518983,0.8835487543472894
47,1.3907799531288385,5.134427728814207,0.9513965756013931,1.0286506772187596,2.323641935188214,0.3552827187648624,3.4311825858093887,1.3542289977714486,1.0629373754413822,1.060426981150512,2.282808029595203,3.37761099701708,0.9792480360922662,0.5738917854412042,0.688318360236664,3.1342669497832074,2.102662300480728,2.6792405577452927,1.0724646657496817,3.0579895215830866,1.3858467819514426,3.4562300918894344,1.4237476693345683,5.358932431380938,2.9270364539762403,0.7165771664890734,0.48636673805776304,4.556947586916523,2.376364107512198,0.4943813747832016,1.1352925640684437,6.0639525333328965,2.8267222603939186,2.093400136170578,2.640918941164679,2.4448587457793125,1.9344430522293763,4.034464255290591,0.816093546314789,0.5602310362396444,1.4741328054624026,1.5974027044820744,3.0659304840805928,0.872972673440993
48,1.390453587718533,5.109855008661312,0.9215630261191369,0.9755675619448361,2.3051934576305593,0.35348391465450946,3.412499911863972,1.3368633966659684,1.0593571882513746,1.061606778502741,2.2820905450261852,3.37398679941862,0.9882653473479165,0.5664346008509628,0.672163655144282,3.08552299430467,2.131163917345974,2.6834244725395204,1.0623897394009267,2.93264985709984,1.3888000310394986,3.4096400286756823,1.4186035364811809,5.3770579215945,2.9371647549771125,0.7135882626722034,0.4895533910503853,4.526891405944671,2.3691223209721914,0.48994056803847325,1.1607281204324436,6.057800306593399,2.8389732913980237,2.148294361337498,2.619086107987071,2.462866020734727,1.9104578149576932,4.020300339865182,0.8157676181694856,0.5494117163615941,1.4494485528123804,1.6080795870540732,3.025484397517835,0.8748260819386392
49,1.4005992757230734,5.118046579674789,0.8951559534041639,1.0383643189461917,2.304413178285881,0.34900211430143613,3.4017353614281127,1.3503252348291357,1.0626586190980976,1.055074694947543,2.274739850005894,3.3851113692427557,0.9826326118676715,0.5620142656406723,0.6751787950993016,3.1310700122608726,2.1679768184497985,2.6916041590803794,1.0613301185414927,3.055014625210423,1.4058050664615782,3.426852181687154,1.4338395753171063,5.393247818784376,2.9252573360317373,0.7150281626054034,0.4803505212930486,4.571969213203433,2.4198810793680825,0.5154381380081788,1.1428412969784287,6.073483730760321,2.8480847553214454,2.1019177676870857,2.611843562807639,2.447765008662498,1.9545735427675806,4.009668789206559,0.8072664372347425,0.5591441187256018,1.4639810457971842,1.6083123770670056,3.0262815261931273,0.8702969085341312
50,1.391107575256614,5.118929313283978,0.8516066891672835,1.015021704726626,2.284053933201395,0.3473952893475629,3.432853419193231,1.3340665489109815,1.0653363066358377,1.051941598512234,2.2396937685157163,3.4122908729945425,0.9794266679409916,0.5559499313138793,0.677163910447663,3.102056349027405,2.062613515191053,2.656512062332981,1.0655576276749699,3.075124655871129,1.414056425367363,3.395537641380374,1.4368737403648275,5.399653690846699,2.942937418731079,0.721163347100764,0.4946598113237418,4.623551658973924,2.379435881234263,0.5058140315303998,1.0984217052041265,6.08718308642646,2.8384766134606694,2.120065093364057,2.610802589051292,2.4426215781706855,1.917648346407681,4.026754234896673,0.805679761674909,0.5490363960965294,1.452269915355475,1.6149859242652727,3.045321603973666,0.8579384305106277
51,1.3634582192581934,5.090524754490199,0.7525778426042962,1.0292976755804517,2.2700402447889925,0.34299286776706206,3.4398849665422366,1.3612227655063416,1.066830270407296,1.0439530669006436,2.2223351181108666,3.434816340622281,0.9712731215318003,0.5505674164603866,0.676008517453541,3.0550679979447746,2.174488825341762,2.6675293998725866,1.035394748323753,3.175989100749053,1.3934484750673373,3.3624415432490595,1.4471648050540336,5.343923196217464,2.928245873305105,0.7109989421376743,0.4753760512698204,4.655288506644804,2.388280904585505,0.518855162841308,1.0167200447191358,5.995564293152866,2.8198359060371097,2.10924171021786,2.5935261934626324,2.4804479553453564,1.931587992127458,3.961035978818693,0.8035263560343547,0.546946558036637,1.425734986519815,1.6007194662421014,3.0503976676829194,0.858445507547772
52,1.3309314118487428,5.099750103532318,0.7886237736443036,1.0090094999172499,2.2187534151421366,0.338947836631613,3.4329832275009466,1.3458860769421561,1.0345969965364428,1.0277140778360576,2.1660872300895155,3.4066013249989893,0.9665875920030691,0.528125845953832,0.6711029280327204,3.0086890510822264,2.2302180832917733,2.6426257635130446,1.0080006899562315,3.164609048811775,1.4105191731173838,3.3595830543641636,1.452463994561159,5.407693437109389,2.947898017783316,0.7070906324329743,0.42232295325295915,4.6003799959949845,2.3192520284639015,0.5058148111488329,1.0205511829393936,6.018468612485862,2.818178762252313,2.094500741424408,2.607926413534681,2.4531400353426025,1.8729012942250263,3.9637836573536314,0.8057547567749688,0.5372106499981236,1.41700499533159,1.6008594364702318,3.0692844981180074,0.8382461160005162
53,1.3470345892744926,5.081564963952814,0.7302643134770344,0.9923969208519646,2.2175623131524635,0.33871185150615296,3.4419723618540816,1.3408421365148278,1.0411340004721252,1.0199669995305183,2.174176771122272,3.402137164008019,0.9586726494957148,0.5223501324836445,0.6567653869904628,3.015244081635254,2.20107601900573,2.670244376894775,1.0078445749380003,3.2444590619905007,1.381767318618716,3.3316988386690354,1.4469068636051776,5.345272915451438,2.940833341983396,0.7092331170472873,0.45103942887414533,4.6348673894519665,2.4041930344361577,0.5223587493093337,1.0097010550694343,6.000305218650192,2.8018733637738658,2.0860622530909776,2.622970077880778,2.476503263809804,1.9085150842978886,3.954461121299752,0.7828806811989077,0.5392279893199141,1.4031674849253362,1.5989261531922432,3.06946872957924,0.82988996597588
54,1.3467287680844187,5.081025121319421,0.6829972969506727,1.0457794026316931,2.200400805980488,0.3340567273105725,3.41746016718604,1.3615936018522081,1.0274737173812103,1.0056488557352457,2.1623413707763324,3.4451737332857095,0.9665152957826807,0.5170911213923501,0.6563500154291183,3.078347304348922,2.184025237894598,2.684846521986978,0.9938856149152703,3.3516531834692325,1.3987095355942205,3.2808129759768314,1.4579550776628551,5.309808226291348,2.9548411744246796,0.6992573764859528,0.4473786966533059,4.651879613076045,2.324137932787189,0.5264389326330964,0.982818493623864,5.9386379005016945,2.856576195873037,2.0659373902555678,2.625160584334986,2.4667363196196868,1.881569192003843,3.931227033925585,0.7795025503836713,0.544315219273618,1.4078134113783751,1.621772119449439,3.0796999135072087,0.8327681429608834
55,1.3262373053679344,5.074409400673016,0.6554276110648516,1.040990194526074,2.192002759811206,0.328357777287769,3.405281428727246,1.3549119500227524,1.034334836986129,0.9880221193055619,2.120340981956274,3.460445927507912,0.953960059384615,0.511001420867253,0.6605704726661642,3.0374407180172986,2.1912242320077464,2.6326635791841433,0.9832203593645561,3.29158178811528,1.3995846165794565,3.2782029430198407,1.470981458232678,5.330770794063251,2.96053069433086,0.6967346330655901,0.4488264770470426,4.702403634925856,2.32216105172036,0.5288819131868803,0.9648330593398567,5.937887772416553,2.8002633160652435,2.0928516763412572,2.6416209915654147,2.5036282966164674,1.8772146935395393,3.952875061355102,0.7707838594245111,0.5317042534210995,1.3896563032208995,1.6162307205426298,3.107978328303538,0.8139024833620166
56,1.321065743212987,5.0759461060372555,0.7416117812653056,1.0596477758297145,2.2037169084668635,0.32498981897838713,3.396096395951789,1.3570259105445994,1.0436957363483401,0.9848534773784546,2.129851989318104,3.456416032537809,0.963361724047847,0.5151277617406718,0.6870740040166772,3.0682387832736264,2.177051543432405,2.632982228024604,0.977320176297366,3.237868265131283,1.3944873723161253,3.3302543673643026,1.4548998382367166,5.248074700263102,2.9799883951574895,0.6991857548707068,0.448941422161194,4.5934914747944156,2.315195569356076,0.5137618751333307,1.0036364812124878,5.949263453686098,2.825121770660722,2.11432666097532,2.611330275118384,2.4671421571272663,1.9011881429435342,3.9869935332738518,0.7782319227500871,0.5618894330946512,1.4015665921180953,1.6098282911945998,3.0570931543102438,0.8089933745731355
57,1.2828333911499246,5.060861998994939,0.9155957822315486,1.0359966607558835,2.1428313814244704,0.29845990320914006,3.3333256598812677,1.3312190837394924,1.0260642601318768,0.9684347153967326,2.098404505291083,3.5213978084372495,0.9554844073277049,0.49486364994198434,0.702161196499393,3.0551321279089008,2.256867528244728,2.6113714011906275,0.9504898791521436,3.118866199744769,1.40721745955062,3.4219594394770643,1.4929111944518065,5.353381726544874,2.91960743534241,0.6819964625852429,0.4237982261616657,4.581176786580584,2.327710720793615,0.5247644329402072,1.1202976566336562,5.940569810539512,2.820352405403487,2.1297252133134936,2.53587214731975,2.4036517120306886,1.8765455307153494,4.0146011917093825,0.7344531408023087,0.5445834598760082,1.4331913145220712,1.6103806259178004,3.088259885360244,0.7935389313883561
58,1.2427417839193389,5.009544777513826,0.8546008956500373,1.0650386211119294,2.154053440248565,0.2986430648399178,3.324987323529225,1.3476396558021027,0.9914578843480406,0.9322152144241154,2.077355743713996,3.496739624877836,0.9404799050993314,0.4727647597108975,0.6871667011445985,2.9623072341437084,2.268586348940163,2.5843458055767337,0.9383177327530997,3.3368380527933743,1.370337342259597,3.3123681787593346,1.4837460865992698,5.273720863274102,2.919489649191088,0.6702791883257945,0.3965145093110046,4.679388883407186,2.2841269761727006,0.5454690778228067,1.0348837257716368,5.927793012133754,2.7619895551581815,2.1228630499656456,2.5619785911865494,2.4445066326371148,1.8536867267274038,3.9165809224085124,0.7268239222777443,0.5270353399319505,1.3801494033897936,1.574436574639456,3.07046875201483,0.7647626003327535
59,1.1743230682515746,4.939857253144082,0.5825399790338499,1.108014863174978,2.1405720853540036,0.2955754210180711,3.311355551362706,1.3795543740260616,0.983029032810655,0.9118804902557063,2.0643382547016835,3.5653798289438754,0.9271127934883495,0.43704517820616334,0.6596611529779814,2.999406975822496,2.287037360654159,2.578367859027713,0.9033384500779037,3.700565582503035,1.356725244905983,3.0190043928333608,1.4616212726410687,4.930226591123644,2.9307595293930566,0.6531407472460928,0.36648684178439894,4.757042141744411,2.212674755373978,0.5823273072648719,0.9238010491930005,5.830145433725603,2.7448125446477203,2.078887821019219,2.596621535663963,2.4862174825593675,1.807049319437103,3.7988269555526593,0.7263017595787122,0.5075481813475453,1.342322003969856,1.5841218676930329,3.1116026094526608,0.7538310078315686
60,1.094951417368319,4.873934930017957,0.5396976043670065,1.0945888759899196,2.0908069428970313,0.2960312811759334,3.2884462347548795,1.3709147717007022,0.9498281420271052,0.8725266998924552,2.0441565987242405,3.574675498996305,0.9173315924470079,0.40460814454046223,0.6374583548235774,2.8844774803539925,2.2565825415388012,2.522214517297743,0.8559705948310081,3.814783704741125,1.3202940685489801,2.861275163196534,1.4359806441901939,4.7214172252407405,2.920550880003704,0.6277159868646017,0.3287452782357829,4.716713653170792,2.138465159223106,0.5802275533091529,0.8973243368756281,5.808731103091788,2.723589208236,2.081535735347136,2.597391815019787,2.5423458048424368,1.7184641137427379,3.7054016634713562,0.7227522384837805,0.47538672279071514,1.3076359254818277,1.573127109033997,3.1297617233677317,0.7363926771414595
